figure,method,case,source,window_start_host_time_s,window_end_host_time_s,sample_index,time_s,forward_m,signed_error_cm,absolute_error_cm,velocity_m_s,model1_weight
pid_smc_fusion,pid,PID 第1段,/home/fins/Zhouyuheng_workspace/tracking_depth/depth-estimation-dev/output/pid_live_20260818_185403/pipeline_results.jsonl,1787050557.65,1787050577.65,0,0.04399824142456055,0.8412669254829883,-1.6367074517011693,1.6367074517011693,nan,nan
pid_smc_fusion,pid,PID 第1段,/home/fins/Zhouyuheng_workspace/tracking_depth/depth-estimation-dev/output/pid_live_20260818_185403/pipeline_results.jsonl,1787050557.65,1787050577.65,1,0.14914155006408691,0.8414015299318358,-1.6232470068164195,1.6232470068164195,nan,nan
pid_smc_fusion,pid,PID 第1段,/home/fins/Zhouyuheng_workspace/tracking_depth/depth-estimation-dev/output/pid_live_20260818_185403/pipeline_results.jsonl,1787050557.65,1787050577.65,2,0.24650883674621582,0.8415189875360489,-1.6115012463951084,1.6115012463951084,nan,nan
pid_smc_fusion,pid,PID 第1段,/home/fins/Zhouyuheng_workspace/tracking_depth/depth-estimation-dev/output/pid_live_20260818_185403/pipeline_results.jsonl,1787050557.65,1787050577.65,3,0.3490934371948242,0.8416551429080994,-1.5978857091900611,1.5978857091900611,nan,nan
pid_smc_fusion,pid,PID 第1段,/home/fins/Zhouyuheng_workspace/tracking_depth/depth-estimation-dev/output/pid_live_20260818_185403/pipeline_results.jsonl,1787050557.65,1787050577.65,4,0.45371150970458984,0.8497926676785197,-0.7841332321480321,0.7841332321480321,nan,nan
pid_smc_fusion,pid,PID 第1段,/home/fins/Zhouyuheng_workspace/tracking_depth/depth-estimation-dev/output/pid_live_20260818_185403/pipeline_results.jsonl,1787050557.65,1787050577.65,5,0.5508904457092285,0.850131629332969,-0.7502370667030966,0.7502370667030966,nan,nan
pid_smc_fusion,pid,PID 第1段,/home/fins/Zhouyuheng_workspace/tracking_depth/depth-estimation-dev/output/pid_live_20260818_185403/pipeline_results.jsonl,1787050557.65,1787050577.65,6,0.652681827545166,0.850598614513834,-0.7035385486166001,0.7035385486166001,nan,nan
pid_smc_fusion,pid,PID 第1段,/home/fins/Zhouyuheng_workspace/tracking_depth/depth-estimation-dev/output/pid_live_20260818_185403/pipeline_results.jsonl,1787050557.65,1787050577.65,7,0.7554855346679688,0.8509166564494162,-0.6717343550583843,0.6717343550583843,nan,nan
pid_smc_fusion,pid,PID 第1段,/home/fins/Zhouyuheng_workspace/tracking_depth/depth-estimation-dev/output/pid_live_20260818_185403/pipeline_results.jsonl,1787050557.65,1787050577.65,8,0.8571672439575195,0.8483314837009557,-0.9302516299044328,0.9302516299044328,nan,nan
pid_smc_fusion,pid,PID 第1段,/home/fins/Zhouyuheng_workspace/tracking_depth/depth-estimation-dev/output/pid_live_20260818_185403/pipeline_results.jsonl,1787050557.65,1787050577.65,9,0.9585788249969482,0.8484456659352537,-0.9188334064746284,0.9188334064746284,nan,nan
pid_smc_fusion,pid,PID 第1段,/home/fins/Zhouyuheng_workspace/tracking_depth/depth-estimation-dev/output/pid_live_20260818_185403/pipeline_results.jsonl,1787050557.65,1787050577.65,10,1.0580832958221436,0.8485931506723565,-0.9040849327643485,0.9040849327643485,nan,nan
pid_smc_fusion,pid,PID 第1段,/home/fins/Zhouyuheng_workspace/tracking_depth/depth-estimation-dev/output/pid_live_20260818_185403/pipeline_results.jsonl,1787050557.65,1787050577.65,11,1.160740852355957,0.8485401882098076,-0.9093811790192419,0.9093811790192419,nan,nan
pid_smc_fusion,pid,PID 第1段,/home/fins/Zhouyuheng_workspace/tracking_depth/depth-estimation-dev/output/pid_live_20260818_185403/pipeline_results.jsonl,1787050557.65,1787050577.65,12,1.2636735439300537,0.8570940192479166,-0.0539980752083391,0.0539980752083391,nan,nan
pid_smc_fusion,pid,PID 第1段,/home/fins/Zhouyuheng_workspace/tracking_depth/depth-estimation-dev/output/pid_live_20260818_185403/pipeline_results.jsonl,1787050557.65,1787050577.65,13,1.3617455959320068,0.8569718624799063,-0.06621375200936974,0.06621375200936974,nan,nan
pid_smc_fusion,pid,PID 第1段,/home/fins/Zhouyuheng_workspace/tracking_depth/depth-estimation-dev/output/pid_live_20260818_185403/pipeline_results.jsonl,1787050557.65,1787050577.65,14,1.465357780456543,0.8569152339291866,-0.0718766070813448,0.0718766070813448,nan,nan
pid_smc_fusion,pid,PID 第1段,/home/fins/Zhouyuheng_workspace/tracking_depth/depth-estimation-dev/output/pid_live_20260818_185403/pipeline_results.jsonl,1787050557.65,1787050577.65,15,1.565535068511963,0.8567159616520368,-0.09180383479632237,0.09180383479632237,nan,nan
pid_smc_fusion,pid,PID 第1段,/home/fins/Zhouyuheng_workspace/tracking_depth/depth-estimation-dev/output/pid_live_20260818_185403/pipeline_results.jsonl,1787050557.65,1787050577.65,16,1.6644721031188965,0.860791991032865,0.31579910328649596,0.31579910328649596,nan,nan
pid_smc_fusion,pid,PID 第1段,/home/fins/Zhouyuheng_workspace/tracking_depth/depth-estimation-dev/output/pid_live_20260818_185403/pipeline_results.jsonl,1787050557.65,1787050577.65,17,1.7716259956359863,0.8607355143818185,0.3101514381818493,0.3101514381818493,nan,nan
pid_smc_fusion,pid,PID 第1段,/home/fins/Zhouyuheng_workspace/tracking_depth/depth-estimation-dev/output/pid_live_20260818_185403/pipeline_results.jsonl,1787050557.65,1787050577.65,18,1.8692700862884521,0.860671075795967,0.30370757959670147,0.30370757959670147,nan,nan
pid_smc_fusion,pid,PID 第1段,/home/fins/Zhouyuheng_workspace/tracking_depth/depth-estimation-dev/output/pid_live_20260818_185403/pipeline_results.jsonl,1787050557.65,1787050577.65,19,1.969541072845459,0.8605588740618602,0.292487406186015,0.292487406186015,nan,nan
pid_smc_fusion,pid,PID 第1段,/home/fins/Zhouyuheng_workspace/tracking_depth/depth-estimation-dev/output/pid_live_20260818_185403/pipeline_results.jsonl,1787050557.65,1787050577.65,20,2.073917865753174,0.8525340519153624,-0.5099948084637651,0.5099948084637651,nan,nan
pid_smc_fusion,pid,PID 第1段,/home/fins/Zhouyuheng_workspace/tracking_depth/depth-estimation-dev/output/pid_live_20260818_185403/pipeline_results.jsonl,1787050557.65,1787050577.65,21,2.1748528480529785,0.8525639580873139,-0.5070041912686118,0.5070041912686118,nan,nan
pid_smc_fusion,pid,PID 第1段,/home/fins/Zhouyuheng_workspace/tracking_depth/depth-estimation-dev/output/pid_live_20260818_185403/pipeline_results.jsonl,1787050557.65,1787050577.65,22,2.2722771167755127,0.8528189854666777,-0.4815014533322337,0.4815014533322337,nan,nan
pid_smc_fusion,pid,PID 第1段,/home/fins/Zhouyuheng_workspace/tracking_depth/depth-estimation-dev/output/pid_live_20260818_185403/pipeline_results.jsonl,1787050557.65,1787050577.65,23,2.37846302986145,0.8536008799176831,-0.4033120082316932,0.4033120082316932,nan,nan
pid_smc_fusion,pid,PID 第1段,/home/fins/Zhouyuheng_workspace/tracking_depth/depth-estimation-dev/output/pid_live_20260818_185403/pipeline_results.jsonl,1787050557.65,1787050577.65,24,2.4785878658294678,0.8690911222940376,1.1457122294037614,1.1457122294037614,nan,nan
pid_smc_fusion,pid,PID 第1段,/home/fins/Zhouyuheng_workspace/tracking_depth/depth-estimation-dev/output/pid_live_20260818_185403/pipeline_results.jsonl,1787050557.65,1787050577.65,25,2.577817916870117,0.8701668796947413,1.2532879694741261,1.2532879694741261,nan,nan
pid_smc_fusion,pid,PID 第1段,/home/fins/Zhouyuheng_workspace/tracking_depth/depth-estimation-dev/output/pid_live_20260818_185403/pipeline_results.jsonl,1787050557.65,1787050577.65,26,2.681410312652588,0.871611813412779,1.3977813412779039,1.3977813412779039,nan,nan
pid_smc_fusion,pid,PID 第1段,/home/fins/Zhouyuheng_workspace/tracking_depth/depth-estimation-dev/output/pid_live_20260818_185403/pipeline_results.jsonl,1787050557.65,1787050577.65,27,2.784665822982788,0.8726073625144495,1.4973362514449473,1.4973362514449473,nan,nan
pid_smc_fusion,pid,PID 第1段,/home/fins/Zhouyuheng_workspace/tracking_depth/depth-estimation-dev/output/pid_live_20260818_185403/pipeline_results.jsonl,1787050557.65,1787050577.65,28,2.8846781253814697,0.8997754871361308,4.214148713613075,4.214148713613075,nan,nan
pid_smc_fusion,pid,PID 第1段,/home/fins/Zhouyuheng_workspace/tracking_depth/depth-estimation-dev/output/pid_live_20260818_185403/pipeline_results.jsonl,1787050557.65,1787050577.65,29,2.9854743480682373,0.9011425114169846,4.350851141698464,4.350851141698464,nan,nan
pid_smc_fusion,pid,PID 第1段,/home/fins/Zhouyuheng_workspace/tracking_depth/depth-estimation-dev/output/pid_live_20260818_185403/pipeline_results.jsonl,1787050557.65,1787050577.65,30,3.085702896118164,0.9022011378682684,4.456713786826838,4.456713786826838,nan,nan
pid_smc_fusion,pid,PID 第1段,/home/fins/Zhouyuheng_workspace/tracking_depth/depth-estimation-dev/output/pid_live_20260818_185403/pipeline_results.jsonl,1787050557.65,1787050577.65,31,3.1880247592926025,0.9030382162896022,4.540421628960223,4.540421628960223,nan,nan
pid_smc_fusion,pid,PID 第1段,/home/fins/Zhouyuheng_workspace/tracking_depth/depth-estimation-dev/output/pid_live_20260818_185403/pipeline_results.jsonl,1787050557.65,1787050577.65,32,3.2840287685394287,0.929922622438101,7.228862243810097,7.228862243810097,nan,nan
pid_smc_fusion,pid,PID 第1段,/home/fins/Zhouyuheng_workspace/tracking_depth/depth-estimation-dev/output/pid_live_20260818_185403/pipeline_results.jsonl,1787050557.65,1787050577.65,33,3.389500856399536,0.9304400046092607,7.280600460926068,7.280600460926068,nan,nan
pid_smc_fusion,pid,PID 第1段,/home/fins/Zhouyuheng_workspace/tracking_depth/depth-estimation-dev/output/pid_live_20260818_185403/pipeline_results.jsonl,1787050557.65,1787050577.65,34,3.4891698360443115,0.9306155460144243,7.29815460144243,7.29815460144243,nan,nan
pid_smc_fusion,pid,PID 第1段,/home/fins/Zhouyuheng_workspace/tracking_depth/depth-estimation-dev/output/pid_live_20260818_185403/pipeline_results.jsonl,1787050557.65,1787050577.65,35,3.588143825531006,0.9304705928250663,7.283659282506627,7.283659282506627,nan,nan
pid_smc_fusion,pid,PID 第1段,/home/fins/Zhouyuheng_workspace/tracking_depth/depth-estimation-dev/output/pid_live_20260818_185403/pipeline_results.jsonl,1787050557.65,1787050577.65,36,3.6948821544647217,0.9480185072459038,9.038450724590374,9.038450724590374,nan,nan
pid_smc_fusion,pid,PID 第1段,/home/fins/Zhouyuheng_workspace/tracking_depth/depth-estimation-dev/output/pid_live_20260818_185403/pipeline_results.jsonl,1787050557.65,1787050577.65,37,3.7925782203674316,0.9477828179404577,9.01488179404577,9.01488179404577,nan,nan
pid_smc_fusion,pid,PID 第1段,/home/fins/Zhouyuheng_workspace/tracking_depth/depth-estimation-dev/output/pid_live_20260818_185403/pipeline_results.jsonl,1787050557.65,1787050577.65,38,3.8942718505859375,0.9474044203968539,8.97704203968539,8.97704203968539,nan,nan
pid_smc_fusion,pid,PID 第1段,/home/fins/Zhouyuheng_workspace/tracking_depth/depth-estimation-dev/output/pid_live_20260818_185403/pipeline_results.jsonl,1787050557.65,1787050577.65,39,3.9953646659851074,0.9467030908541967,8.906909085419667,8.906909085419667,nan,nan
pid_smc_fusion,pid,PID 第1段,/home/fins/Zhouyuheng_workspace/tracking_depth/depth-estimation-dev/output/pid_live_20260818_185403/pipeline_results.jsonl,1787050557.65,1787050577.65,40,4.096945762634277,0.9483611852748925,9.072718527489254,9.072718527489254,nan,nan
pid_smc_fusion,pid,PID 第1段,/home/fins/Zhouyuheng_workspace/tracking_depth/depth-estimation-dev/output/pid_live_20260818_185403/pipeline_results.jsonl,1787050557.65,1787050577.65,41,4.196187973022461,0.9476580600642599,9.00240600642599,9.00240600642599,nan,nan
pid_smc_fusion,pid,PID 第1段,/home/fins/Zhouyuheng_workspace/tracking_depth/depth-estimation-dev/output/pid_live_20260818_185403/pipeline_results.jsonl,1787050557.65,1787050577.65,42,4.307807445526123,0.9467777567975446,8.91437567975446,8.91437567975446,nan,nan
pid_smc_fusion,pid,PID 第1段,/home/fins/Zhouyuheng_workspace/tracking_depth/depth-estimation-dev/output/pid_live_20260818_185403/pipeline_results.jsonl,1787050557.65,1787050577.65,43,4.401071071624756,0.9457046907848752,8.807069078487517,8.807069078487517,nan,nan
pid_smc_fusion,pid,PID 第1段,/home/fins/Zhouyuheng_workspace/tracking_depth/depth-estimation-dev/output/pid_live_20260818_185403/pipeline_results.jsonl,1787050557.65,1787050577.65,44,4.504213094711304,0.9224506808490418,6.48166808490418,6.48166808490418,nan,nan
pid_smc_fusion,pid,PID 第1段,/home/fins/Zhouyuheng_workspace/tracking_depth/depth-estimation-dev/output/pid_live_20260818_185403/pipeline_results.jsonl,1787050557.65,1787050577.65,45,4.605036973953247,0.9211332935028262,6.349929350282624,6.349929350282624,nan,nan
pid_smc_fusion,pid,PID 第1段,/home/fins/Zhouyuheng_workspace/tracking_depth/depth-estimation-dev/output/pid_live_20260818_185403/pipeline_results.jsonl,1787050557.65,1787050577.65,46,4.7106499671936035,0.9196773352368828,6.204333523688277,6.204333523688277,nan,nan
pid_smc_fusion,pid,PID 第1段,/home/fins/Zhouyuheng_workspace/tracking_depth/depth-estimation-dev/output/pid_live_20260818_185403/pipeline_results.jsonl,1787050557.65,1787050577.65,47,4.8052709102630615,0.9188301144392752,6.1196114439275195,6.1196114439275195,nan,nan
pid_smc_fusion,pid,PID 第1段,/home/fins/Zhouyuheng_workspace/tracking_depth/depth-estimation-dev/output/pid_live_20260818_185403/pipeline_results.jsonl,1787050557.65,1787050577.65,48,4.909564018249512,0.8559388273591864,-0.1695172640813647,0.1695172640813647,nan,nan
pid_smc_fusion,pid,PID 第1段,/home/fins/Zhouyuheng_workspace/tracking_depth/depth-estimation-dev/output/pid_live_20260818_185403/pipeline_results.jsonl,1787050557.65,1787050577.65,49,5.008578777313232,0.8552148800228796,-0.24191199771204097,0.24191199771204097,nan,nan
pid_smc_fusion,pid,PID 第1段,/home/fins/Zhouyuheng_workspace/tracking_depth/depth-estimation-dev/output/pid_live_20260818_185403/pipeline_results.jsonl,1787050557.65,1787050577.65,50,5.107076406478882,0.8550239099301808,-0.261009006981916,0.261009006981916,nan,nan
pid_smc_fusion,pid,PID 第1段,/home/fins/Zhouyuheng_workspace/tracking_depth/depth-estimation-dev/output/pid_live_20260818_185403/pipeline_results.jsonl,1787050557.65,1787050577.65,51,5.208821058273315,0.8552546939232759,-0.2379306076724097,0.2379306076724097,nan,nan
pid_smc_fusion,pid,PID 第1段,/home/fins/Zhouyuheng_workspace/tracking_depth/depth-estimation-dev/output/pid_live_20260818_185403/pipeline_results.jsonl,1787050557.65,1787050577.65,52,5.315958738327026,0.7982998631484919,-5.933413685150812,5.933413685150812,nan,nan
pid_smc_fusion,pid,PID 第1段,/home/fins/Zhouyuheng_workspace/tracking_depth/depth-estimation-dev/output/pid_live_20260818_185403/pipeline_results.jsonl,1787050557.65,1787050577.65,53,5.416720867156982,0.7971026368576697,-6.053136314233032,6.053136314233032,nan,nan
pid_smc_fusion,pid,PID 第1段,/home/fins/Zhouyuheng_workspace/tracking_depth/depth-estimation-dev/output/pid_live_20260818_185403/pipeline_results.jsonl,1787050557.65,1787050577.65,54,5.512836456298828,0.7963213930472397,-6.131260695276031,6.131260695276031,nan,nan
pid_smc_fusion,pid,PID 第1段,/home/fins/Zhouyuheng_workspace/tracking_depth/depth-estimation-dev/output/pid_live_20260818_185403/pipeline_results.jsonl,1787050557.65,1787050577.65,55,5.617793083190918,0.795499024242021,-6.213497575797899,6.213497575797899,nan,nan
pid_smc_fusion,pid,PID 第1段,/home/fins/Zhouyuheng_workspace/tracking_depth/depth-estimation-dev/output/pid_live_20260818_185403/pipeline_results.jsonl,1787050557.65,1787050577.65,56,5.717535018920898,0.739610648023244,-11.802335197675596,11.802335197675596,nan,nan
pid_smc_fusion,pid,PID 第1段,/home/fins/Zhouyuheng_workspace/tracking_depth/depth-estimation-dev/output/pid_live_20260818_185403/pipeline_results.jsonl,1787050557.65,1787050577.65,57,5.821505546569824,0.7397373446906507,-11.789665530934935,11.789665530934935,nan,nan
pid_smc_fusion,pid,PID 第1段,/home/fins/Zhouyuheng_workspace/tracking_depth/depth-estimation-dev/output/pid_live_20260818_185403/pipeline_results.jsonl,1787050557.65,1787050577.65,58,5.924749851226807,0.7398552769016511,-11.77787230983489,11.77787230983489,nan,nan
pid_smc_fusion,pid,PID 第1段,/home/fins/Zhouyuheng_workspace/tracking_depth/depth-estimation-dev/output/pid_live_20260818_185403/pipeline_results.jsonl,1787050557.65,1787050577.65,59,6.022775173187256,0.7401722523246631,-11.74617476753369,11.74617476753369,nan,nan
pid_smc_fusion,pid,PID 第1段,/home/fins/Zhouyuheng_workspace/tracking_depth/depth-estimation-dev/output/pid_live_20260818_185403/pipeline_results.jsonl,1787050557.65,1787050577.65,60,6.124000072479248,0.7143316057375323,-14.330239426246772,14.330239426246772,nan,nan
pid_smc_fusion,pid,PID 第1段,/home/fins/Zhouyuheng_workspace/tracking_depth/depth-estimation-dev/output/pid_live_20260818_185403/pipeline_results.jsonl,1787050557.65,1787050577.65,61,6.2277820110321045,0.7142699693015366,-14.336403069846337,14.336403069846337,nan,nan
pid_smc_fusion,pid,PID 第1段,/home/fins/Zhouyuheng_workspace/tracking_depth/depth-estimation-dev/output/pid_live_20260818_185403/pipeline_results.jsonl,1787050557.65,1787050577.65,62,6.324946403503418,0.7140096389452182,-14.362436105478182,14.362436105478182,nan,nan
pid_smc_fusion,pid,PID 第1段,/home/fins/Zhouyuheng_workspace/tracking_depth/depth-estimation-dev/output/pid_live_20260818_185403/pipeline_results.jsonl,1787050557.65,1787050577.65,63,6.4271697998046875,0.7137006260095928,-14.393337399040718,14.393337399040718,nan,nan
pid_smc_fusion,pid,PID 第1段,/home/fins/Zhouyuheng_workspace/tracking_depth/depth-estimation-dev/output/pid_live_20260818_185403/pipeline_results.jsonl,1787050557.65,1787050577.65,64,6.5282204151153564,0.7221643362517691,-13.54696637482309,13.54696637482309,nan,nan
pid_smc_fusion,pid,PID 第1段,/home/fins/Zhouyuheng_workspace/tracking_depth/depth-estimation-dev/output/pid_live_20260818_185403/pipeline_results.jsonl,1787050557.65,1787050577.65,65,6.628929138183594,0.7222464425198678,-13.53875574801322,13.53875574801322,nan,nan
pid_smc_fusion,pid,PID 第1段,/home/fins/Zhouyuheng_workspace/tracking_depth/depth-estimation-dev/output/pid_live_20260818_185403/pipeline_results.jsonl,1787050557.65,1787050577.65,66,6.72817063331604,0.7222797741015032,-13.535422589849677,13.535422589849677,nan,nan
pid_smc_fusion,pid,PID 第1段,/home/fins/Zhouyuheng_workspace/tracking_depth/depth-estimation-dev/output/pid_live_20260818_185403/pipeline_results.jsonl,1787050557.65,1787050577.65,67,6.831399440765381,0.7219546025216859,-13.567939747831414,13.567939747831414,nan,nan
pid_smc_fusion,pid,PID 第1段,/home/fins/Zhouyuheng_workspace/tracking_depth/depth-estimation-dev/output/pid_live_20260818_185403/pipeline_results.jsonl,1787050557.65,1787050577.65,68,6.940874814987183,0.7737606238787436,-8.387337612125645,8.387337612125645,nan,nan
pid_smc_fusion,pid,PID 第1段,/home/fins/Zhouyuheng_workspace/tracking_depth/depth-estimation-dev/output/pid_live_20260818_185403/pipeline_results.jsonl,1787050557.65,1787050577.65,69,7.0333428382873535,0.7740687819183971,-8.356521808160288,8.356521808160288,nan,nan
pid_smc_fusion,pid,PID 第1段,/home/fins/Zhouyuheng_workspace/tracking_depth/depth-estimation-dev/output/pid_live_20260818_185403/pipeline_results.jsonl,1787050557.65,1787050577.65,70,7.137294769287109,0.7742848694946309,-8.334913050536908,8.334913050536908,nan,nan
pid_smc_fusion,pid,PID 第1段,/home/fins/Zhouyuheng_workspace/tracking_depth/depth-estimation-dev/output/pid_live_20260818_185403/pipeline_results.jsonl,1787050557.65,1787050577.65,71,7.235225200653076,0.7746347754798542,-8.299922452014584,8.299922452014584,nan,nan
pid_smc_fusion,pid,PID 第1段,/home/fins/Zhouyuheng_workspace/tracking_depth/depth-estimation-dev/output/pid_live_20260818_185403/pipeline_results.jsonl,1787050557.65,1787050577.65,72,7.336202621459961,0.8340837099778942,-2.3550290022105846,2.3550290022105846,nan,nan
pid_smc_fusion,pid,PID 第1段,/home/fins/Zhouyuheng_workspace/tracking_depth/depth-estimation-dev/output/pid_live_20260818_185403/pipeline_results.jsonl,1787050557.65,1787050577.65,73,7.448548316955566,0.8342026840498615,-2.3431315950138476,2.3431315950138476,nan,nan
pid_smc_fusion,pid,PID 第1段,/home/fins/Zhouyuheng_workspace/tracking_depth/depth-estimation-dev/output/pid_live_20260818_185403/pipeline_results.jsonl,1787050557.65,1787050577.65,74,7.542422294616699,0.8342269475788175,-2.340705242118246,2.340705242118246,nan,nan
pid_smc_fusion,pid,PID 第1段,/home/fins/Zhouyuheng_workspace/tracking_depth/depth-estimation-dev/output/pid_live_20260818_185403/pipeline_results.jsonl,1787050557.65,1787050577.65,75,7.64020562171936,0.83383193613692,-2.3802063863080036,2.3802063863080036,nan,nan
pid_smc_fusion,pid,PID 第1段,/home/fins/Zhouyuheng_workspace/tracking_depth/depth-estimation-dev/output/pid_live_20260818_185403/pipeline_results.jsonl,1787050557.65,1787050577.65,76,7.743875026702881,0.879425790370874,2.1791790370873976,2.1791790370873976,nan,nan
pid_smc_fusion,pid,PID 第1段,/home/fins/Zhouyuheng_workspace/tracking_depth/depth-estimation-dev/output/pid_live_20260818_185403/pipeline_results.jsonl,1787050557.65,1787050577.65,77,7.847964286804199,0.8792413871498974,2.1607387149897406,2.1607387149897406,nan,nan
pid_smc_fusion,pid,PID 第1段,/home/fins/Zhouyuheng_workspace/tracking_depth/depth-estimation-dev/output/pid_live_20260818_185403/pipeline_results.jsonl,1787050557.65,1787050577.65,78,7.949955463409424,0.8787431129328171,2.1109112932817142,2.1109112932817142,nan,nan
pid_smc_fusion,pid,PID 第1段,/home/fins/Zhouyuheng_workspace/tracking_depth/depth-estimation-dev/output/pid_live_20260818_185403/pipeline_results.jsonl,1787050557.65,1787050577.65,79,8.050895929336548,0.878350901471286,2.071690147128602,2.071690147128602,nan,nan
pid_smc_fusion,pid,PID 第1段,/home/fins/Zhouyuheng_workspace/tracking_depth/depth-estimation-dev/output/pid_live_20260818_185403/pipeline_results.jsonl,1787050557.65,1787050577.65,80,8.153020143508911,0.9374214568578065,7.978745685780653,7.978745685780653,nan,nan
pid_smc_fusion,pid,PID 第1段,/home/fins/Zhouyuheng_workspace/tracking_depth/depth-estimation-dev/output/pid_live_20260818_185403/pipeline_results.jsonl,1787050557.65,1787050577.65,81,8.247905015945435,0.9371093004910573,7.947530049105733,7.947530049105733,nan,nan
pid_smc_fusion,pid,PID 第1段,/home/fins/Zhouyuheng_workspace/tracking_depth/depth-estimation-dev/output/pid_live_20260818_185403/pipeline_results.jsonl,1787050557.65,1787050577.65,82,8.349004745483398,0.9367819058755491,7.91479058755491,7.91479058755491,nan,nan
pid_smc_fusion,pid,PID 第1段,/home/fins/Zhouyuheng_workspace/tracking_depth/depth-estimation-dev/output/pid_live_20260818_185403/pipeline_results.jsonl,1787050557.65,1787050577.65,83,8.463273525238037,0.9363600561567667,7.872605615676664,7.872605615676664,nan,nan
pid_smc_fusion,pid,PID 第1段,/home/fins/Zhouyuheng_workspace/tracking_depth/depth-estimation-dev/output/pid_live_20260818_185403/pipeline_results.jsonl,1787050557.65,1787050577.65,84,8.554556608200073,0.9436416674899495,8.600766748994948,8.600766748994948,nan,nan
pid_smc_fusion,pid,PID 第1段,/home/fins/Zhouyuheng_workspace/tracking_depth/depth-estimation-dev/output/pid_live_20260818_185403/pipeline_results.jsonl,1787050557.65,1787050577.65,85,8.65462040901184,0.9447190266005099,8.708502660050987,8.708502660050987,nan,nan
pid_smc_fusion,pid,PID 第1段,/home/fins/Zhouyuheng_workspace/tracking_depth/depth-estimation-dev/output/pid_live_20260818_185403/pipeline_results.jsonl,1787050557.65,1787050577.65,86,8.762364864349365,0.9458071277500233,8.817312775002328,8.817312775002328,nan,nan
pid_smc_fusion,pid,PID 第1段,/home/fins/Zhouyuheng_workspace/tracking_depth/depth-estimation-dev/output/pid_live_20260818_185403/pipeline_results.jsonl,1787050557.65,1787050577.65,87,8.856189966201782,0.9468256615656467,8.919166156564673,8.919166156564673,nan,nan
pid_smc_fusion,pid,PID 第1段,/home/fins/Zhouyuheng_workspace/tracking_depth/depth-estimation-dev/output/pid_live_20260818_185403/pipeline_results.jsonl,1787050557.65,1787050577.65,88,8.966894388198853,0.9387417613422651,8.110776134226505,8.110776134226505,nan,nan
pid_smc_fusion,pid,PID 第1段,/home/fins/Zhouyuheng_workspace/tracking_depth/depth-estimation-dev/output/pid_live_20260818_185403/pipeline_results.jsonl,1787050557.65,1787050577.65,89,9.061948776245117,0.9391767471084655,8.154274710846554,8.154274710846554,nan,nan
pid_smc_fusion,pid,PID 第1段,/home/fins/Zhouyuheng_workspace/tracking_depth/depth-estimation-dev/output/pid_live_20260818_185403/pipeline_results.jsonl,1787050557.65,1787050577.65,90,9.162416934967041,0.9397025692535645,8.206856925356455,8.206856925356455,nan,nan
pid_smc_fusion,pid,PID 第1段,/home/fins/Zhouyuheng_workspace/tracking_depth/depth-estimation-dev/output/pid_live_20260818_185403/pipeline_results.jsonl,1787050557.65,1787050577.65,91,9.267060279846191,0.9402772774853607,8.264327748536072,8.264327748536072,nan,nan
pid_smc_fusion,pid,PID 第1段,/home/fins/Zhouyuheng_workspace/tracking_depth/depth-estimation-dev/output/pid_live_20260818_185403/pipeline_results.jsonl,1787050557.65,1787050577.65,92,9.361054420471191,0.9026708298728829,4.503682987288293,4.503682987288293,nan,nan
pid_smc_fusion,pid,PID 第1段,/home/fins/Zhouyuheng_workspace/tracking_depth/depth-estimation-dev/output/pid_live_20260818_185403/pipeline_results.jsonl,1787050557.65,1787050577.65,93,9.473694086074829,0.9028640050216907,4.523000502169072,4.523000502169072,nan,nan
pid_smc_fusion,pid,PID 第1段,/home/fins/Zhouyuheng_workspace/tracking_depth/depth-estimation-dev/output/pid_live_20260818_185403/pipeline_results.jsonl,1787050557.65,1787050577.65,94,9.564759731292725,0.9031758106048544,4.5541810604854405,4.5541810604854405,nan,nan
pid_smc_fusion,pid,PID 第1段,/home/fins/Zhouyuheng_workspace/tracking_depth/depth-estimation-dev/output/pid_live_20260818_185403/pipeline_results.jsonl,1787050557.65,1787050577.65,95,9.664415836334229,0.9035668246787452,4.593282467874515,4.593282467874515,nan,nan
pid_smc_fusion,pid,PID 第1段,/home/fins/Zhouyuheng_workspace/tracking_depth/depth-estimation-dev/output/pid_live_20260818_185403/pipeline_results.jsonl,1787050557.65,1787050577.65,96,9.770033597946167,0.8754599457841488,1.7825945784148756,1.7825945784148756,nan,nan
pid_smc_fusion,pid,PID 第1段,/home/fins/Zhouyuheng_workspace/tracking_depth/depth-estimation-dev/output/pid_live_20260818_185403/pipeline_results.jsonl,1787050557.65,1787050577.65,97,9.869142770767212,0.8753998773011593,1.7765877301159305,1.7765877301159305,nan,nan
pid_smc_fusion,pid,PID 第1段,/home/fins/Zhouyuheng_workspace/tracking_depth/depth-estimation-dev/output/pid_live_20260818_185403/pipeline_results.jsonl,1787050557.65,1787050577.65,98,9.974225759506226,0.8754877877500624,1.785378775006241,1.785378775006241,nan,nan
pid_smc_fusion,pid,PID 第1段,/home/fins/Zhouyuheng_workspace/tracking_depth/depth-estimation-dev/output/pid_live_20260818_185403/pipeline_results.jsonl,1787050557.65,1787050577.65,99,10.0792875289917,0.8756422759746965,1.8008275974696453,1.8008275974696453,nan,nan
pid_smc_fusion,pid,PID 第1段,/home/fins/Zhouyuheng_workspace/tracking_depth/depth-estimation-dev/output/pid_live_20260818_185403/pipeline_results.jsonl,1787050557.65,1787050577.65,100,10.172903060913086,0.8496441275307218,-0.7989872469278181,0.7989872469278181,nan,nan
pid_smc_fusion,pid,PID 第1段,/home/fins/Zhouyuheng_workspace/tracking_depth/depth-estimation-dev/output/pid_live_20260818_185403/pipeline_results.jsonl,1787050557.65,1787050577.65,101,10.272599697113037,0.8494172342546098,-0.8216765745390209,0.8216765745390209,nan,nan
pid_smc_fusion,pid,PID 第1段,/home/fins/Zhouyuheng_workspace/tracking_depth/depth-estimation-dev/output/pid_live_20260818_185403/pipeline_results.jsonl,1787050557.65,1787050577.65,102,10.378588199615479,0.8493012250457668,-0.8332774954233235,0.8332774954233235,nan,nan
pid_smc_fusion,pid,PID 第1段,/home/fins/Zhouyuheng_workspace/tracking_depth/depth-estimation-dev/output/pid_live_20260818_185403/pipeline_results.jsonl,1787050557.65,1787050577.65,103,10.481809616088867,0.8492501788111442,-0.8383821188855833,0.8383821188855833,nan,nan
pid_smc_fusion,pid,PID 第1段,/home/fins/Zhouyuheng_workspace/tracking_depth/depth-estimation-dev/output/pid_live_20260818_185403/pipeline_results.jsonl,1787050557.65,1787050577.65,104,10.577527284622192,0.8085341855155193,-4.909981448448075,4.909981448448075,nan,nan
pid_smc_fusion,pid,PID 第1段,/home/fins/Zhouyuheng_workspace/tracking_depth/depth-estimation-dev/output/pid_live_20260818_185403/pipeline_results.jsonl,1787050557.65,1787050577.65,105,10.68233036994934,0.8084629726484791,-4.91710273515209,4.91710273515209,nan,nan
pid_smc_fusion,pid,PID 第1段,/home/fins/Zhouyuheng_workspace/tracking_depth/depth-estimation-dev/output/pid_live_20260818_185403/pipeline_results.jsonl,1787050557.65,1787050577.65,106,10.786691188812256,0.808496887237288,-4.913711276271204,4.913711276271204,nan,nan
pid_smc_fusion,pid,PID 第1段,/home/fins/Zhouyuheng_workspace/tracking_depth/depth-estimation-dev/output/pid_live_20260818_185403/pipeline_results.jsonl,1787050557.65,1787050577.65,107,10.881055116653442,0.808620562237192,-4.901343776280798,4.901343776280798,nan,nan
pid_smc_fusion,pid,PID 第1段,/home/fins/Zhouyuheng_workspace/tracking_depth/depth-estimation-dev/output/pid_live_20260818_185403/pipeline_results.jsonl,1787050557.65,1787050577.65,108,10.99373483657837,0.7937392049379981,-6.389479506200191,6.389479506200191,nan,nan
pid_smc_fusion,pid,PID 第1段,/home/fins/Zhouyuheng_workspace/tracking_depth/depth-estimation-dev/output/pid_live_20260818_185403/pipeline_results.jsonl,1787050557.65,1787050577.65,109,11.084457874298096,0.7938137793497293,-6.382022065027071,6.382022065027071,nan,nan
pid_smc_fusion,pid,PID 第1段,/home/fins/Zhouyuheng_workspace/tracking_depth/depth-estimation-dev/output/pid_live_20260818_185403/pipeline_results.jsonl,1787050557.65,1787050577.65,110,11.184608459472656,0.7938083287073561,-6.382567129264394,6.382567129264394,nan,nan
pid_smc_fusion,pid,PID 第1段,/home/fins/Zhouyuheng_workspace/tracking_depth/depth-estimation-dev/output/pid_live_20260818_185403/pipeline_results.jsonl,1787050557.65,1787050577.65,111,11.284955978393555,0.7937889203124568,-6.384507968754316,6.384507968754316,nan,nan
pid_smc_fusion,pid,PID 第1段,/home/fins/Zhouyuheng_workspace/tracking_depth/depth-estimation-dev/output/pid_live_20260818_185403/pipeline_results.jsonl,1787050557.65,1787050577.65,112,11.38780426979065,0.7905674611245617,-6.706653887543834,6.706653887543834,nan,nan
pid_smc_fusion,pid,PID 第1段,/home/fins/Zhouyuheng_workspace/tracking_depth/depth-estimation-dev/output/pid_live_20260818_185403/pipeline_results.jsonl,1787050557.65,1787050577.65,113,11.4976487159729,0.7904482428972162,-6.718575710278385,6.718575710278385,nan,nan
pid_smc_fusion,pid,PID 第1段,/home/fins/Zhouyuheng_workspace/tracking_depth/depth-estimation-dev/output/pid_live_20260818_185403/pipeline_results.jsonl,1787050557.65,1787050577.65,114,11.588086605072021,0.790126116186548,-6.750788381345196,6.750788381345196,nan,nan
pid_smc_fusion,pid,PID 第1段,/home/fins/Zhouyuheng_workspace/tracking_depth/depth-estimation-dev/output/pid_live_20260818_185403/pipeline_results.jsonl,1787050557.65,1787050577.65,115,11.695221424102783,0.7898024654887505,-6.783153451124946,6.783153451124946,nan,nan
pid_smc_fusion,pid,PID 第1段,/home/fins/Zhouyuheng_workspace/tracking_depth/depth-estimation-dev/output/pid_live_20260818_185403/pipeline_results.jsonl,1787050557.65,1787050577.65,116,11.79138469696045,0.8065827046902514,-5.105129530974861,5.105129530974861,nan,nan
pid_smc_fusion,pid,PID 第1段,/home/fins/Zhouyuheng_workspace/tracking_depth/depth-estimation-dev/output/pid_live_20260818_185403/pipeline_results.jsonl,1787050557.65,1787050577.65,117,11.893026113510132,0.8063933668370358,-5.124063316296423,5.124063316296423,nan,nan
pid_smc_fusion,pid,PID 第1段,/home/fins/Zhouyuheng_workspace/tracking_depth/depth-estimation-dev/output/pid_live_20260818_185403/pipeline_results.jsonl,1787050557.65,1787050577.65,118,12.006047487258911,0.8062317083621602,-5.1402291637839825,5.1402291637839825,nan,nan
pid_smc_fusion,pid,PID 第1段,/home/fins/Zhouyuheng_workspace/tracking_depth/depth-estimation-dev/output/pid_live_20260818_185403/pipeline_results.jsonl,1787050557.65,1787050577.65,119,12.097781896591187,0.8058601724442318,-5.17738275557682,5.17738275557682,nan,nan
pid_smc_fusion,pid,PID 第1段,/home/fins/Zhouyuheng_workspace/tracking_depth/depth-estimation-dev/output/pid_live_20260818_185403/pipeline_results.jsonl,1787050557.65,1787050577.65,120,12.198416709899902,0.8375459287905209,-2.0088071209479086,2.0088071209479086,nan,nan
pid_smc_fusion,pid,PID 第1段,/home/fins/Zhouyuheng_workspace/tracking_depth/depth-estimation-dev/output/pid_live_20260818_185403/pipeline_results.jsonl,1787050557.65,1787050577.65,121,12.304494619369507,0.8372478172227535,-2.0386182777246464,2.0386182777246464,nan,nan
pid_smc_fusion,pid,PID 第1段,/home/fins/Zhouyuheng_workspace/tracking_depth/depth-estimation-dev/output/pid_live_20260818_185403/pipeline_results.jsonl,1787050557.65,1787050577.65,122,12.40144419670105,0.8370774517567683,-2.055654824323172,2.055654824323172,nan,nan
pid_smc_fusion,pid,PID 第1段,/home/fins/Zhouyuheng_workspace/tracking_depth/depth-estimation-dev/output/pid_live_20260818_185403/pipeline_results.jsonl,1787050557.65,1787050577.65,123,12.5115966796875,0.8367966162746765,-2.083738372532351,2.083738372532351,nan,nan
pid_smc_fusion,pid,PID 第1段,/home/fins/Zhouyuheng_workspace/tracking_depth/depth-estimation-dev/output/pid_live_20260818_185403/pipeline_results.jsonl,1787050557.65,1787050577.65,124,12.60672640800476,0.8702560773219767,1.2622077321976732,1.2622077321976732,nan,nan
pid_smc_fusion,pid,PID 第1段,/home/fins/Zhouyuheng_workspace/tracking_depth/depth-estimation-dev/output/pid_live_20260818_185403/pipeline_results.jsonl,1787050557.65,1787050577.65,125,12.744805097579956,0.8709314867091049,1.329748670910491,1.329748670910491,nan,nan
pid_smc_fusion,pid,PID 第1段,/home/fins/Zhouyuheng_workspace/tracking_depth/depth-estimation-dev/output/pid_live_20260818_185403/pipeline_results.jsonl,1787050557.65,1787050577.65,126,12.843297481536865,0.872011152952691,1.4377152952691041,1.4377152952691041,nan,nan
pid_smc_fusion,pid,PID 第1段,/home/fins/Zhouyuheng_workspace/tracking_depth/depth-estimation-dev/output/pid_live_20260818_185403/pipeline_results.jsonl,1787050557.65,1787050577.65,127,12.945795059204102,0.872843716682977,1.5209716682976993,1.5209716682976993,nan,nan
pid_smc_fusion,pid,PID 第1段,/home/fins/Zhouyuheng_workspace/tracking_depth/depth-estimation-dev/output/pid_live_20260818_185403/pipeline_results.jsonl,1787050557.65,1787050577.65,128,13.05118727684021,0.8754133196953628,1.7779319695362839,1.7779319695362839,nan,nan
pid_smc_fusion,pid,PID 第1段,/home/fins/Zhouyuheng_workspace/tracking_depth/depth-estimation-dev/output/pid_live_20260818_185403/pipeline_results.jsonl,1787050557.65,1787050577.65,129,13.144546508789062,0.8758506097042058,1.82166097042058,1.82166097042058,nan,nan
pid_smc_fusion,pid,PID 第1段,/home/fins/Zhouyuheng_workspace/tracking_depth/depth-estimation-dev/output/pid_live_20260818_185403/pipeline_results.jsonl,1787050557.65,1787050577.65,130,13.2448410987854,0.876161709591113,1.852770959111294,1.852770959111294,nan,nan
pid_smc_fusion,pid,PID 第1段,/home/fins/Zhouyuheng_workspace/tracking_depth/depth-estimation-dev/output/pid_live_20260818_185403/pipeline_results.jsonl,1787050557.65,1787050577.65,131,13.34525442123413,0.8763071400903546,1.867314009035459,1.867314009035459,nan,nan
pid_smc_fusion,pid,PID 第1段,/home/fins/Zhouyuheng_workspace/tracking_depth/depth-estimation-dev/output/pid_live_20260818_185403/pipeline_results.jsonl,1787050557.65,1787050577.65,132,13.449077606201172,0.8700908590818961,1.2456859081896088,1.2456859081896088,nan,nan
pid_smc_fusion,pid,PID 第1段,/home/fins/Zhouyuheng_workspace/tracking_depth/depth-estimation-dev/output/pid_live_20260818_185403/pipeline_results.jsonl,1787050557.65,1787050577.65,133,13.554788589477539,0.8700459685560991,1.2411968556099051,1.2411968556099051,nan,nan
pid_smc_fusion,pid,PID 第1段,/home/fins/Zhouyuheng_workspace/tracking_depth/depth-estimation-dev/output/pid_live_20260818_185403/pipeline_results.jsonl,1787050557.65,1787050577.65,134,13.649125814437866,0.869813979797454,1.2179979797454,1.2179979797454,nan,nan
pid_smc_fusion,pid,PID 第1段,/home/fins/Zhouyuheng_workspace/tracking_depth/depth-estimation-dev/output/pid_live_20260818_185403/pipeline_results.jsonl,1787050557.65,1787050577.65,135,13.752889394760132,0.8694737876637355,1.1839787663735502,1.1839787663735502,nan,nan
pid_smc_fusion,pid,PID 第1段,/home/fins/Zhouyuheng_workspace/tracking_depth/depth-estimation-dev/output/pid_live_20260818_185403/pipeline_results.jsonl,1787050557.65,1787050577.65,136,13.852677345275879,0.8689193387863547,1.1285338786354737,1.1285338786354737,nan,nan
pid_smc_fusion,pid,PID 第1段,/home/fins/Zhouyuheng_workspace/tracking_depth/depth-estimation-dev/output/pid_live_20260818_185403/pipeline_results.jsonl,1787050557.65,1787050577.65,137,13.953094959259033,0.8687057072745956,1.107170727459561,1.107170727459561,nan,nan
pid_smc_fusion,pid,PID 第1段,/home/fins/Zhouyuheng_workspace/tracking_depth/depth-estimation-dev/output/pid_live_20260818_185403/pipeline_results.jsonl,1787050557.65,1787050577.65,138,14.057794332504272,0.8686126810724675,1.0978681072467467,1.0978681072467467,nan,nan
pid_smc_fusion,pid,PID 第1段,/home/fins/Zhouyuheng_workspace/tracking_depth/depth-estimation-dev/output/pid_live_20260818_185403/pipeline_results.jsonl,1787050557.65,1787050577.65,139,14.159617900848389,0.8682114152919478,1.0577415291947778,1.0577415291947778,nan,nan
pid_smc_fusion,pid,PID 第1段,/home/fins/Zhouyuheng_workspace/tracking_depth/depth-estimation-dev/output/pid_live_20260818_185403/pipeline_results.jsonl,1787050557.65,1787050577.65,140,14.257071733474731,0.8615839778693868,0.3949977869386778,0.3949977869386778,nan,nan
pid_smc_fusion,pid,PID 第1段,/home/fins/Zhouyuheng_workspace/tracking_depth/depth-estimation-dev/output/pid_live_20260818_185403/pipeline_results.jsonl,1787050557.65,1787050577.65,141,14.355312824249268,0.8614136892390307,0.37796892390307146,0.37796892390307146,nan,nan
pid_smc_fusion,pid,PID 第1段,/home/fins/Zhouyuheng_workspace/tracking_depth/depth-estimation-dev/output/pid_live_20260818_185403/pipeline_results.jsonl,1787050557.65,1787050577.65,142,14.460753202438354,0.8612588453769674,0.36248453769673894,0.36248453769673894,nan,nan
pid_smc_fusion,pid,PID 第1段,/home/fins/Zhouyuheng_workspace/tracking_depth/depth-estimation-dev/output/pid_live_20260818_185403/pipeline_results.jsonl,1787050557.65,1787050577.65,143,14.567788124084473,0.8614555784073328,0.3821578407332771,0.3821578407332771,nan,nan
pid_smc_fusion,pid,PID 第1段,/home/fins/Zhouyuheng_workspace/tracking_depth/depth-estimation-dev/output/pid_live_20260818_185403/pipeline_results.jsonl,1787050557.65,1787050577.65,144,14.659695863723755,0.8798974722900679,2.2263472290067865,2.2263472290067865,nan,nan
pid_smc_fusion,pid,PID 第1段,/home/fins/Zhouyuheng_workspace/tracking_depth/depth-estimation-dev/output/pid_live_20260818_185403/pipeline_results.jsonl,1787050557.65,1787050577.65,145,14.764478206634521,0.8804458804877038,2.2811880487703773,2.2811880487703773,nan,nan
pid_smc_fusion,pid,PID 第1段,/home/fins/Zhouyuheng_workspace/tracking_depth/depth-estimation-dev/output/pid_live_20260818_185403/pipeline_results.jsonl,1787050557.65,1787050577.65,146,14.863994359970093,0.8810962660472934,2.34622660472934,2.34622660472934,nan,nan
pid_smc_fusion,pid,PID 第1段,/home/fins/Zhouyuheng_workspace/tracking_depth/depth-estimation-dev/output/pid_live_20260818_185403/pipeline_results.jsonl,1787050557.65,1787050577.65,147,14.964494466781616,0.8815016209507984,2.386762095079842,2.386762095079842,nan,nan
pid_smc_fusion,pid,PID 第1段,/home/fins/Zhouyuheng_workspace/tracking_depth/depth-estimation-dev/output/pid_live_20260818_185403/pipeline_results.jsonl,1787050557.65,1787050577.65,148,15.075698137283325,0.9073157255425253,4.968172554252526,4.968172554252526,nan,nan
pid_smc_fusion,pid,PID 第1段,/home/fins/Zhouyuheng_workspace/tracking_depth/depth-estimation-dev/output/pid_live_20260818_185403/pipeline_results.jsonl,1787050557.65,1787050577.65,149,15.171758890151978,0.9078943726580126,5.026037265801264,5.026037265801264,nan,nan
pid_smc_fusion,pid,PID 第1段,/home/fins/Zhouyuheng_workspace/tracking_depth/depth-estimation-dev/output/pid_live_20260818_185403/pipeline_results.jsonl,1787050557.65,1787050577.65,150,15.273444652557373,0.9081071329873238,5.047313298732381,5.047313298732381,nan,nan
pid_smc_fusion,pid,PID 第1段,/home/fins/Zhouyuheng_workspace/tracking_depth/depth-estimation-dev/output/pid_live_20260818_185403/pipeline_results.jsonl,1787050557.65,1787050577.65,151,15.374239206314087,0.9086630513707301,5.1029051370730105,5.1029051370730105,nan,nan
pid_smc_fusion,pid,PID 第1段,/home/fins/Zhouyuheng_workspace/tracking_depth/depth-estimation-dev/output/pid_live_20260818_185403/pipeline_results.jsonl,1787050557.65,1787050577.65,152,15.47544240951538,0.930888536196901,7.325453619690103,7.325453619690103,nan,nan
pid_smc_fusion,pid,PID 第1段,/home/fins/Zhouyuheng_workspace/tracking_depth/depth-estimation-dev/output/pid_live_20260818_185403/pipeline_results.jsonl,1787050557.65,1787050577.65,153,15.578979969024658,0.9315780937191391,7.394409371913913,7.394409371913913,nan,nan
pid_smc_fusion,pid,PID 第1段,/home/fins/Zhouyuheng_workspace/tracking_depth/depth-estimation-dev/output/pid_live_20260818_185403/pipeline_results.jsonl,1787050557.65,1787050577.65,154,15.677731990814209,0.9320961786729736,7.446217867297356,7.446217867297356,nan,nan
pid_smc_fusion,pid,PID 第1段,/home/fins/Zhouyuheng_workspace/tracking_depth/depth-estimation-dev/output/pid_live_20260818_185403/pipeline_results.jsonl,1787050557.65,1787050577.65,155,15.77578330039978,0.9324169433722636,7.478294337226354,7.478294337226354,nan,nan
pid_smc_fusion,pid,PID 第1段,/home/fins/Zhouyuheng_workspace/tracking_depth/depth-estimation-dev/output/pid_live_20260818_185403/pipeline_results.jsonl,1787050557.65,1787050577.65,156,15.880228757858276,0.9757536867244745,11.811968672447449,11.811968672447449,nan,nan
pid_smc_fusion,pid,PID 第1段,/home/fins/Zhouyuheng_workspace/tracking_depth/depth-estimation-dev/output/pid_live_20260818_185403/pipeline_results.jsonl,1787050557.65,1787050577.65,157,15.98131012916565,0.9756996715880497,11.80656715880497,11.80656715880497,nan,nan
pid_smc_fusion,pid,PID 第1段,/home/fins/Zhouyuheng_workspace/tracking_depth/depth-estimation-dev/output/pid_live_20260818_185403/pipeline_results.jsonl,1787050557.65,1787050577.65,158,16.081053495407104,0.9757686107507364,11.81346107507364,11.81346107507364,nan,nan
pid_smc_fusion,pid,PID 第1段,/home/fins/Zhouyuheng_workspace/tracking_depth/depth-estimation-dev/output/pid_live_20260818_185403/pipeline_results.jsonl,1787050557.65,1787050577.65,159,16.187731742858887,0.9755778822222343,11.794388222223429,11.794388222223429,nan,nan
pid_smc_fusion,pid,PID 第1段,/home/fins/Zhouyuheng_workspace/tracking_depth/depth-estimation-dev/output/pid_live_20260818_185403/pipeline_results.jsonl,1787050557.65,1787050577.65,160,16.28098201751709,0.9916555893712202,13.40215893712202,13.40215893712202,nan,nan
pid_smc_fusion,pid,PID 第1段,/home/fins/Zhouyuheng_workspace/tracking_depth/depth-estimation-dev/output/pid_live_20260818_185403/pipeline_results.jsonl,1787050557.65,1787050577.65,161,16.385117292404175,0.9917186719703763,13.408467197037632,13.408467197037632,nan,nan
pid_smc_fusion,pid,PID 第1段,/home/fins/Zhouyuheng_workspace/tracking_depth/depth-estimation-dev/output/pid_live_20260818_185403/pipeline_results.jsonl,1787050557.65,1787050577.65,162,16.484678745269775,0.9916906731359241,13.405667313592406,13.405667313592406,nan,nan
pid_smc_fusion,pid,PID 第1段,/home/fins/Zhouyuheng_workspace/tracking_depth/depth-estimation-dev/output/pid_live_20260818_185403/pipeline_results.jsonl,1787050557.65,1787050577.65,163,16.58469295501709,0.9916661028358806,13.403210283588063,13.403210283588063,nan,nan
pid_smc_fusion,pid,PID 第1段,/home/fins/Zhouyuheng_workspace/tracking_depth/depth-estimation-dev/output/pid_live_20260818_185403/pipeline_results.jsonl,1787050557.65,1787050577.65,164,16.69023370742798,0.9669313134104665,10.929731341046644,10.929731341046644,nan,nan
pid_smc_fusion,pid,PID 第1段,/home/fins/Zhouyuheng_workspace/tracking_depth/depth-estimation-dev/output/pid_live_20260818_185403/pipeline_results.jsonl,1787050557.65,1787050577.65,165,16.788145780563354,0.96667608281501,10.904208281501004,10.904208281501004,nan,nan
pid_smc_fusion,pid,PID 第1段,/home/fins/Zhouyuheng_workspace/tracking_depth/depth-estimation-dev/output/pid_live_20260818_185403/pipeline_results.jsonl,1787050557.65,1787050577.65,166,16.88797903060913,0.9665658742839451,10.893187428394512,10.893187428394512,nan,nan
pid_smc_fusion,pid,PID 第1段,/home/fins/Zhouyuheng_workspace/tracking_depth/depth-estimation-dev/output/pid_live_20260818_185403/pipeline_results.jsonl,1787050557.65,1787050577.65,167,16.992623567581177,0.9665862727292907,10.895227272929064,10.895227272929064,nan,nan
pid_smc_fusion,pid,PID 第1段,/home/fins/Zhouyuheng_workspace/tracking_depth/depth-estimation-dev/output/pid_live_20260818_185403/pipeline_results.jsonl,1787050557.65,1787050577.65,168,17.09172534942627,0.9286102316817864,7.097623168178635,7.097623168178635,nan,nan
pid_smc_fusion,pid,PID 第1段,/home/fins/Zhouyuheng_workspace/tracking_depth/depth-estimation-dev/output/pid_live_20260818_185403/pipeline_results.jsonl,1787050557.65,1787050577.65,169,17.192756414413452,0.9281954599527791,7.056145995277907,7.056145995277907,nan,nan
pid_smc_fusion,pid,PID 第1段,/home/fins/Zhouyuheng_workspace/tracking_depth/depth-estimation-dev/output/pid_live_20260818_185403/pipeline_results.jsonl,1787050557.65,1787050577.65,170,17.29701805114746,0.9279218908408378,7.028789084083775,7.028789084083775,nan,nan
pid_smc_fusion,pid,PID 第1段,/home/fins/Zhouyuheng_workspace/tracking_depth/depth-estimation-dev/output/pid_live_20260818_185403/pipeline_results.jsonl,1787050557.65,1787050577.65,171,17.397756814956665,0.9278499899898105,7.021598998981049,7.021598998981049,nan,nan
pid_smc_fusion,pid,PID 第1段,/home/fins/Zhouyuheng_workspace/tracking_depth/depth-estimation-dev/output/pid_live_20260818_185403/pipeline_results.jsonl,1787050557.65,1787050577.65,172,17.497945547103882,0.9164504159799112,5.881641597991116,5.881641597991116,nan,nan
pid_smc_fusion,pid,PID 第1段,/home/fins/Zhouyuheng_workspace/tracking_depth/depth-estimation-dev/output/pid_live_20260818_185403/pipeline_results.jsonl,1787050557.65,1787050577.65,173,17.599122762680054,0.9152294565141676,5.759545651416764,5.759545651416764,nan,nan
pid_smc_fusion,pid,PID 第1段,/home/fins/Zhouyuheng_workspace/tracking_depth/depth-estimation-dev/output/pid_live_20260818_185403/pipeline_results.jsonl,1787050557.65,1787050577.65,174,17.70524311065674,0.9140279731312897,5.639397313128969,5.639397313128969,nan,nan
pid_smc_fusion,pid,PID 第1段,/home/fins/Zhouyuheng_workspace/tracking_depth/depth-estimation-dev/output/pid_live_20260818_185403/pipeline_results.jsonl,1787050557.65,1787050577.65,175,17.800217866897583,0.9128321576524487,5.519815765244873,5.519815765244873,nan,nan
pid_smc_fusion,pid,PID 第1段,/home/fins/Zhouyuheng_workspace/tracking_depth/depth-estimation-dev/output/pid_live_20260818_185403/pipeline_results.jsonl,1787050557.65,1787050577.65,176,17.905966997146606,0.8728775658257231,1.524356582572306,1.524356582572306,nan,nan
pid_smc_fusion,pid,PID 第1段,/home/fins/Zhouyuheng_workspace/tracking_depth/depth-estimation-dev/output/pid_live_20260818_185403/pipeline_results.jsonl,1787050557.65,1787050577.65,177,18.00469660758972,0.8724472362174112,1.4813236217411152,1.4813236217411152,nan,nan
pid_smc_fusion,pid,PID 第1段,/home/fins/Zhouyuheng_workspace/tracking_depth/depth-estimation-dev/output/pid_live_20260818_185403/pipeline_results.jsonl,1787050557.65,1787050577.65,178,18.10866093635559,0.8720243805504888,1.4390380550488802,1.4390380550488802,nan,nan
pid_smc_fusion,pid,PID 第1段,/home/fins/Zhouyuheng_workspace/tracking_depth/depth-estimation-dev/output/pid_live_20260818_185403/pipeline_results.jsonl,1787050557.65,1787050577.65,179,18.205222845077515,0.8720990856252984,1.4465085625298357,1.4465085625298357,nan,nan
pid_smc_fusion,pid,PID 第1段,/home/fins/Zhouyuheng_workspace/tracking_depth/depth-estimation-dev/output/pid_live_20260818_185403/pipeline_results.jsonl,1787050557.65,1787050577.65,180,18.31463599205017,0.8593876958258226,0.1753695825822632,0.1753695825822632,nan,nan
pid_smc_fusion,pid,PID 第1段,/home/fins/Zhouyuheng_workspace/tracking_depth/depth-estimation-dev/output/pid_live_20260818_185403/pipeline_results.jsonl,1787050557.65,1787050577.65,181,18.40856909751892,0.8590448444458172,0.14108444458171832,0.14108444458171832,nan,nan
pid_smc_fusion,pid,PID 第1段,/home/fins/Zhouyuheng_workspace/tracking_depth/depth-estimation-dev/output/pid_live_20260818_185403/pipeline_results.jsonl,1787050557.65,1787050577.65,182,18.50954031944275,0.8585876156649255,0.09536156649254668,0.09536156649254668,nan,nan
pid_smc_fusion,pid,PID 第1段,/home/fins/Zhouyuheng_workspace/tracking_depth/depth-estimation-dev/output/pid_live_20260818_185403/pipeline_results.jsonl,1787050557.65,1787050577.65,183,18.615696907043457,0.8581519987440853,0.05179987440853129,0.05179987440853129,nan,nan
pid_smc_fusion,pid,PID 第1段,/home/fins/Zhouyuheng_workspace/tracking_depth/depth-estimation-dev/output/pid_live_20260818_185403/pipeline_results.jsonl,1787050557.65,1787050577.65,184,18.71345353126526,0.8507487910633422,-0.6885208936657783,0.6885208936657783,nan,nan
pid_smc_fusion,pid,PID 第1段,/home/fins/Zhouyuheng_workspace/tracking_depth/depth-estimation-dev/output/pid_live_20260818_185403/pipeline_results.jsonl,1787050557.65,1787050577.65,185,18.814218521118164,0.850555799767565,-0.7078200232434995,0.7078200232434995,nan,nan
pid_smc_fusion,pid,PID 第1段,/home/fins/Zhouyuheng_workspace/tracking_depth/depth-estimation-dev/output/pid_live_20260818_185403/pipeline_results.jsonl,1787050557.65,1787050577.65,186,18.91723346710205,0.850358105176676,-0.7275894823324025,0.7275894823324025,nan,nan
pid_smc_fusion,pid,PID 第1段,/home/fins/Zhouyuheng_workspace/tracking_depth/depth-estimation-dev/output/pid_live_20260818_185403/pipeline_results.jsonl,1787050557.65,1787050577.65,187,19.019794702529907,0.8501777150938958,-0.7456284906104171,0.7456284906104171,nan,nan
pid_smc_fusion,pid,PID 第1段,/home/fins/Zhouyuheng_workspace/tracking_depth/depth-estimation-dev/output/pid_live_20260818_185403/pipeline_results.jsonl,1787050557.65,1787050577.65,188,19.120086193084717,0.864182374945607,0.6548374945607005,0.6548374945607005,nan,nan
pid_smc_fusion,pid,PID 第1段,/home/fins/Zhouyuheng_workspace/tracking_depth/depth-estimation-dev/output/pid_live_20260818_185403/pipeline_results.jsonl,1787050557.65,1787050577.65,189,19.2230384349823,0.863811771998588,0.6177771998588044,0.6177771998588044,nan,nan
pid_smc_fusion,pid,PID 第1段,/home/fins/Zhouyuheng_workspace/tracking_depth/depth-estimation-dev/output/pid_live_20260818_185403/pipeline_results.jsonl,1787050557.65,1787050577.65,190,19.321459531784058,0.8634733345600627,0.5839334560062692,0.5839334560062692,nan,nan
pid_smc_fusion,pid,PID 第1段,/home/fins/Zhouyuheng_workspace/tracking_depth/depth-estimation-dev/output/pid_live_20260818_185403/pipeline_results.jsonl,1787050557.65,1787050577.65,191,19.421518802642822,0.8634089420392754,0.5774942039275421,0.5774942039275421,nan,nan
pid_smc_fusion,pid,PID 第1段,/home/fins/Zhouyuheng_workspace/tracking_depth/depth-estimation-dev/output/pid_live_20260818_185403/pipeline_results.jsonl,1787050557.65,1787050577.65,192,19.524542331695557,0.8828792622384019,2.5245262238401844,2.5245262238401844,nan,nan
pid_smc_fusion,pid,PID 第1段,/home/fins/Zhouyuheng_workspace/tracking_depth/depth-estimation-dev/output/pid_live_20260818_185403/pipeline_results.jsonl,1787050557.65,1787050577.65,193,19.62590456008911,0.8820866156493163,2.4452615649316334,2.4452615649316334,nan,nan
pid_smc_fusion,pid,PID 第1段,/home/fins/Zhouyuheng_workspace/tracking_depth/depth-estimation-dev/output/pid_live_20260818_185403/pipeline_results.jsonl,1787050557.65,1787050577.65,194,19.724913120269775,0.8813852075727517,2.375120757275173,2.375120757275173,nan,nan
pid_smc_fusion,pid,PID 第1段,/home/fins/Zhouyuheng_workspace/tracking_depth/depth-estimation-dev/output/pid_live_20260818_185403/pipeline_results.jsonl,1787050557.65,1787050577.65,195,19.828788995742798,0.8808160621110486,2.3182062111048563,2.3182062111048563,nan,nan
pid_smc_fusion,pid,PID 第1段,/home/fins/Zhouyuheng_workspace/tracking_depth/depth-estimation-dev/output/pid_live_20260818_185403/pipeline_results.jsonl,1787050557.65,1787050577.65,196,19.931228399276733,0.8963854183404492,3.875141834044915,3.875141834044915,nan,nan
pid_smc_fusion,pid,PID 第2段,/home/fins/Zhouyuheng_workspace/tracking_depth/depth-estimation-dev/output/pid_live_20260818_185403/pipeline_results.jsonl,1787050617.65,1787050637.65,0,0.02821040153503418,0.8573627037839131,-0.027129621608690258,0.027129621608690258,nan,nan
pid_smc_fusion,pid,PID 第2段,/home/fins/Zhouyuheng_workspace/tracking_depth/depth-estimation-dev/output/pid_live_20260818_185403/pipeline_results.jsonl,1787050617.65,1787050637.65,1,0.1357438564300537,0.8576138020748556,-0.0020197925144405104,0.0020197925144405104,nan,nan
pid_smc_fusion,pid,PID 第2段,/home/fins/Zhouyuheng_workspace/tracking_depth/depth-estimation-dev/output/pid_live_20260818_185403/pipeline_results.jsonl,1787050617.65,1787050637.65,2,0.23569393157958984,0.8575175120489895,-0.011648795101049103,0.011648795101049103,nan,nan
pid_smc_fusion,pid,PID 第2段,/home/fins/Zhouyuheng_workspace/tracking_depth/depth-estimation-dev/output/pid_live_20260818_185403/pipeline_results.jsonl,1787050617.65,1787050637.65,3,0.340484619140625,0.8611154932022933,0.34814932022932954,0.34814932022932954,nan,nan
pid_smc_fusion,pid,PID 第2段,/home/fins/Zhouyuheng_workspace/tracking_depth/depth-estimation-dev/output/pid_live_20260818_185403/pipeline_results.jsonl,1787050617.65,1787050637.65,4,0.43352818489074707,0.8606991180440355,0.3065118044035531,0.3065118044035531,nan,nan
pid_smc_fusion,pid,PID 第2段,/home/fins/Zhouyuheng_workspace/tracking_depth/depth-estimation-dev/output/pid_live_20260818_185403/pipeline_results.jsonl,1787050617.65,1787050637.65,5,0.5398595333099365,0.860016421304969,0.2382421304969018,0.2382421304969018,nan,nan
pid_smc_fusion,pid,PID 第2段,/home/fins/Zhouyuheng_workspace/tracking_depth/depth-estimation-dev/output/pid_live_20260818_185403/pipeline_results.jsonl,1787050617.65,1787050637.65,6,0.6444475650787354,0.8592479753205478,0.16139753205477447,0.16139753205477447,nan,nan
pid_smc_fusion,pid,PID 第2段,/home/fins/Zhouyuheng_workspace/tracking_depth/depth-estimation-dev/output/pid_live_20260818_185403/pipeline_results.jsonl,1787050617.65,1787050637.65,7,0.7383849620819092,0.8768981115480885,1.9264111548088492,1.9264111548088492,nan,nan
pid_smc_fusion,pid,PID 第2段,/home/fins/Zhouyuheng_workspace/tracking_depth/depth-estimation-dev/output/pid_live_20260818_185403/pipeline_results.jsonl,1787050617.65,1787050637.65,8,0.8508124351501465,0.8760916439255402,1.8457643925540168,1.8457643925540168,nan,nan
pid_smc_fusion,pid,PID 第2段,/home/fins/Zhouyuheng_workspace/tracking_depth/depth-estimation-dev/output/pid_live_20260818_185403/pipeline_results.jsonl,1787050617.65,1787050637.65,9,0.944366455078125,0.8753127246027366,1.7678724602736562,1.7678724602736562,nan,nan
pid_smc_fusion,pid,PID 第2段,/home/fins/Zhouyuheng_workspace/tracking_depth/depth-estimation-dev/output/pid_live_20260818_185403/pipeline_results.jsonl,1787050617.65,1787050637.65,10,1.0414226055145264,0.874691241842918,1.7057241842918014,1.7057241842918014,nan,nan
pid_smc_fusion,pid,PID 第2段,/home/fins/Zhouyuheng_workspace/tracking_depth/depth-estimation-dev/output/pid_live_20260818_185403/pipeline_results.jsonl,1787050617.65,1787050637.65,11,1.1484825611114502,0.8801138086202331,2.2479808620233133,2.2479808620233133,nan,nan
pid_smc_fusion,pid,PID 第2段,/home/fins/Zhouyuheng_workspace/tracking_depth/depth-estimation-dev/output/pid_live_20260818_185403/pipeline_results.jsonl,1787050617.65,1787050637.65,12,1.2517311573028564,0.8795749126219172,2.194091262191722,2.194091262191722,nan,nan
pid_smc_fusion,pid,PID 第2段,/home/fins/Zhouyuheng_workspace/tracking_depth/depth-estimation-dev/output/pid_live_20260818_185403/pipeline_results.jsonl,1787050617.65,1787050637.65,13,1.349114179611206,0.8792390099473604,2.1605009947360365,2.1605009947360365,nan,nan
pid_smc_fusion,pid,PID 第2段,/home/fins/Zhouyuheng_workspace/tracking_depth/depth-estimation-dev/output/pid_live_20260818_185403/pipeline_results.jsonl,1787050617.65,1787050637.65,14,1.4524469375610352,0.8790539056904279,2.1419905690427843,2.1419905690427843,nan,nan
pid_smc_fusion,pid,PID 第2段,/home/fins/Zhouyuheng_workspace/tracking_depth/depth-estimation-dev/output/pid_live_20260818_185403/pipeline_results.jsonl,1787050617.65,1787050637.65,15,1.5483555793762207,0.8812883241335288,2.365432413352875,2.365432413352875,nan,nan
pid_smc_fusion,pid,PID 第2段,/home/fins/Zhouyuheng_workspace/tracking_depth/depth-estimation-dev/output/pid_live_20260818_185403/pipeline_results.jsonl,1787050617.65,1787050637.65,16,1.6500260829925537,0.881161220228406,2.352722022840603,2.352722022840603,nan,nan
pid_smc_fusion,pid,PID 第2段,/home/fins/Zhouyuheng_workspace/tracking_depth/depth-estimation-dev/output/pid_live_20260818_185403/pipeline_results.jsonl,1787050617.65,1787050637.65,17,1.7583916187286377,0.8813975175024094,2.376351750240935,2.376351750240935,nan,nan
pid_smc_fusion,pid,PID 第2段,/home/fins/Zhouyuheng_workspace/tracking_depth/depth-estimation-dev/output/pid_live_20260818_185403/pipeline_results.jsonl,1787050617.65,1787050637.65,18,1.8615167140960693,0.8817043833837006,2.40703833837006,2.40703833837006,nan,nan
pid_smc_fusion,pid,PID 第2段,/home/fins/Zhouyuheng_workspace/tracking_depth/depth-estimation-dev/output/pid_live_20260818_185403/pipeline_results.jsonl,1787050617.65,1787050637.65,19,1.9561786651611328,0.9123854532310012,5.475145323100117,5.475145323100117,nan,nan
pid_smc_fusion,pid,PID 第2段,/home/fins/Zhouyuheng_workspace/tracking_depth/depth-estimation-dev/output/pid_live_20260818_185403/pipeline_results.jsonl,1787050617.65,1787050637.65,20,2.058936595916748,0.9134163638728512,5.578236387285118,5.578236387285118,nan,nan
pid_smc_fusion,pid,PID 第2段,/home/fins/Zhouyuheng_workspace/tracking_depth/depth-estimation-dev/output/pid_live_20260818_185403/pipeline_results.jsonl,1787050617.65,1787050637.65,21,2.1580803394317627,0.9143449693854768,5.671096938547682,5.671096938547682,nan,nan
pid_smc_fusion,pid,PID 第2段,/home/fins/Zhouyuheng_workspace/tracking_depth/depth-estimation-dev/output/pid_live_20260818_185403/pipeline_results.jsonl,1787050617.65,1787050637.65,22,2.257575750350952,0.9149977081022895,5.736370810228952,5.736370810228952,nan,nan
pid_smc_fusion,pid,PID 第2段,/home/fins/Zhouyuheng_workspace/tracking_depth/depth-estimation-dev/output/pid_live_20260818_185403/pipeline_results.jsonl,1787050617.65,1787050637.65,23,2.365471601486206,0.9324685012325542,7.48345012325542,7.48345012325542,nan,nan
pid_smc_fusion,pid,PID 第2段,/home/fins/Zhouyuheng_workspace/tracking_depth/depth-estimation-dev/output/pid_live_20260818_185403/pipeline_results.jsonl,1787050617.65,1787050637.65,24,2.4673852920532227,0.932785544092587,7.515154409258695,7.515154409258695,nan,nan
pid_smc_fusion,pid,PID 第2段,/home/fins/Zhouyuheng_workspace/tracking_depth/depth-estimation-dev/output/pid_live_20260818_185403/pipeline_results.jsonl,1787050617.65,1787050637.65,25,2.560251474380493,0.9329470481933162,7.531304819331619,7.531304819331619,nan,nan
pid_smc_fusion,pid,PID 第2段,/home/fins/Zhouyuheng_workspace/tracking_depth/depth-estimation-dev/output/pid_live_20260818_185403/pipeline_results.jsonl,1787050617.65,1787050637.65,26,2.6632699966430664,0.9333046582554181,7.567065825541808,7.567065825541808,nan,nan
pid_smc_fusion,pid,PID 第2段,/home/fins/Zhouyuheng_workspace/tracking_depth/depth-estimation-dev/output/pid_live_20260818_185403/pipeline_results.jsonl,1787050617.65,1787050637.65,27,2.7662770748138428,0.9492518979732691,9.161789797326914,9.161789797326914,nan,nan
pid_smc_fusion,pid,PID 第2段,/home/fins/Zhouyuheng_workspace/tracking_depth/depth-estimation-dev/output/pid_live_20260818_185403/pipeline_results.jsonl,1787050617.65,1787050637.65,28,2.869157552719116,0.9491707856627871,9.15367856627871,9.15367856627871,nan,nan
pid_smc_fusion,pid,PID 第2段,/home/fins/Zhouyuheng_workspace/tracking_depth/depth-estimation-dev/output/pid_live_20260818_185403/pipeline_results.jsonl,1787050617.65,1787050637.65,29,2.9660532474517822,0.9495680669584274,9.193406695842743,9.193406695842743,nan,nan
pid_smc_fusion,pid,PID 第2段,/home/fins/Zhouyuheng_workspace/tracking_depth/depth-estimation-dev/output/pid_live_20260818_185403/pipeline_results.jsonl,1787050617.65,1787050637.65,30,3.0695900917053223,0.950052603592813,9.241860359281295,9.241860359281295,nan,nan
pid_smc_fusion,pid,PID 第2段,/home/fins/Zhouyuheng_workspace/tracking_depth/depth-estimation-dev/output/pid_live_20260818_185403/pipeline_results.jsonl,1787050617.65,1787050637.65,31,3.169853925704956,0.9509111331269071,9.327713312690712,9.327713312690712,nan,nan
pid_smc_fusion,pid,PID 第2段,/home/fins/Zhouyuheng_workspace/tracking_depth/depth-estimation-dev/output/pid_live_20260818_185403/pipeline_results.jsonl,1787050617.65,1787050637.65,32,3.2761056423187256,0.9523208837642427,9.468688376424272,9.468688376424272,nan,nan
pid_smc_fusion,pid,PID 第2段,/home/fins/Zhouyuheng_workspace/tracking_depth/depth-estimation-dev/output/pid_live_20260818_185403/pipeline_results.jsonl,1787050617.65,1787050637.65,33,3.3832364082336426,0.9538020023902127,9.616800239021273,9.616800239021273,nan,nan
pid_smc_fusion,pid,PID 第2段,/home/fins/Zhouyuheng_workspace/tracking_depth/depth-estimation-dev/output/pid_live_20260818_185403/pipeline_results.jsonl,1787050617.65,1787050637.65,34,3.475313186645508,0.9555057124291388,9.787171242913884,9.787171242913884,nan,nan
pid_smc_fusion,pid,PID 第2段,/home/fins/Zhouyuheng_workspace/tracking_depth/depth-estimation-dev/output/pid_live_20260818_185403/pipeline_results.jsonl,1787050617.65,1787050637.65,35,3.574718952178955,0.955165918638244,9.753191863824394,9.753191863824394,nan,nan
pid_smc_fusion,pid,PID 第2段,/home/fins/Zhouyuheng_workspace/tracking_depth/depth-estimation-dev/output/pid_live_20260818_185403/pipeline_results.jsonl,1787050617.65,1787050637.65,36,3.675907611846924,0.9570149807229258,9.93809807229258,9.93809807229258,nan,nan
pid_smc_fusion,pid,PID 第2段,/home/fins/Zhouyuheng_workspace/tracking_depth/depth-estimation-dev/output/pid_live_20260818_185403/pipeline_results.jsonl,1787050617.65,1787050637.65,37,3.779906749725342,0.9587325527603381,10.109855276033809,10.109855276033809,nan,nan
pid_smc_fusion,pid,PID 第2段,/home/fins/Zhouyuheng_workspace/tracking_depth/depth-estimation-dev/output/pid_live_20260818_185403/pipeline_results.jsonl,1787050617.65,1787050637.65,38,3.881622076034546,0.960654467877536,10.302046787753593,10.302046787753593,nan,nan
pid_smc_fusion,pid,PID 第2段,/home/fins/Zhouyuheng_workspace/tracking_depth/depth-estimation-dev/output/pid_live_20260818_185403/pipeline_results.jsonl,1787050617.65,1787050637.65,39,3.986379861831665,0.9453451585878487,8.771115858784873,8.771115858784873,nan,nan
pid_smc_fusion,pid,PID 第2段,/home/fins/Zhouyuheng_workspace/tracking_depth/depth-estimation-dev/output/pid_live_20260818_185403/pipeline_results.jsonl,1787050617.65,1787050637.65,40,4.086634635925293,0.9459240841763856,8.829008417638562,8.829008417638562,nan,nan
pid_smc_fusion,pid,PID 第2段,/home/fins/Zhouyuheng_workspace/tracking_depth/depth-estimation-dev/output/pid_live_20260818_185403/pipeline_results.jsonl,1787050617.65,1787050637.65,41,4.187813997268677,0.9467509675320191,8.911696753201914,8.911696753201914,nan,nan
pid_smc_fusion,pid,PID 第2段,/home/fins/Zhouyuheng_workspace/tracking_depth/depth-estimation-dev/output/pid_live_20260818_185403/pipeline_results.jsonl,1787050617.65,1787050637.65,42,4.286257266998291,0.9474728885662167,8.983888856621668,8.983888856621668,nan,nan
pid_smc_fusion,pid,PID 第2段,/home/fins/Zhouyuheng_workspace/tracking_depth/depth-estimation-dev/output/pid_live_20260818_185403/pipeline_results.jsonl,1787050617.65,1787050637.65,43,4.3911662101745605,0.9500121458477717,9.23781458477717,9.23781458477717,nan,nan
pid_smc_fusion,pid,PID 第2段,/home/fins/Zhouyuheng_workspace/tracking_depth/depth-estimation-dev/output/pid_live_20260818_185403/pipeline_results.jsonl,1787050617.65,1787050637.65,44,4.484703063964844,0.9505911862115872,9.295718621158722,9.295718621158722,nan,nan
pid_smc_fusion,pid,PID 第2段,/home/fins/Zhouyuheng_workspace/tracking_depth/depth-estimation-dev/output/pid_live_20260818_185403/pipeline_results.jsonl,1787050617.65,1787050637.65,45,4.590559005737305,0.9510149388873146,9.338093888731457,9.338093888731457,nan,nan
pid_smc_fusion,pid,PID 第2段,/home/fins/Zhouyuheng_workspace/tracking_depth/depth-estimation-dev/output/pid_live_20260818_185403/pipeline_results.jsonl,1787050617.65,1787050637.65,46,4.689709663391113,0.951236329695665,9.360232969566496,9.360232969566496,nan,nan
pid_smc_fusion,pid,PID 第2段,/home/fins/Zhouyuheng_workspace/tracking_depth/depth-estimation-dev/output/pid_live_20260818_185403/pipeline_results.jsonl,1787050617.65,1787050637.65,47,4.788284778594971,0.9604167187740087,10.278271877400869,10.278271877400869,nan,nan
pid_smc_fusion,pid,PID 第2段,/home/fins/Zhouyuheng_workspace/tracking_depth/depth-estimation-dev/output/pid_live_20260818_185403/pipeline_results.jsonl,1787050617.65,1787050637.65,48,4.896762847900391,0.9605648819333727,10.293088193337274,10.293088193337274,nan,nan
pid_smc_fusion,pid,PID 第2段,/home/fins/Zhouyuheng_workspace/tracking_depth/depth-estimation-dev/output/pid_live_20260818_185403/pipeline_results.jsonl,1787050617.65,1787050637.65,49,4.999748229980469,0.9605719025273882,10.293790252738821,10.293790252738821,nan,nan
pid_smc_fusion,pid,PID 第2段,/home/fins/Zhouyuheng_workspace/tracking_depth/depth-estimation-dev/output/pid_live_20260818_185403/pipeline_results.jsonl,1787050617.65,1787050637.65,50,5.098099231719971,0.959864793687391,10.223079368739096,10.223079368739096,nan,nan
pid_smc_fusion,pid,PID 第2段,/home/fins/Zhouyuheng_workspace/tracking_depth/depth-estimation-dev/output/pid_live_20260818_185403/pipeline_results.jsonl,1787050617.65,1787050637.65,51,5.1938512325286865,0.9638012204691842,10.616722046918415,10.616722046918415,nan,nan
pid_smc_fusion,pid,PID 第2段,/home/fins/Zhouyuheng_workspace/tracking_depth/depth-estimation-dev/output/pid_live_20260818_185403/pipeline_results.jsonl,1787050617.65,1787050637.65,52,5.297991752624512,0.962768899227064,10.513489922706398,10.513489922706398,nan,nan
pid_smc_fusion,pid,PID 第2段,/home/fins/Zhouyuheng_workspace/tracking_depth/depth-estimation-dev/output/pid_live_20260818_185403/pipeline_results.jsonl,1787050617.65,1787050637.65,53,5.402434587478638,0.9619031518288497,10.426915182884965,10.426915182884965,nan,nan
pid_smc_fusion,pid,PID 第2段,/home/fins/Zhouyuheng_workspace/tracking_depth/depth-estimation-dev/output/pid_live_20260818_185403/pipeline_results.jsonl,1787050617.65,1787050637.65,54,5.4976255893707275,0.9608960182976107,10.326201829761072,10.326201829761072,nan,nan
pid_smc_fusion,pid,PID 第2段,/home/fins/Zhouyuheng_workspace/tracking_depth/depth-estimation-dev/output/pid_live_20260818_185403/pipeline_results.jsonl,1787050617.65,1787050637.65,55,5.602431297302246,0.9500328287683744,9.239882876837434,9.239882876837434,nan,nan
pid_smc_fusion,pid,PID 第2段,/home/fins/Zhouyuheng_workspace/tracking_depth/depth-estimation-dev/output/pid_live_20260818_185403/pipeline_results.jsonl,1787050617.65,1787050637.65,56,5.699693202972412,0.94907643338323,9.144243338323,9.144243338323,nan,nan
pid_smc_fusion,pid,PID 第2段,/home/fins/Zhouyuheng_workspace/tracking_depth/depth-estimation-dev/output/pid_live_20260818_185403/pipeline_results.jsonl,1787050617.65,1787050637.65,57,5.800958156585693,0.9483918036747798,9.075780367477982,9.075780367477982,nan,nan
pid_smc_fusion,pid,PID 第2段,/home/fins/Zhouyuheng_workspace/tracking_depth/depth-estimation-dev/output/pid_live_20260818_185403/pipeline_results.jsonl,1787050617.65,1787050637.65,58,5.915468215942383,0.9477939412198049,9.015994121980487,9.015994121980487,nan,nan
pid_smc_fusion,pid,PID 第2段,/home/fins/Zhouyuheng_workspace/tracking_depth/depth-estimation-dev/output/pid_live_20260818_185403/pipeline_results.jsonl,1787050617.65,1787050637.65,59,6.007783889770508,0.9060881923935264,4.845419239352644,4.845419239352644,nan,nan
pid_smc_fusion,pid,PID 第2段,/home/fins/Zhouyuheng_workspace/tracking_depth/depth-estimation-dev/output/pid_live_20260818_185403/pipeline_results.jsonl,1787050617.65,1787050637.65,60,6.105632305145264,0.9046554680125416,4.702146801254159,4.702146801254159,nan,nan
pid_smc_fusion,pid,PID 第2段,/home/fins/Zhouyuheng_workspace/tracking_depth/depth-estimation-dev/output/pid_live_20260818_185403/pipeline_results.jsonl,1787050617.65,1787050637.65,61,6.2118306159973145,0.9032729201585612,4.563892015856119,4.563892015856119,nan,nan
pid_smc_fusion,pid,PID 第2段,/home/fins/Zhouyuheng_workspace/tracking_depth/depth-estimation-dev/output/pid_live_20260818_185403/pipeline_results.jsonl,1787050617.65,1787050637.65,62,6.314996719360352,0.902316694706983,4.468269470698294,4.468269470698294,nan,nan
pid_smc_fusion,pid,PID 第2段,/home/fins/Zhouyuheng_workspace/tracking_depth/depth-estimation-dev/output/pid_live_20260818_185403/pipeline_results.jsonl,1787050617.65,1787050637.65,63,6.42081618309021,0.8735822622442591,1.5948262244259048,1.5948262244259048,nan,nan
pid_smc_fusion,pid,PID 第2段,/home/fins/Zhouyuheng_workspace/tracking_depth/depth-estimation-dev/output/pid_live_20260818_185403/pipeline_results.jsonl,1787050617.65,1787050637.65,64,6.509520530700684,0.8732974011659491,1.566340116594911,1.566340116594911,nan,nan
pid_smc_fusion,pid,PID 第2段,/home/fins/Zhouyuheng_workspace/tracking_depth/depth-estimation-dev/output/pid_live_20260818_185403/pipeline_results.jsonl,1787050617.65,1787050637.65,65,6.614335060119629,0.8731163685763599,1.5482368576359873,1.5482368576359873,nan,nan
pid_smc_fusion,pid,PID 第2段,/home/fins/Zhouyuheng_workspace/tracking_depth/depth-estimation-dev/output/pid_live_20260818_185403/pipeline_results.jsonl,1787050617.65,1787050637.65,66,6.716865301132202,0.8731384774711355,1.550447747113548,1.550447747113548,nan,nan
pid_smc_fusion,pid,PID 第2段,/home/fins/Zhouyuheng_workspace/tracking_depth/depth-estimation-dev/output/pid_live_20260818_185403/pipeline_results.jsonl,1787050617.65,1787050637.65,67,6.815946817398071,0.8625694349102098,0.4935434910209757,0.4935434910209757,nan,nan
pid_smc_fusion,pid,PID 第2段,/home/fins/Zhouyuheng_workspace/tracking_depth/depth-estimation-dev/output/pid_live_20260818_185403/pipeline_results.jsonl,1787050617.65,1787050637.65,68,6.924402713775635,0.8613124224662798,0.3678422466279807,0.3678422466279807,nan,nan
pid_smc_fusion,pid,PID 第2段,/home/fins/Zhouyuheng_workspace/tracking_depth/depth-estimation-dev/output/pid_live_20260818_185403/pipeline_results.jsonl,1787050617.65,1787050637.65,69,7.019015312194824,0.8601969081392995,0.2562908139299491,0.2562908139299491,nan,nan
pid_smc_fusion,pid,PID 第2段,/home/fins/Zhouyuheng_workspace/tracking_depth/depth-estimation-dev/output/pid_live_20260818_185403/pipeline_results.jsonl,1787050617.65,1787050637.65,70,7.117201089859009,0.8590598782364447,0.14258782364446887,0.14258782364446887,nan,nan
pid_smc_fusion,pid,PID 第2段,/home/fins/Zhouyuheng_workspace/tracking_depth/depth-estimation-dev/output/pid_live_20260818_185403/pipeline_results.jsonl,1787050617.65,1787050637.65,71,7.226624250411987,0.8767549225213751,1.9120922521375094,1.9120922521375094,nan,nan
pid_smc_fusion,pid,PID 第2段,/home/fins/Zhouyuheng_workspace/tracking_depth/depth-estimation-dev/output/pid_live_20260818_185403/pipeline_results.jsonl,1787050617.65,1787050637.65,72,7.3214335441589355,0.8769509441880659,1.9316944188065843,1.9316944188065843,nan,nan
pid_smc_fusion,pid,PID 第2段,/home/fins/Zhouyuheng_workspace/tracking_depth/depth-estimation-dev/output/pid_live_20260818_185403/pipeline_results.jsonl,1787050617.65,1787050637.65,73,7.433268070220947,0.8772152537445574,1.9581253744557436,1.9581253744557436,nan,nan
pid_smc_fusion,pid,PID 第2段,/home/fins/Zhouyuheng_workspace/tracking_depth/depth-estimation-dev/output/pid_live_20260818_185403/pipeline_results.jsonl,1787050617.65,1787050637.65,74,7.526659965515137,0.8777444995531998,2.0110499553199768,2.0110499553199768,nan,nan
pid_smc_fusion,pid,PID 第2段,/home/fins/Zhouyuheng_workspace/tracking_depth/depth-estimation-dev/output/pid_live_20260818_185403/pipeline_results.jsonl,1787050617.65,1787050637.65,75,7.6261820793151855,0.8806336981918923,2.2999698191892293,2.2999698191892293,nan,nan
pid_smc_fusion,pid,PID 第2段,/home/fins/Zhouyuheng_workspace/tracking_depth/depth-estimation-dev/output/pid_live_20260818_185403/pipeline_results.jsonl,1787050617.65,1787050637.65,76,7.732762336730957,0.8811253601877242,2.349136018772424,2.349136018772424,nan,nan
pid_smc_fusion,pid,PID 第2段,/home/fins/Zhouyuheng_workspace/tracking_depth/depth-estimation-dev/output/pid_live_20260818_185403/pipeline_results.jsonl,1787050617.65,1787050637.65,77,7.831074476242065,0.8817553751749545,2.4121375174954496,2.4121375174954496,nan,nan
pid_smc_fusion,pid,PID 第2段,/home/fins/Zhouyuheng_workspace/tracking_depth/depth-estimation-dev/output/pid_live_20260818_185403/pipeline_results.jsonl,1787050617.65,1787050637.65,78,7.937499761581421,0.8822136697785128,2.457966977851278,2.457966977851278,nan,nan
pid_smc_fusion,pid,PID 第2段,/home/fins/Zhouyuheng_workspace/tracking_depth/depth-estimation-dev/output/pid_live_20260818_185403/pipeline_results.jsonl,1787050617.65,1787050637.65,79,8.031111478805542,0.890721621848261,3.3087621848260973,3.3087621848260973,nan,nan
pid_smc_fusion,pid,PID 第2段,/home/fins/Zhouyuheng_workspace/tracking_depth/depth-estimation-dev/output/pid_live_20260818_185403/pipeline_results.jsonl,1787050617.65,1787050637.65,80,8.137986183166504,0.8908598745197935,3.322587451979353,3.322587451979353,nan,nan
pid_smc_fusion,pid,PID 第2段,/home/fins/Zhouyuheng_workspace/tracking_depth/depth-estimation-dev/output/pid_live_20260818_185403/pipeline_results.jsonl,1787050617.65,1787050637.65,81,8.238258361816406,0.8910408023094654,3.3406802309465355,3.3406802309465355,nan,nan
pid_smc_fusion,pid,PID 第2段,/home/fins/Zhouyuheng_workspace/tracking_depth/depth-estimation-dev/output/pid_live_20260818_185403/pipeline_results.jsonl,1787050617.65,1787050637.65,82,8.334668397903442,0.8913371813346016,3.3703181334601595,3.3703181334601595,nan,nan
pid_smc_fusion,pid,PID 第2段,/home/fins/Zhouyuheng_workspace/tracking_depth/depth-estimation-dev/output/pid_live_20260818_185403/pipeline_results.jsonl,1787050617.65,1787050637.65,83,8.440032720565796,0.8912598776344358,3.362587763443581,3.362587763443581,nan,nan
pid_smc_fusion,pid,PID 第2段,/home/fins/Zhouyuheng_workspace/tracking_depth/depth-estimation-dev/output/pid_live_20260818_185403/pipeline_results.jsonl,1787050617.65,1787050637.65,84,8.538744688034058,0.8917289036241398,3.4094903624139805,3.4094903624139805,nan,nan
pid_smc_fusion,pid,PID 第2段,/home/fins/Zhouyuheng_workspace/tracking_depth/depth-estimation-dev/output/pid_live_20260818_185403/pipeline_results.jsonl,1787050617.65,1787050637.65,85,8.637567520141602,0.8918474904181621,3.421349041816213,3.421349041816213,nan,nan
pid_smc_fusion,pid,PID 第2段,/home/fins/Zhouyuheng_workspace/tracking_depth/depth-estimation-dev/output/pid_live_20260818_185403/pipeline_results.jsonl,1787050617.65,1787050637.65,86,8.737457513809204,0.8919540156997758,3.432001569977583,3.432001569977583,nan,nan
pid_smc_fusion,pid,PID 第2段,/home/fins/Zhouyuheng_workspace/tracking_depth/depth-estimation-dev/output/pid_live_20260818_185403/pipeline_results.jsonl,1787050617.65,1787050637.65,87,8.840904712677002,0.9110730916055516,5.34390916055516,5.34390916055516,nan,nan
pid_smc_fusion,pid,PID 第2段,/home/fins/Zhouyuheng_workspace/tracking_depth/depth-estimation-dev/output/pid_live_20260818_185403/pipeline_results.jsonl,1787050617.65,1787050637.65,88,8.940211772918701,0.9114603675183031,5.382636751830305,5.382636751830305,nan,nan
pid_smc_fusion,pid,PID 第2段,/home/fins/Zhouyuheng_workspace/tracking_depth/depth-estimation-dev/output/pid_live_20260818_185403/pipeline_results.jsonl,1787050617.65,1787050637.65,89,9.046296834945679,0.9117337564160795,5.409975641607945,5.409975641607945,nan,nan
pid_smc_fusion,pid,PID 第2段,/home/fins/Zhouyuheng_workspace/tracking_depth/depth-estimation-dev/output/pid_live_20260818_185403/pipeline_results.jsonl,1787050617.65,1787050637.65,90,9.147976636886597,0.9116613469044454,5.402734690444544,5.402734690444544,nan,nan
pid_smc_fusion,pid,PID 第2段,/home/fins/Zhouyuheng_workspace/tracking_depth/depth-estimation-dev/output/pid_live_20260818_185403/pipeline_results.jsonl,1787050617.65,1787050637.65,91,9.246129751205444,0.9278007968706601,7.0166796870660075,7.0166796870660075,nan,nan
pid_smc_fusion,pid,PID 第2段,/home/fins/Zhouyuheng_workspace/tracking_depth/depth-estimation-dev/output/pid_live_20260818_185403/pipeline_results.jsonl,1787050617.65,1787050637.65,92,9.344635486602783,0.9279305493988637,7.029654939886365,7.029654939886365,nan,nan
pid_smc_fusion,pid,PID 第2段,/home/fins/Zhouyuheng_workspace/tracking_depth/depth-estimation-dev/output/pid_live_20260818_185403/pipeline_results.jsonl,1787050617.65,1787050637.65,93,9.447571277618408,0.9277428577852724,7.010885778527243,7.010885778527243,nan,nan
pid_smc_fusion,pid,PID 第2段,/home/fins/Zhouyuheng_workspace/tracking_depth/depth-estimation-dev/output/pid_live_20260818_185403/pipeline_results.jsonl,1787050617.65,1787050637.65,94,9.549169301986694,0.9273473155895751,6.971331558957505,6.971331558957505,nan,nan
pid_smc_fusion,pid,PID 第2段,/home/fins/Zhouyuheng_workspace/tracking_depth/depth-estimation-dev/output/pid_live_20260818_185403/pipeline_results.jsonl,1787050617.65,1787050637.65,95,9.650116682052612,0.9275685485156011,6.99345485156011,6.99345485156011,nan,nan
pid_smc_fusion,pid,PID 第2段,/home/fins/Zhouyuheng_workspace/tracking_depth/depth-estimation-dev/output/pid_live_20260818_185403/pipeline_results.jsonl,1787050617.65,1787050637.65,96,9.754744052886963,0.9274500421371357,6.981604213713566,6.981604213713566,nan,nan
pid_smc_fusion,pid,PID 第2段,/home/fins/Zhouyuheng_workspace/tracking_depth/depth-estimation-dev/output/pid_live_20260818_185403/pipeline_results.jsonl,1787050617.65,1787050637.65,97,9.855457305908203,0.9270251104475948,6.939111044759483,6.939111044759483,nan,nan
pid_smc_fusion,pid,PID 第2段,/home/fins/Zhouyuheng_workspace/tracking_depth/depth-estimation-dev/output/pid_live_20260818_185403/pipeline_results.jsonl,1787050617.65,1787050637.65,98,9.954466819763184,0.9267563388617559,6.912233886175589,6.912233886175589,nan,nan
pid_smc_fusion,pid,PID 第2段,/home/fins/Zhouyuheng_workspace/tracking_depth/depth-estimation-dev/output/pid_live_20260818_185403/pipeline_results.jsonl,1787050617.65,1787050637.65,99,10.05971884727478,0.9053213233453214,4.768732334532144,4.768732334532144,nan,nan
pid_smc_fusion,pid,PID 第2段,/home/fins/Zhouyuheng_workspace/tracking_depth/depth-estimation-dev/output/pid_live_20260818_185403/pipeline_results.jsonl,1787050617.65,1787050637.65,100,10.158313035964966,0.9043689789855127,4.673497898551271,4.673497898551271,nan,nan
pid_smc_fusion,pid,PID 第2段,/home/fins/Zhouyuheng_workspace/tracking_depth/depth-estimation-dev/output/pid_live_20260818_185403/pipeline_results.jsonl,1787050617.65,1787050637.65,101,10.258021116256714,0.9035332137864354,4.5899213786435356,4.5899213786435356,nan,nan
pid_smc_fusion,pid,PID 第2段,/home/fins/Zhouyuheng_workspace/tracking_depth/depth-estimation-dev/output/pid_live_20260818_185403/pipeline_results.jsonl,1787050617.65,1787050637.65,102,10.359415769577026,0.9026766421489139,4.504264214891385,4.504264214891385,nan,nan
pid_smc_fusion,pid,PID 第2段,/home/fins/Zhouyuheng_workspace/tracking_depth/depth-estimation-dev/output/pid_live_20260818_185403/pipeline_results.jsonl,1787050617.65,1787050637.65,103,10.460134267807007,0.9118907525805942,5.425675258059415,5.425675258059415,nan,nan
pid_smc_fusion,pid,PID 第2段,/home/fins/Zhouyuheng_workspace/tracking_depth/depth-estimation-dev/output/pid_live_20260818_185403/pipeline_results.jsonl,1787050617.65,1787050637.65,104,10.56271505355835,0.9113271234246008,5.369312342460075,5.369312342460075,nan,nan
pid_smc_fusion,pid,PID 第2段,/home/fins/Zhouyuheng_workspace/tracking_depth/depth-estimation-dev/output/pid_live_20260818_185403/pipeline_results.jsonl,1787050617.65,1787050637.65,105,10.660396575927734,0.9104403223578483,5.280632235784832,5.280632235784832,nan,nan
pid_smc_fusion,pid,PID 第2段,/home/fins/Zhouyuheng_workspace/tracking_depth/depth-estimation-dev/output/pid_live_20260818_185403/pipeline_results.jsonl,1787050617.65,1787050637.65,106,10.765558958053589,0.9099346991751902,5.23006991751902,5.23006991751902,nan,nan
pid_smc_fusion,pid,PID 第2段,/home/fins/Zhouyuheng_workspace/tracking_depth/depth-estimation-dev/output/pid_live_20260818_185403/pipeline_results.jsonl,1787050617.65,1787050637.65,107,10.865208148956299,0.8825962149336188,2.496221493361883,2.496221493361883,nan,nan
pid_smc_fusion,pid,PID 第2段,/home/fins/Zhouyuheng_workspace/tracking_depth/depth-estimation-dev/output/pid_live_20260818_185403/pipeline_results.jsonl,1787050617.65,1787050637.65,108,10.966357231140137,0.8825322223401666,2.4898222340166587,2.4898222340166587,nan,nan
pid_smc_fusion,pid,PID 第2段,/home/fins/Zhouyuheng_workspace/tracking_depth/depth-estimation-dev/output/pid_live_20260818_185403/pipeline_results.jsonl,1787050617.65,1787050637.65,109,11.068798780441284,0.8827089180805012,2.507491808050122,2.507491808050122,nan,nan
pid_smc_fusion,pid,PID 第2段,/home/fins/Zhouyuheng_workspace/tracking_depth/depth-estimation-dev/output/pid_live_20260818_185403/pipeline_results.jsonl,1787050617.65,1787050637.65,110,11.166950941085815,0.8831699095143173,2.553590951431728,2.553590951431728,nan,nan
pid_smc_fusion,pid,PID 第2段,/home/fins/Zhouyuheng_workspace/tracking_depth/depth-estimation-dev/output/pid_live_20260818_185403/pipeline_results.jsonl,1787050617.65,1787050637.65,111,11.268897294998169,0.8520226646531763,-0.5611335346823676,0.5611335346823676,nan,nan
pid_smc_fusion,pid,PID 第2段,/home/fins/Zhouyuheng_workspace/tracking_depth/depth-estimation-dev/output/pid_live_20260818_185403/pipeline_results.jsonl,1787050617.65,1787050637.65,112,11.371793270111084,0.8524716632293081,-0.5162336770691889,0.5162336770691889,nan,nan
pid_smc_fusion,pid,PID 第2段,/home/fins/Zhouyuheng_workspace/tracking_depth/depth-estimation-dev/output/pid_live_20260818_185403/pipeline_results.jsonl,1787050617.65,1787050637.65,113,11.472713232040405,0.8529502596864826,-0.46837403135173705,0.46837403135173705,nan,nan
pid_smc_fusion,pid,PID 第2段,/home/fins/Zhouyuheng_workspace/tracking_depth/depth-estimation-dev/output/pid_live_20260818_185403/pipeline_results.jsonl,1787050617.65,1787050637.65,114,11.576348781585693,0.8537898130809976,-0.3844186919002457,0.3844186919002457,nan,nan
pid_smc_fusion,pid,PID 第2段,/home/fins/Zhouyuheng_workspace/tracking_depth/depth-estimation-dev/output/pid_live_20260818_185403/pipeline_results.jsonl,1787050617.65,1787050637.65,115,11.6771080493927,0.8244191746557308,-3.3214825344269228,3.3214825344269228,nan,nan
pid_smc_fusion,pid,PID 第2段,/home/fins/Zhouyuheng_workspace/tracking_depth/depth-estimation-dev/output/pid_live_20260818_185403/pipeline_results.jsonl,1787050617.65,1787050637.65,116,11.777169704437256,0.8252579908805118,-3.2376009119488236,3.2376009119488236,nan,nan
pid_smc_fusion,pid,PID 第2段,/home/fins/Zhouyuheng_workspace/tracking_depth/depth-estimation-dev/output/pid_live_20260818_185403/pipeline_results.jsonl,1787050617.65,1787050637.65,117,11.87552547454834,0.826104575805992,-3.152942419400806,3.152942419400806,nan,nan
pid_smc_fusion,pid,PID 第2段,/home/fins/Zhouyuheng_workspace/tracking_depth/depth-estimation-dev/output/pid_live_20260818_185403/pipeline_results.jsonl,1787050617.65,1787050637.65,118,11.98611569404602,0.827003555214813,-3.063044478518706,3.063044478518706,nan,nan
pid_smc_fusion,pid,PID 第2段,/home/fins/Zhouyuheng_workspace/tracking_depth/depth-estimation-dev/output/pid_live_20260818_185403/pipeline_results.jsonl,1787050617.65,1787050637.65,119,12.086633443832397,0.8286088504746276,-2.9025149525372385,2.9025149525372385,nan,nan
pid_smc_fusion,pid,PID 第2段,/home/fins/Zhouyuheng_workspace/tracking_depth/depth-estimation-dev/output/pid_live_20260818_185403/pipeline_results.jsonl,1787050617.65,1787050637.65,120,12.18143916130066,0.8292630038755788,-2.8370996124421177,2.8370996124421177,nan,nan
pid_smc_fusion,pid,PID 第2段,/home/fins/Zhouyuheng_workspace/tracking_depth/depth-estimation-dev/output/pid_live_20260818_185403/pipeline_results.jsonl,1787050617.65,1787050637.65,121,12.284744262695312,0.829999350377256,-2.763464962274398,2.763464962274398,nan,nan
pid_smc_fusion,pid,PID 第2段,/home/fins/Zhouyuheng_workspace/tracking_depth/depth-estimation-dev/output/pid_live_20260818_185403/pipeline_results.jsonl,1787050617.65,1787050637.65,122,12.386101484298706,0.8303657974141174,-2.7268202585882584,2.7268202585882584,nan,nan
pid_smc_fusion,pid,PID 第2段,/home/fins/Zhouyuheng_workspace/tracking_depth/depth-estimation-dev/output/pid_live_20260818_185403/pipeline_results.jsonl,1787050617.65,1787050637.65,123,12.484331846237183,0.8672516330312061,0.9617633031206108,0.9617633031206108,nan,nan
pid_smc_fusion,pid,PID 第2段,/home/fins/Zhouyuheng_workspace/tracking_depth/depth-estimation-dev/output/pid_live_20260818_185403/pipeline_results.jsonl,1787050617.65,1787050637.65,124,12.587247371673584,0.8678098946932404,1.0175894693240428,1.0175894693240428,nan,nan
pid_smc_fusion,pid,PID 第2段,/home/fins/Zhouyuheng_workspace/tracking_depth/depth-estimation-dev/output/pid_live_20260818_185403/pipeline_results.jsonl,1787050617.65,1787050637.65,125,12.690192222595215,0.8681674195415703,1.0533419541570277,1.0533419541570277,nan,nan
pid_smc_fusion,pid,PID 第2段,/home/fins/Zhouyuheng_workspace/tracking_depth/depth-estimation-dev/output/pid_live_20260818_185403/pipeline_results.jsonl,1787050617.65,1787050637.65,126,12.787796974182129,0.86813024590642,1.0496245906419954,1.0496245906419954,nan,nan
pid_smc_fusion,pid,PID 第2段,/home/fins/Zhouyuheng_workspace/tracking_depth/depth-estimation-dev/output/pid_live_20260818_185403/pipeline_results.jsonl,1787050617.65,1787050637.65,127,12.890110731124878,0.8868067094843624,2.9172709484362347,2.9172709484362347,nan,nan
pid_smc_fusion,pid,PID 第2段,/home/fins/Zhouyuheng_workspace/tracking_depth/depth-estimation-dev/output/pid_live_20260818_185403/pipeline_results.jsonl,1787050617.65,1787050637.65,128,13.026312589645386,0.887062801006093,2.942880100609302,2.942880100609302,nan,nan
pid_smc_fusion,pid,PID 第2段,/home/fins/Zhouyuheng_workspace/tracking_depth/depth-estimation-dev/output/pid_live_20260818_185403/pipeline_results.jsonl,1787050617.65,1787050637.65,129,13.125975847244263,0.8872561242155927,2.962212421559274,2.962212421559274,nan,nan
pid_smc_fusion,pid,PID 第2段,/home/fins/Zhouyuheng_workspace/tracking_depth/depth-estimation-dev/output/pid_live_20260818_185403/pipeline_results.jsonl,1787050617.65,1787050637.65,130,13.232595920562744,0.8874534485208798,2.981944852087981,2.981944852087981,nan,nan
pid_smc_fusion,pid,PID 第2段,/home/fins/Zhouyuheng_workspace/tracking_depth/depth-estimation-dev/output/pid_live_20260818_185403/pipeline_results.jsonl,1787050617.65,1787050637.65,131,13.328511953353882,0.9035987074740934,4.5964707474093425,4.5964707474093425,nan,nan
pid_smc_fusion,pid,PID 第2段,/home/fins/Zhouyuheng_workspace/tracking_depth/depth-estimation-dev/output/pid_live_20260818_185403/pipeline_results.jsonl,1787050617.65,1787050637.65,132,13.428557872772217,0.9051632898874389,4.7529289887438875,4.7529289887438875,nan,nan
pid_smc_fusion,pid,PID 第2段,/home/fins/Zhouyuheng_workspace/tracking_depth/depth-estimation-dev/output/pid_live_20260818_185403/pipeline_results.jsonl,1787050617.65,1787050637.65,133,13.534569501876831,0.9065247471559639,4.8890747155963865,4.8890747155963865,nan,nan
pid_smc_fusion,pid,PID 第2段,/home/fins/Zhouyuheng_workspace/tracking_depth/depth-estimation-dev/output/pid_live_20260818_185403/pipeline_results.jsonl,1787050617.65,1787050637.65,134,13.636544704437256,0.9076162038457669,4.99822038457669,4.99822038457669,nan,nan
pid_smc_fusion,pid,PID 第2段,/home/fins/Zhouyuheng_workspace/tracking_depth/depth-estimation-dev/output/pid_live_20260818_185403/pipeline_results.jsonl,1787050617.65,1787050637.65,135,13.735253810882568,0.9571312677794974,9.949726777949742,9.949726777949742,nan,nan
pid_smc_fusion,pid,PID 第2段,/home/fins/Zhouyuheng_workspace/tracking_depth/depth-estimation-dev/output/pid_live_20260818_185403/pipeline_results.jsonl,1787050617.65,1787050637.65,136,13.837937593460083,0.9571897149161464,9.955571491614634,9.955571491614634,nan,nan
pid_smc_fusion,pid,PID 第2段,/home/fins/Zhouyuheng_workspace/tracking_depth/depth-estimation-dev/output/pid_live_20260818_185403/pipeline_results.jsonl,1787050617.65,1787050637.65,137,13.938403129577637,0.9572265388075065,9.959253880750651,9.959253880750651,nan,nan
pid_smc_fusion,pid,PID 第2段,/home/fins/Zhouyuheng_workspace/tracking_depth/depth-estimation-dev/output/pid_live_20260818_185403/pipeline_results.jsonl,1787050617.65,1787050637.65,138,14.036680459976196,0.9572788007979858,9.964480079798577,9.964480079798577,nan,nan
pid_smc_fusion,pid,PID 第2段,/home/fins/Zhouyuheng_workspace/tracking_depth/depth-estimation-dev/output/pid_live_20260818_185403/pipeline_results.jsonl,1787050617.65,1787050637.65,139,14.145688772201538,0.981722642859505,12.408864285950493,12.408864285950493,nan,nan
pid_smc_fusion,pid,PID 第2段,/home/fins/Zhouyuheng_workspace/tracking_depth/depth-estimation-dev/output/pid_live_20260818_185403/pipeline_results.jsonl,1787050617.65,1787050637.65,140,14.244507789611816,0.9816654703001422,12.403147030014217,12.403147030014217,nan,nan
pid_smc_fusion,pid,PID 第2段,/home/fins/Zhouyuheng_workspace/tracking_depth/depth-estimation-dev/output/pid_live_20260818_185403/pipeline_results.jsonl,1787050617.65,1787050637.65,141,14.344209671020508,0.9812178878167235,12.358388781672346,12.358388781672346,nan,nan
pid_smc_fusion,pid,PID 第2段,/home/fins/Zhouyuheng_workspace/tracking_depth/depth-estimation-dev/output/pid_live_20260818_185403/pipeline_results.jsonl,1787050617.65,1787050637.65,142,14.445971250534058,0.9806334996334751,12.299949963347512,12.299949963347512,nan,nan
pid_smc_fusion,pid,PID 第2段,/home/fins/Zhouyuheng_workspace/tracking_depth/depth-estimation-dev/output/pid_live_20260818_185403/pipeline_results.jsonl,1787050617.65,1787050637.65,143,14.545783042907715,1.0071025985096516,14.946859850965154,14.946859850965154,nan,nan
pid_smc_fusion,pid,PID 第2段,/home/fins/Zhouyuheng_workspace/tracking_depth/depth-estimation-dev/output/pid_live_20260818_185403/pipeline_results.jsonl,1787050617.65,1787050637.65,144,14.646111488342285,1.008331233455998,15.069723345599794,15.069723345599794,nan,nan
pid_smc_fusion,pid,PID 第2段,/home/fins/Zhouyuheng_workspace/tracking_depth/depth-estimation-dev/output/pid_live_20260818_185403/pipeline_results.jsonl,1787050617.65,1787050637.65,145,14.751453876495361,1.0095890013403306,15.195500134033058,15.195500134033058,nan,nan
pid_smc_fusion,pid,PID 第2段,/home/fins/Zhouyuheng_workspace/tracking_depth/depth-estimation-dev/output/pid_live_20260818_185403/pipeline_results.jsonl,1787050617.65,1787050637.65,146,14.850262641906738,1.0108182258279035,15.318422582790348,15.318422582790348,nan,nan
pid_smc_fusion,pid,PID 第2段,/home/fins/Zhouyuheng_workspace/tracking_depth/depth-estimation-dev/output/pid_live_20260818_185403/pipeline_results.jsonl,1787050617.65,1787050637.65,147,14.94984769821167,1.0044159092723763,14.678190927237633,14.678190927237633,nan,nan
pid_smc_fusion,pid,PID 第2段,/home/fins/Zhouyuheng_workspace/tracking_depth/depth-estimation-dev/output/pid_live_20260818_185403/pipeline_results.jsonl,1787050617.65,1787050637.65,148,15.053585767745972,1.0049345645693055,14.730056456930551,14.730056456930551,nan,nan
pid_smc_fusion,pid,PID 第2段,/home/fins/Zhouyuheng_workspace/tracking_depth/depth-estimation-dev/output/pid_live_20260818_185403/pipeline_results.jsonl,1787050617.65,1787050637.65,149,15.155868768692017,1.005608739494427,14.797473949442708,14.797473949442708,nan,nan
pid_smc_fusion,pid,PID 第2段,/home/fins/Zhouyuheng_workspace/tracking_depth/depth-estimation-dev/output/pid_live_20260818_185403/pipeline_results.jsonl,1787050617.65,1787050637.65,150,15.25458836555481,1.006286742838392,14.865274283839192,14.865274283839192,nan,nan
pid_smc_fusion,pid,PID 第2段,/home/fins/Zhouyuheng_workspace/tracking_depth/depth-estimation-dev/output/pid_live_20260818_185403/pipeline_results.jsonl,1787050617.65,1787050637.65,151,15.357650756835938,0.9402682066914365,8.26342066914365,8.26342066914365,nan,nan
pid_smc_fusion,pid,PID 第2段,/home/fins/Zhouyuheng_workspace/tracking_depth/depth-estimation-dev/output/pid_live_20260818_185403/pipeline_results.jsonl,1787050617.65,1787050637.65,152,15.459700107574463,0.9400209763089231,8.238697630892311,8.238697630892311,nan,nan
pid_smc_fusion,pid,PID 第2段,/home/fins/Zhouyuheng_workspace/tracking_depth/depth-estimation-dev/output/pid_live_20260818_185403/pipeline_results.jsonl,1787050617.65,1787050637.65,153,15.55595874786377,0.9399304269264919,8.229642692649186,8.229642692649186,nan,nan
pid_smc_fusion,pid,PID 第2段,/home/fins/Zhouyuheng_workspace/tracking_depth/depth-estimation-dev/output/pid_live_20260818_185403/pipeline_results.jsonl,1787050617.65,1787050637.65,154,15.658000707626343,0.9397049278655536,8.207092786555359,8.207092786555359,nan,nan
pid_smc_fusion,pid,PID 第2段,/home/fins/Zhouyuheng_workspace/tracking_depth/depth-estimation-dev/output/pid_live_20260818_185403/pipeline_results.jsonl,1787050617.65,1787050637.65,155,15.762007474899292,0.8708324144397954,1.3198414439795414,1.3198414439795414,nan,nan
pid_smc_fusion,pid,PID 第2段,/home/fins/Zhouyuheng_workspace/tracking_depth/depth-estimation-dev/output/pid_live_20260818_185403/pipeline_results.jsonl,1787050617.65,1787050637.65,156,15.865081071853638,0.8706650214833729,1.3031021483372873,1.3031021483372873,nan,nan
pid_smc_fusion,pid,PID 第2段,/home/fins/Zhouyuheng_workspace/tracking_depth/depth-estimation-dev/output/pid_live_20260818_185403/pipeline_results.jsonl,1787050617.65,1787050637.65,157,15.961836338043213,0.8705267570776547,1.2892757077654693,1.2892757077654693,nan,nan
pid_smc_fusion,pid,PID 第2段,/home/fins/Zhouyuheng_workspace/tracking_depth/depth-estimation-dev/output/pid_live_20260818_185403/pipeline_results.jsonl,1787050617.65,1787050637.65,158,16.06586241722107,0.8704371502243113,1.2803150224311333,1.2803150224311333,nan,nan
pid_smc_fusion,pid,PID 第2段,/home/fins/Zhouyuheng_workspace/tracking_depth/depth-estimation-dev/output/pid_live_20260818_185403/pipeline_results.jsonl,1787050617.65,1787050637.65,159,16.166130781173706,0.8275234014640134,-3.0110598535986632,3.0110598535986632,nan,nan
pid_smc_fusion,pid,PID 第2段,/home/fins/Zhouyuheng_workspace/tracking_depth/depth-estimation-dev/output/pid_live_20260818_185403/pipeline_results.jsonl,1787050617.65,1787050637.65,160,16.26525592803955,0.826395849780742,-3.123815021925802,3.123815021925802,nan,nan
pid_smc_fusion,pid,PID 第2段,/home/fins/Zhouyuheng_workspace/tracking_depth/depth-estimation-dev/output/pid_live_20260818_185403/pipeline_results.jsonl,1787050617.65,1787050637.65,161,16.369343996047974,0.8253548537487574,-3.227914625124262,3.227914625124262,nan,nan
pid_smc_fusion,pid,PID 第2段,/home/fins/Zhouyuheng_workspace/tracking_depth/depth-estimation-dev/output/pid_live_20260818_185403/pipeline_results.jsonl,1787050617.65,1787050637.65,162,16.468655586242676,0.8245576465083062,-3.30763534916938,3.30763534916938,nan,nan
pid_smc_fusion,pid,PID 第2段,/home/fins/Zhouyuheng_workspace/tracking_depth/depth-estimation-dev/output/pid_live_20260818_185403/pipeline_results.jsonl,1787050617.65,1787050637.65,163,16.569645881652832,0.80694332558195,-5.0690674418049975,5.0690674418049975,nan,nan
pid_smc_fusion,pid,PID 第2段,/home/fins/Zhouyuheng_workspace/tracking_depth/depth-estimation-dev/output/pid_live_20260818_185403/pipeline_results.jsonl,1787050617.65,1787050637.65,164,16.675187826156616,0.8069417067943625,-5.069229320563751,5.069229320563751,nan,nan
pid_smc_fusion,pid,PID 第2段,/home/fins/Zhouyuheng_workspace/tracking_depth/depth-estimation-dev/output/pid_live_20260818_185403/pipeline_results.jsonl,1787050617.65,1787050637.65,165,16.775670051574707,0.8068941821324638,-5.073981786753623,5.073981786753623,nan,nan
pid_smc_fusion,pid,PID 第2段,/home/fins/Zhouyuheng_workspace/tracking_depth/depth-estimation-dev/output/pid_live_20260818_185403/pipeline_results.jsonl,1787050617.65,1787050637.65,166,16.87255549430847,0.8068502121535615,-5.0783787846438555,5.0783787846438555,nan,nan
pid_smc_fusion,pid,PID 第2段,/home/fins/Zhouyuheng_workspace/tracking_depth/depth-estimation-dev/output/pid_live_20260818_185403/pipeline_results.jsonl,1787050617.65,1787050637.65,167,16.979822158813477,0.8032712446058019,-5.43627553941981,5.43627553941981,nan,nan
pid_smc_fusion,pid,PID 第2段,/home/fins/Zhouyuheng_workspace/tracking_depth/depth-estimation-dev/output/pid_live_20260818_185403/pipeline_results.jsonl,1787050617.65,1787050637.65,168,17.079489707946777,0.8028139361416922,-5.482006385830784,5.482006385830784,nan,nan
pid_smc_fusion,pid,PID 第2段,/home/fins/Zhouyuheng_workspace/tracking_depth/depth-estimation-dev/output/pid_live_20260818_185403/pipeline_results.jsonl,1787050617.65,1787050637.65,169,17.177081823349,0.8015810220066235,-5.60529779933765,5.60529779933765,nan,nan
pid_smc_fusion,pid,PID 第2段,/home/fins/Zhouyuheng_workspace/tracking_depth/depth-estimation-dev/output/pid_live_20260818_185403/pipeline_results.jsonl,1787050617.65,1787050637.65,170,17.277125358581543,0.8005941661369502,-5.703983386304978,5.703983386304978,nan,nan
pid_smc_fusion,pid,PID 第2段,/home/fins/Zhouyuheng_workspace/tracking_depth/depth-estimation-dev/output/pid_live_20260818_185403/pipeline_results.jsonl,1787050617.65,1787050637.65,171,17.38103199005127,0.7981415203651376,-5.949247963486237,5.949247963486237,nan,nan
pid_smc_fusion,pid,PID 第2段,/home/fins/Zhouyuheng_workspace/tracking_depth/depth-estimation-dev/output/pid_live_20260818_185403/pipeline_results.jsonl,1787050617.65,1787050637.65,172,17.481098413467407,0.7976660548671017,-5.996794513289827,5.996794513289827,nan,nan
pid_smc_fusion,pid,PID 第2段,/home/fins/Zhouyuheng_workspace/tracking_depth/depth-estimation-dev/output/pid_live_20260818_185403/pipeline_results.jsonl,1787050617.65,1787050637.65,173,17.582335472106934,0.7969789401253955,-6.065505987460451,6.065505987460451,nan,nan
pid_smc_fusion,pid,PID 第2段,/home/fins/Zhouyuheng_workspace/tracking_depth/depth-estimation-dev/output/pid_live_20260818_185403/pipeline_results.jsonl,1787050617.65,1787050637.65,174,17.68550753593445,0.7962864532265719,-6.134754677342813,6.134754677342813,nan,nan
pid_smc_fusion,pid,PID 第2段,/home/fins/Zhouyuheng_workspace/tracking_depth/depth-estimation-dev/output/pid_live_20260818_185403/pipeline_results.jsonl,1787050617.65,1787050637.65,175,17.787075519561768,0.7836212379084249,-7.401276209157515,7.401276209157515,nan,nan
pid_smc_fusion,pid,PID 第2段,/home/fins/Zhouyuheng_workspace/tracking_depth/depth-estimation-dev/output/pid_live_20260818_185403/pipeline_results.jsonl,1787050617.65,1787050637.65,176,17.88683795928955,0.7830135269849952,-7.462047301500485,7.462047301500485,nan,nan
pid_smc_fusion,pid,PID 第2段,/home/fins/Zhouyuheng_workspace/tracking_depth/depth-estimation-dev/output/pid_live_20260818_185403/pipeline_results.jsonl,1787050617.65,1787050637.65,177,17.989596843719482,0.7825680888177511,-7.506591118224892,7.506591118224892,nan,nan
pid_smc_fusion,pid,PID 第2段,/home/fins/Zhouyuheng_workspace/tracking_depth/depth-estimation-dev/output/pid_live_20260818_185403/pipeline_results.jsonl,1787050617.65,1787050637.65,178,18.089667797088623,0.7824413866844917,-7.5192613315508305,7.5192613315508305,nan,nan
pid_smc_fusion,pid,PID 第2段,/home/fins/Zhouyuheng_workspace/tracking_depth/depth-estimation-dev/output/pid_live_20260818_185403/pipeline_results.jsonl,1787050617.65,1787050637.65,179,18.191084146499634,0.7767826998761889,-8.085130012381114,8.085130012381114,nan,nan
pid_smc_fusion,pid,PID 第2段,/home/fins/Zhouyuheng_workspace/tracking_depth/depth-estimation-dev/output/pid_live_20260818_185403/pipeline_results.jsonl,1787050617.65,1787050637.65,180,18.296703338623047,0.7770694474537279,-8.056455254627215,8.056455254627215,nan,nan
pid_smc_fusion,pid,PID 第2段,/home/fins/Zhouyuheng_workspace/tracking_depth/depth-estimation-dev/output/pid_live_20260818_185403/pipeline_results.jsonl,1787050617.65,1787050637.65,181,18.39299249649048,0.7775209460169867,-8.011305398301328,8.011305398301328,nan,nan
pid_smc_fusion,pid,PID 第2段,/home/fins/Zhouyuheng_workspace/tracking_depth/depth-estimation-dev/output/pid_live_20260818_185403/pipeline_results.jsonl,1787050617.65,1787050637.65,182,18.49488139152527,0.7780183782945704,-7.961562170542957,7.961562170542957,nan,nan
pid_smc_fusion,pid,PID 第2段,/home/fins/Zhouyuheng_workspace/tracking_depth/depth-estimation-dev/output/pid_live_20260818_185403/pipeline_results.jsonl,1787050617.65,1787050637.65,183,18.597121477127075,0.7931760408876911,-6.445795911230889,6.445795911230889,nan,nan
pid_smc_fusion,pid,PID 第2段,/home/fins/Zhouyuheng_workspace/tracking_depth/depth-estimation-dev/output/pid_live_20260818_185403/pipeline_results.jsonl,1787050617.65,1787050637.65,184,18.698241472244263,0.7937282056893333,-6.3905794310666675,6.3905794310666675,nan,nan
pid_smc_fusion,pid,PID 第2段,/home/fins/Zhouyuheng_workspace/tracking_depth/depth-estimation-dev/output/pid_live_20260818_185403/pipeline_results.jsonl,1787050617.65,1787050637.65,185,18.797608375549316,0.794357283918675,-6.327671608132501,6.327671608132501,nan,nan
pid_smc_fusion,pid,PID 第2段,/home/fins/Zhouyuheng_workspace/tracking_depth/depth-estimation-dev/output/pid_live_20260818_185403/pipeline_results.jsonl,1787050617.65,1787050637.65,186,18.903223991394043,0.7949028199787735,-6.273118002122646,6.273118002122646,nan,nan
pid_smc_fusion,pid,PID 第2段,/home/fins/Zhouyuheng_workspace/tracking_depth/depth-estimation-dev/output/pid_live_20260818_185403/pipeline_results.jsonl,1787050617.65,1787050637.65,187,19.009055852890015,0.824429001032075,-3.320499896792506,3.320499896792506,nan,nan
pid_smc_fusion,pid,PID 第2段,/home/fins/Zhouyuheng_workspace/tracking_depth/depth-estimation-dev/output/pid_live_20260818_185403/pipeline_results.jsonl,1787050617.65,1787050637.65,188,19.102224111557007,0.8246362680725063,-3.2997731927493668,3.2997731927493668,nan,nan
pid_smc_fusion,pid,PID 第2段,/home/fins/Zhouyuheng_workspace/tracking_depth/depth-estimation-dev/output/pid_live_20260818_185403/pipeline_results.jsonl,1787050617.65,1787050637.65,189,19.201534032821655,0.8246507758300303,-3.2983224169969683,3.2983224169969683,nan,nan
pid_smc_fusion,pid,PID 第2段,/home/fins/Zhouyuheng_workspace/tracking_depth/depth-estimation-dev/output/pid_live_20260818_185403/pipeline_results.jsonl,1787050617.65,1787050637.65,190,19.305911540985107,0.8243760158334243,-3.325798416657566,3.325798416657566,nan,nan
pid_smc_fusion,pid,PID 第2段,/home/fins/Zhouyuheng_workspace/tracking_depth/depth-estimation-dev/output/pid_live_20260818_185403/pipeline_results.jsonl,1787050617.65,1787050637.65,191,19.404622316360474,0.8557811512585805,-0.1852848741419555,0.1852848741419555,nan,nan
pid_smc_fusion,pid,PID 第2段,/home/fins/Zhouyuheng_workspace/tracking_depth/depth-estimation-dev/output/pid_live_20260818_185403/pipeline_results.jsonl,1787050617.65,1787050637.65,192,19.5050847530365,0.8555156810204396,-0.21183189795603852,0.21183189795603852,nan,nan
pid_smc_fusion,pid,PID 第2段,/home/fins/Zhouyuheng_workspace/tracking_depth/depth-estimation-dev/output/pid_live_20260818_185403/pipeline_results.jsonl,1787050617.65,1787050637.65,193,19.6105318069458,0.8555938522422724,-0.20401477577276506,0.20401477577276506,nan,nan
pid_smc_fusion,pid,PID 第2段,/home/fins/Zhouyuheng_workspace/tracking_depth/depth-estimation-dev/output/pid_live_20260818_185403/pipeline_results.jsonl,1787050617.65,1787050637.65,194,19.710102558135986,0.8557122976638789,-0.19217023361211005,0.19217023361211005,nan,nan
pid_smc_fusion,pid,PID 第2段,/home/fins/Zhouyuheng_workspace/tracking_depth/depth-estimation-dev/output/pid_live_20260818_185403/pipeline_results.jsonl,1787050617.65,1787050637.65,195,19.810352087020874,0.8710696269622826,1.343562696228262,1.343562696228262,nan,nan
pid_smc_fusion,pid,PID 第2段,/home/fins/Zhouyuheng_workspace/tracking_depth/depth-estimation-dev/output/pid_live_20260818_185403/pipeline_results.jsonl,1787050617.65,1787050637.65,196,19.913851261138916,0.8711100181927298,1.347601819272981,1.347601819272981,nan,nan
pid_smc_fusion,pid,PID 第3段,/home/fins/Zhouyuheng_workspace/tracking_depth/depth-estimation-dev/output/pid_live_20260818_185403/pipeline_results.jsonl,1787050657.65,1787050677.65,0,0.06820344924926758,0.7679986819977369,-8.96353180022631,8.96353180022631,nan,nan
pid_smc_fusion,pid,PID 第3段,/home/fins/Zhouyuheng_workspace/tracking_depth/depth-estimation-dev/output/pid_live_20260818_185403/pipeline_results.jsonl,1787050657.65,1787050677.65,1,0.17052745819091797,0.7676892270255637,-8.994477297443627,8.994477297443627,nan,nan
pid_smc_fusion,pid,PID 第3段,/home/fins/Zhouyuheng_workspace/tracking_depth/depth-estimation-dev/output/pid_live_20260818_185403/pipeline_results.jsonl,1787050657.65,1787050677.65,2,0.2647991180419922,0.7675388499315139,-9.009515006848613,9.009515006848613,nan,nan
pid_smc_fusion,pid,PID 第3段,/home/fins/Zhouyuheng_workspace/tracking_depth/depth-estimation-dev/output/pid_live_20260818_185403/pipeline_results.jsonl,1787050657.65,1787050677.65,3,0.37332653999328613,0.7673288456909362,-9.030515430906384,9.030515430906384,nan,nan
pid_smc_fusion,pid,PID 第3段,/home/fins/Zhouyuheng_workspace/tracking_depth/depth-estimation-dev/output/pid_live_20260818_185403/pipeline_results.jsonl,1787050657.65,1787050677.65,4,0.46799230575561523,0.8020868129483556,-5.554718705164441,5.554718705164441,nan,nan
pid_smc_fusion,pid,PID 第3段,/home/fins/Zhouyuheng_workspace/tracking_depth/depth-estimation-dev/output/pid_live_20260818_185403/pipeline_results.jsonl,1787050657.65,1787050677.65,5,0.5720126628875732,0.8023393662128877,-5.52946337871123,5.52946337871123,nan,nan
pid_smc_fusion,pid,PID 第3段,/home/fins/Zhouyuheng_workspace/tracking_depth/depth-estimation-dev/output/pid_live_20260818_185403/pipeline_results.jsonl,1787050657.65,1787050677.65,6,0.6742444038391113,0.8025590233785453,-5.507497662145466,5.507497662145466,nan,nan
pid_smc_fusion,pid,PID 第3段,/home/fins/Zhouyuheng_workspace/tracking_depth/depth-estimation-dev/output/pid_live_20260818_185403/pipeline_results.jsonl,1787050657.65,1787050677.65,7,0.7735722064971924,0.8029079634089133,-5.472603659108666,5.472603659108666,nan,nan
pid_smc_fusion,pid,PID 第3段,/home/fins/Zhouyuheng_workspace/tracking_depth/depth-estimation-dev/output/pid_live_20260818_185403/pipeline_results.jsonl,1787050657.65,1787050677.65,8,0.8728837966918945,0.8496921270723194,-0.794187292768056,0.794187292768056,nan,nan
pid_smc_fusion,pid,PID 第3段,/home/fins/Zhouyuheng_workspace/tracking_depth/depth-estimation-dev/output/pid_live_20260818_185403/pipeline_results.jsonl,1787050657.65,1787050677.65,9,0.9793531894683838,0.8505591314154601,-0.7074868584539873,0.7074868584539873,nan,nan
pid_smc_fusion,pid,PID 第3段,/home/fins/Zhouyuheng_workspace/tracking_depth/depth-estimation-dev/output/pid_live_20260818_185403/pipeline_results.jsonl,1787050657.65,1787050677.65,10,1.078662395477295,0.8512554035177453,-0.6378596482254695,0.6378596482254695,nan,nan
pid_smc_fusion,pid,PID 第3段,/home/fins/Zhouyuheng_workspace/tracking_depth/depth-estimation-dev/output/pid_live_20260818_185403/pipeline_results.jsonl,1787050657.65,1787050677.65,11,1.178185224533081,0.8516107613876014,-0.6023238612398618,0.6023238612398618,nan,nan
pid_smc_fusion,pid,PID 第3段,/home/fins/Zhouyuheng_workspace/tracking_depth/depth-estimation-dev/output/pid_live_20260818_185403/pipeline_results.jsonl,1787050657.65,1787050677.65,12,1.2775814533233643,0.8858559153578915,2.8221915357891536,2.8221915357891536,nan,nan
pid_smc_fusion,pid,PID 第3段,/home/fins/Zhouyuheng_workspace/tracking_depth/depth-estimation-dev/output/pid_live_20260818_185403/pipeline_results.jsonl,1787050657.65,1787050677.65,13,1.3812065124511719,0.8859367377696223,2.8302737769622333,2.8302737769622333,nan,nan
pid_smc_fusion,pid,PID 第3段,/home/fins/Zhouyuheng_workspace/tracking_depth/depth-estimation-dev/output/pid_live_20260818_185403/pipeline_results.jsonl,1787050657.65,1787050677.65,14,1.4809277057647705,0.8856486192210424,2.8014619221042425,2.8014619221042425,nan,nan
pid_smc_fusion,pid,PID 第3段,/home/fins/Zhouyuheng_workspace/tracking_depth/depth-estimation-dev/output/pid_live_20260818_185403/pipeline_results.jsonl,1787050657.65,1787050677.65,15,1.584181547164917,0.8855256738270483,2.789167382704827,2.789167382704827,nan,nan
pid_smc_fusion,pid,PID 第3段,/home/fins/Zhouyuheng_workspace/tracking_depth/depth-estimation-dev/output/pid_live_20260818_185403/pipeline_results.jsonl,1787050657.65,1787050677.65,16,1.685694694519043,0.9083457943145707,5.0711794314570735,5.0711794314570735,nan,nan
pid_smc_fusion,pid,PID 第3段,/home/fins/Zhouyuheng_workspace/tracking_depth/depth-estimation-dev/output/pid_live_20260818_185403/pipeline_results.jsonl,1787050657.65,1787050677.65,17,1.786217451095581,0.9083215489331744,5.06875489331744,5.06875489331744,nan,nan
pid_smc_fusion,pid,PID 第3段,/home/fins/Zhouyuheng_workspace/tracking_depth/depth-estimation-dev/output/pid_live_20260818_185403/pipeline_results.jsonl,1787050657.65,1787050677.65,18,1.8866097927093506,0.908203975492498,5.056997549249798,5.056997549249798,nan,nan
pid_smc_fusion,pid,PID 第3段,/home/fins/Zhouyuheng_workspace/tracking_depth/depth-estimation-dev/output/pid_live_20260818_185403/pipeline_results.jsonl,1787050657.65,1787050677.65,19,1.9895167350769043,0.9080483446796928,5.041434467969275,5.041434467969275,nan,nan
pid_smc_fusion,pid,PID 第3段,/home/fins/Zhouyuheng_workspace/tracking_depth/depth-estimation-dev/output/pid_live_20260818_185403/pipeline_results.jsonl,1787050657.65,1787050677.65,20,2.0896761417388916,0.9183443925591801,6.071039255918009,6.071039255918009,nan,nan
pid_smc_fusion,pid,PID 第3段,/home/fins/Zhouyuheng_workspace/tracking_depth/depth-estimation-dev/output/pid_live_20260818_185403/pipeline_results.jsonl,1787050657.65,1787050677.65,21,2.1905088424682617,0.9193383503239378,6.170435032393784,6.170435032393784,nan,nan
pid_smc_fusion,pid,PID 第3段,/home/fins/Zhouyuheng_workspace/tracking_depth/depth-estimation-dev/output/pid_live_20260818_185403/pipeline_results.jsonl,1787050657.65,1787050677.65,22,2.2967381477355957,0.9202829816113309,6.264898161133092,6.264898161133092,nan,nan
pid_smc_fusion,pid,PID 第3段,/home/fins/Zhouyuheng_workspace/tracking_depth/depth-estimation-dev/output/pid_live_20260818_185403/pipeline_results.jsonl,1787050657.65,1787050677.65,23,2.392754554748535,0.9210126776320795,6.337867763207949,6.337867763207949,nan,nan
pid_smc_fusion,pid,PID 第3段,/home/fins/Zhouyuheng_workspace/tracking_depth/depth-estimation-dev/output/pid_live_20260818_185403/pipeline_results.jsonl,1787050657.65,1787050677.65,24,2.494743824005127,0.9191790415219276,6.1545041521927635,6.1545041521927635,nan,nan
pid_smc_fusion,pid,PID 第3段,/home/fins/Zhouyuheng_workspace/tracking_depth/depth-estimation-dev/output/pid_live_20260818_185403/pipeline_results.jsonl,1787050657.65,1787050677.65,25,2.597104787826538,0.9195537876613917,6.191978766139172,6.191978766139172,nan,nan
pid_smc_fusion,pid,PID 第3段,/home/fins/Zhouyuheng_workspace/tracking_depth/depth-estimation-dev/output/pid_live_20260818_185403/pipeline_results.jsonl,1787050657.65,1787050677.65,26,2.6981890201568604,0.9198876620595682,6.225366205956817,6.225366205956817,nan,nan
pid_smc_fusion,pid,PID 第3段,/home/fins/Zhouyuheng_workspace/tracking_depth/depth-estimation-dev/output/pid_live_20260818_185403/pipeline_results.jsonl,1787050657.65,1787050677.65,27,2.8018696308135986,0.920050311109277,6.241631110927703,6.241631110927703,nan,nan
pid_smc_fusion,pid,PID 第3段,/home/fins/Zhouyuheng_workspace/tracking_depth/depth-estimation-dev/output/pid_live_20260818_185403/pipeline_results.jsonl,1787050657.65,1787050677.65,28,2.9033377170562744,0.9053921050291611,4.775810502916111,4.775810502916111,nan,nan
pid_smc_fusion,pid,PID 第3段,/home/fins/Zhouyuheng_workspace/tracking_depth/depth-estimation-dev/output/pid_live_20260818_185403/pipeline_results.jsonl,1787050657.65,1787050677.65,29,3.006789207458496,0.9058583870637982,4.822438706379817,4.822438706379817,nan,nan
pid_smc_fusion,pid,PID 第3段,/home/fins/Zhouyuheng_workspace/tracking_depth/depth-estimation-dev/output/pid_live_20260818_185403/pipeline_results.jsonl,1787050657.65,1787050677.65,30,3.100231885910034,0.9062806184966927,4.864661849669272,4.864661849669272,nan,nan
pid_smc_fusion,pid,PID 第3段,/home/fins/Zhouyuheng_workspace/tracking_depth/depth-estimation-dev/output/pid_live_20260818_185403/pipeline_results.jsonl,1787050657.65,1787050677.65,31,3.2058677673339844,0.9067113527369044,4.907735273690439,4.907735273690439,nan,nan
pid_smc_fusion,pid,PID 第3段,/home/fins/Zhouyuheng_workspace/tracking_depth/depth-estimation-dev/output/pid_live_20260818_185403/pipeline_results.jsonl,1787050657.65,1787050677.65,32,3.3063554763793945,0.9069952779404133,4.936127794041334,4.936127794041334,nan,nan
pid_smc_fusion,pid,PID 第3段,/home/fins/Zhouyuheng_workspace/tracking_depth/depth-estimation-dev/output/pid_live_20260818_185403/pipeline_results.jsonl,1787050657.65,1787050677.65,33,3.4036920070648193,0.9076569563840591,5.002295638405907,5.002295638405907,nan,nan
pid_smc_fusion,pid,PID 第3段,/home/fins/Zhouyuheng_workspace/tracking_depth/depth-estimation-dev/output/pid_live_20260818_185403/pipeline_results.jsonl,1787050657.65,1787050677.65,34,3.506849527359009,0.9086820174204315,5.104801742043152,5.104801742043152,nan,nan
pid_smc_fusion,pid,PID 第3段,/home/fins/Zhouyuheng_workspace/tracking_depth/depth-estimation-dev/output/pid_live_20260818_185403/pipeline_results.jsonl,1787050657.65,1787050677.65,35,3.6115899085998535,0.9096687479373886,5.20347479373886,5.20347479373886,nan,nan
pid_smc_fusion,pid,PID 第3段,/home/fins/Zhouyuheng_workspace/tracking_depth/depth-estimation-dev/output/pid_live_20260818_185403/pipeline_results.jsonl,1787050657.65,1787050677.65,36,3.70878005027771,0.9008585434891239,4.322454348912386,4.322454348912386,nan,nan
pid_smc_fusion,pid,PID 第3段,/home/fins/Zhouyuheng_workspace/tracking_depth/depth-estimation-dev/output/pid_live_20260818_185403/pipeline_results.jsonl,1787050657.65,1787050677.65,37,3.8084609508514404,0.9017368467140703,4.410284671407028,4.410284671407028,nan,nan
pid_smc_fusion,pid,PID 第3段,/home/fins/Zhouyuheng_workspace/tracking_depth/depth-estimation-dev/output/pid_live_20260818_185403/pipeline_results.jsonl,1787050657.65,1787050677.65,38,3.916388750076294,0.9026647469632492,4.503074696324916,4.503074696324916,nan,nan
pid_smc_fusion,pid,PID 第3段,/home/fins/Zhouyuheng_workspace/tracking_depth/depth-estimation-dev/output/pid_live_20260818_185403/pipeline_results.jsonl,1787050657.65,1787050677.65,39,4.013921737670898,0.9034183905452562,4.578439054525618,4.578439054525618,nan,nan
pid_smc_fusion,pid,PID 第3段,/home/fins/Zhouyuheng_workspace/tracking_depth/depth-estimation-dev/output/pid_live_20260818_185403/pipeline_results.jsonl,1787050657.65,1787050677.65,40,4.113494873046875,0.9058055136234171,4.8171513623417095,4.8171513623417095,nan,nan
pid_smc_fusion,pid,PID 第3段,/home/fins/Zhouyuheng_workspace/tracking_depth/depth-estimation-dev/output/pid_live_20260818_185403/pipeline_results.jsonl,1787050657.65,1787050677.65,41,4.216378211975098,0.9054943096483898,4.786030964838983,4.786030964838983,nan,nan
pid_smc_fusion,pid,PID 第3段,/home/fins/Zhouyuheng_workspace/tracking_depth/depth-estimation-dev/output/pid_live_20260818_185403/pipeline_results.jsonl,1787050657.65,1787050677.65,42,4.316884279251099,0.9049916577821198,4.7357657782119755,4.7357657782119755,nan,nan
pid_smc_fusion,pid,PID 第3段,/home/fins/Zhouyuheng_workspace/tracking_depth/depth-estimation-dev/output/pid_live_20260818_185403/pipeline_results.jsonl,1787050657.65,1787050677.65,43,4.4218480587005615,0.9045936759168911,4.69596759168911,4.69596759168911,nan,nan
pid_smc_fusion,pid,PID 第3段,/home/fins/Zhouyuheng_workspace/tracking_depth/depth-estimation-dev/output/pid_live_20260818_185403/pipeline_results.jsonl,1787050657.65,1787050677.65,44,4.5206756591796875,0.9464043209226736,8.877032092267356,8.877032092267356,nan,nan
pid_smc_fusion,pid,PID 第3段,/home/fins/Zhouyuheng_workspace/tracking_depth/depth-estimation-dev/output/pid_live_20260818_185403/pipeline_results.jsonl,1787050657.65,1787050677.65,45,4.623119831085205,0.9458519652586728,8.821796525867276,8.821796525867276,nan,nan
pid_smc_fusion,pid,PID 第3段,/home/fins/Zhouyuheng_workspace/tracking_depth/depth-estimation-dev/output/pid_live_20260818_185403/pipeline_results.jsonl,1787050657.65,1787050677.65,46,4.7223005294799805,0.9456988209103272,8.80648209103272,8.80648209103272,nan,nan
pid_smc_fusion,pid,PID 第3段,/home/fins/Zhouyuheng_workspace/tracking_depth/depth-estimation-dev/output/pid_live_20260818_185403/pipeline_results.jsonl,1787050657.65,1787050677.65,47,4.826763391494751,0.9453156125155278,8.768161251552776,8.768161251552776,nan,nan
pid_smc_fusion,pid,PID 第3段,/home/fins/Zhouyuheng_workspace/tracking_depth/depth-estimation-dev/output/pid_live_20260818_185403/pipeline_results.jsonl,1787050657.65,1787050677.65,48,4.9252378940582275,0.9600850405314276,10.24510405314276,10.24510405314276,nan,nan
pid_smc_fusion,pid,PID 第3段,/home/fins/Zhouyuheng_workspace/tracking_depth/depth-estimation-dev/output/pid_live_20260818_185403/pipeline_results.jsonl,1787050657.65,1787050677.65,49,5.02684473991394,0.9613280783043701,10.369407830437005,10.369407830437005,nan,nan
pid_smc_fusion,pid,PID 第3段,/home/fins/Zhouyuheng_workspace/tracking_depth/depth-estimation-dev/output/pid_live_20260818_185403/pipeline_results.jsonl,1787050657.65,1787050677.65,50,5.1297032833099365,0.9625260189455092,10.489201894550915,10.489201894550915,nan,nan
pid_smc_fusion,pid,PID 第3段,/home/fins/Zhouyuheng_workspace/tracking_depth/depth-estimation-dev/output/pid_live_20260818_185403/pipeline_results.jsonl,1787050657.65,1787050677.65,51,5.229232311248779,0.9640368778637722,10.640287786377222,10.640287786377222,nan,nan
pid_smc_fusion,pid,PID 第3段,/home/fins/Zhouyuheng_workspace/tracking_depth/depth-estimation-dev/output/pid_live_20260818_185403/pipeline_results.jsonl,1787050657.65,1787050677.65,52,5.331248998641968,0.959591177271639,10.195717727163899,10.195717727163899,nan,nan
pid_smc_fusion,pid,PID 第3段,/home/fins/Zhouyuheng_workspace/tracking_depth/depth-estimation-dev/output/pid_live_20260818_185403/pipeline_results.jsonl,1787050657.65,1787050677.65,53,5.4300713539123535,0.9598556585233147,10.222165852331466,10.222165852331466,nan,nan
pid_smc_fusion,pid,PID 第3段,/home/fins/Zhouyuheng_workspace/tracking_depth/depth-estimation-dev/output/pid_live_20260818_185403/pipeline_results.jsonl,1787050657.65,1787050677.65,54,5.535200119018555,0.9598762290457301,10.224222904573011,10.224222904573011,nan,nan
pid_smc_fusion,pid,PID 第3段,/home/fins/Zhouyuheng_workspace/tracking_depth/depth-estimation-dev/output/pid_live_20260818_185403/pipeline_results.jsonl,1787050657.65,1787050677.65,55,5.633804798126221,0.9595497093844116,10.191570938441163,10.191570938441163,nan,nan
pid_smc_fusion,pid,PID 第3段,/home/fins/Zhouyuheng_workspace/tracking_depth/depth-estimation-dev/output/pid_live_20260818_185403/pipeline_results.jsonl,1787050657.65,1787050677.65,56,5.733542203903198,0.9513227323860722,9.368873238607222,9.368873238607222,nan,nan
pid_smc_fusion,pid,PID 第3段,/home/fins/Zhouyuheng_workspace/tracking_depth/depth-estimation-dev/output/pid_live_20260818_185403/pipeline_results.jsonl,1787050657.65,1787050677.65,57,5.838342905044556,0.9509170624667658,9.328306246676576,9.328306246676576,nan,nan
pid_smc_fusion,pid,PID 第3段,/home/fins/Zhouyuheng_workspace/tracking_depth/depth-estimation-dev/output/pid_live_20260818_185403/pipeline_results.jsonl,1787050657.65,1787050677.65,58,5.939490556716919,0.950264845921678,9.263084592167804,9.263084592167804,nan,nan
pid_smc_fusion,pid,PID 第3段,/home/fins/Zhouyuheng_workspace/tracking_depth/depth-estimation-dev/output/pid_live_20260818_185403/pipeline_results.jsonl,1787050657.65,1787050677.65,59,6.037354230880737,0.9495820962234098,9.194809622340983,9.194809622340983,nan,nan
pid_smc_fusion,pid,PID 第3段,/home/fins/Zhouyuheng_workspace/tracking_depth/depth-estimation-dev/output/pid_live_20260818_185403/pipeline_results.jsonl,1787050657.65,1787050677.65,60,6.1419360637664795,0.9074545191089101,4.9820519108910055,4.9820519108910055,nan,nan
pid_smc_fusion,pid,PID 第3段,/home/fins/Zhouyuheng_workspace/tracking_depth/depth-estimation-dev/output/pid_live_20260818_185403/pipeline_results.jsonl,1787050657.65,1787050677.65,61,6.241562604904175,0.9062230627837944,4.858906278379438,4.858906278379438,nan,nan
pid_smc_fusion,pid,PID 第3段,/home/fins/Zhouyuheng_workspace/tracking_depth/depth-estimation-dev/output/pid_live_20260818_185403/pipeline_results.jsonl,1787050657.65,1787050677.65,62,6.340745449066162,0.9052495588022498,4.761555880224977,4.761555880224977,nan,nan
pid_smc_fusion,pid,PID 第3段,/home/fins/Zhouyuheng_workspace/tracking_depth/depth-estimation-dev/output/pid_live_20260818_185403/pipeline_results.jsonl,1787050657.65,1787050677.65,63,6.446067571640015,0.9044293769877516,4.67953769877516,4.67953769877516,nan,nan
pid_smc_fusion,pid,PID 第3段,/home/fins/Zhouyuheng_workspace/tracking_depth/depth-estimation-dev/output/pid_live_20260818_185403/pipeline_results.jsonl,1787050657.65,1787050677.65,64,6.544738054275513,0.8897612693813537,3.2127269381353685,3.2127269381353685,nan,nan
pid_smc_fusion,pid,PID 第3段,/home/fins/Zhouyuheng_workspace/tracking_depth/depth-estimation-dev/output/pid_live_20260818_185403/pipeline_results.jsonl,1787050657.65,1787050677.65,65,6.646475315093994,0.8898189963297973,3.218499632979732,3.218499632979732,nan,nan
pid_smc_fusion,pid,PID 第3段,/home/fins/Zhouyuheng_workspace/tracking_depth/depth-estimation-dev/output/pid_live_20260818_185403/pipeline_results.jsonl,1787050657.65,1787050677.65,66,6.749927282333374,0.8901572796339727,3.2523279633972724,3.2523279633972724,nan,nan
pid_smc_fusion,pid,PID 第3段,/home/fins/Zhouyuheng_workspace/tracking_depth/depth-estimation-dev/output/pid_live_20260818_185403/pipeline_results.jsonl,1787050657.65,1787050677.65,67,6.849171161651611,0.8909318610002492,3.329786100024923,3.329786100024923,nan,nan
pid_smc_fusion,pid,PID 第3段,/home/fins/Zhouyuheng_workspace/tracking_depth/depth-estimation-dev/output/pid_live_20260818_185403/pipeline_results.jsonl,1787050657.65,1787050677.65,68,6.948582887649536,0.8836771842290592,2.6043184229059158,2.6043184229059158,nan,nan
pid_smc_fusion,pid,PID 第3段,/home/fins/Zhouyuheng_workspace/tracking_depth/depth-estimation-dev/output/pid_live_20260818_185403/pipeline_results.jsonl,1787050657.65,1787050677.65,69,7.0588157176971436,0.8845506461259858,2.6916646125985766,2.6916646125985766,nan,nan
pid_smc_fusion,pid,PID 第3段,/home/fins/Zhouyuheng_workspace/tracking_depth/depth-estimation-dev/output/pid_live_20260818_185403/pipeline_results.jsonl,1787050657.65,1787050677.65,70,7.1539695262908936,0.8851518204063977,2.751782040639772,2.751782040639772,nan,nan
pid_smc_fusion,pid,PID 第3段,/home/fins/Zhouyuheng_workspace/tracking_depth/depth-estimation-dev/output/pid_live_20260818_185403/pipeline_results.jsonl,1787050657.65,1787050677.65,71,7.2535011768341064,0.8856546632778031,2.802066327780306,2.802066327780306,nan,nan
pid_smc_fusion,pid,PID 第3段,/home/fins/Zhouyuheng_workspace/tracking_depth/depth-estimation-dev/output/pid_live_20260818_185403/pipeline_results.jsonl,1787050657.65,1787050677.65,72,7.351985692977905,0.8959929701974205,3.8358970197420517,3.8358970197420517,nan,nan
pid_smc_fusion,pid,PID 第3段,/home/fins/Zhouyuheng_workspace/tracking_depth/depth-estimation-dev/output/pid_live_20260818_185403/pipeline_results.jsonl,1787050657.65,1787050677.65,73,7.461031913757324,0.8966283274923377,3.8994327492337666,3.8994327492337666,nan,nan
pid_smc_fusion,pid,PID 第3段,/home/fins/Zhouyuheng_workspace/tracking_depth/depth-estimation-dev/output/pid_live_20260818_185403/pipeline_results.jsonl,1787050657.65,1787050677.65,74,7.557111501693726,0.897186892785661,3.9552892785660987,3.9552892785660987,nan,nan
pid_smc_fusion,pid,PID 第3段,/home/fins/Zhouyuheng_workspace/tracking_depth/depth-estimation-dev/output/pid_live_20260818_185403/pipeline_results.jsonl,1787050657.65,1787050677.65,75,7.659895896911621,0.8977762141290289,4.014221412902885,4.014221412902885,nan,nan
pid_smc_fusion,pid,PID 第3段,/home/fins/Zhouyuheng_workspace/tracking_depth/depth-estimation-dev/output/pid_live_20260818_185403/pipeline_results.jsonl,1787050657.65,1787050677.65,76,7.7633020877838135,0.8841347432130426,2.6500743213042632,2.6500743213042632,nan,nan
pid_smc_fusion,pid,PID 第3段,/home/fins/Zhouyuheng_workspace/tracking_depth/depth-estimation-dev/output/pid_live_20260818_185403/pipeline_results.jsonl,1787050657.65,1787050677.65,77,7.86094856262207,0.8838007402613275,2.616674026132748,2.616674026132748,nan,nan
pid_smc_fusion,pid,PID 第3段,/home/fins/Zhouyuheng_workspace/tracking_depth/depth-estimation-dev/output/pid_live_20260818_185403/pipeline_results.jsonl,1787050657.65,1787050677.65,78,7.96071457862854,0.8830642144958116,2.543021449581162,2.543021449581162,nan,nan
pid_smc_fusion,pid,PID 第3段,/home/fins/Zhouyuheng_workspace/tracking_depth/depth-estimation-dev/output/pid_live_20260818_185403/pipeline_results.jsonl,1787050657.65,1787050677.65,79,8.065384149551392,0.8825488115724529,2.49148115724529,2.49148115724529,nan,nan
pid_smc_fusion,pid,PID 第3段,/home/fins/Zhouyuheng_workspace/tracking_depth/depth-estimation-dev/output/pid_live_20260818_185403/pipeline_results.jsonl,1787050657.65,1787050677.65,80,8.166941165924072,0.9015431518097548,4.390915180975474,4.390915180975474,nan,nan
pid_smc_fusion,pid,PID 第3段,/home/fins/Zhouyuheng_workspace/tracking_depth/depth-estimation-dev/output/pid_live_20260818_185403/pipeline_results.jsonl,1787050657.65,1787050677.65,81,8.266345262527466,0.9011138795547196,4.347987955471955,4.347987955471955,nan,nan
pid_smc_fusion,pid,PID 第3段,/home/fins/Zhouyuheng_workspace/tracking_depth/depth-estimation-dev/output/pid_live_20260818_185403/pipeline_results.jsonl,1787050657.65,1787050677.65,82,8.369647026062012,0.900863577006632,4.322957700663199,4.322957700663199,nan,nan
pid_smc_fusion,pid,PID 第3段,/home/fins/Zhouyuheng_workspace/tracking_depth/depth-estimation-dev/output/pid_live_20260818_185403/pipeline_results.jsonl,1787050657.65,1787050677.65,83,8.476905107498169,0.9004561233752766,4.282212337527658,4.282212337527658,nan,nan
pid_smc_fusion,pid,PID 第3段,/home/fins/Zhouyuheng_workspace/tracking_depth/depth-estimation-dev/output/pid_live_20260818_185403/pipeline_results.jsonl,1787050657.65,1787050677.65,84,8.569801568984985,0.9154685124862929,5.78345124862929,5.78345124862929,nan,nan
pid_smc_fusion,pid,PID 第3段,/home/fins/Zhouyuheng_workspace/tracking_depth/depth-estimation-dev/output/pid_live_20260818_185403/pipeline_results.jsonl,1787050657.65,1787050677.65,85,8.677577495574951,0.9274793973707631,6.984539737076312,6.984539737076312,nan,nan
pid_smc_fusion,pid,PID 第3段,/home/fins/Zhouyuheng_workspace/tracking_depth/depth-estimation-dev/output/pid_live_20260818_185403/pipeline_results.jsonl,1787050657.65,1787050677.65,86,8.77528166770935,0.920906160644561,6.327216064456098,6.327216064456098,nan,nan
pid_smc_fusion,pid,PID 第3段,/home/fins/Zhouyuheng_workspace/tracking_depth/depth-estimation-dev/output/pid_live_20260818_185403/pipeline_results.jsonl,1787050657.65,1787050677.65,87,8.873282670974731,0.9172048666720007,5.957086667200073,5.957086667200073,nan,nan
pid_smc_fusion,pid,PID 第3段,/home/fins/Zhouyuheng_workspace/tracking_depth/depth-estimation-dev/output/pid_live_20260818_185403/pipeline_results.jsonl,1787050657.65,1787050677.65,88,8.977529048919678,0.9273536265467912,6.97196265467912,6.97196265467912,nan,nan
pid_smc_fusion,pid,PID 第3段,/home/fins/Zhouyuheng_workspace/tracking_depth/depth-estimation-dev/output/pid_live_20260818_185403/pipeline_results.jsonl,1787050657.65,1787050677.65,89,9.079337358474731,0.9265344368256778,6.890043682567781,6.890043682567781,nan,nan
pid_smc_fusion,pid,PID 第3段,/home/fins/Zhouyuheng_workspace/tracking_depth/depth-estimation-dev/output/pid_live_20260818_185403/pipeline_results.jsonl,1787050657.65,1787050677.65,90,9.179725170135498,0.9263414862138071,6.870748621380707,6.870748621380707,nan,nan
pid_smc_fusion,pid,PID 第3段,/home/fins/Zhouyuheng_workspace/tracking_depth/depth-estimation-dev/output/pid_live_20260818_185403/pipeline_results.jsonl,1787050657.65,1787050677.65,91,9.285102128982544,0.9265618123876302,6.892781238763024,6.892781238763024,nan,nan
pid_smc_fusion,pid,PID 第3段,/home/fins/Zhouyuheng_workspace/tracking_depth/depth-estimation-dev/output/pid_live_20260818_185403/pipeline_results.jsonl,1787050657.65,1787050677.65,92,9.387085199356079,0.971173405553408,11.353940555340802,11.353940555340802,nan,nan
pid_smc_fusion,pid,PID 第3段,/home/fins/Zhouyuheng_workspace/tracking_depth/depth-estimation-dev/output/pid_live_20260818_185403/pipeline_results.jsonl,1787050657.65,1787050677.65,93,9.481165885925293,0.9715139516017306,11.387995160173059,11.387995160173059,nan,nan
pid_smc_fusion,pid,PID 第3段,/home/fins/Zhouyuheng_workspace/tracking_depth/depth-estimation-dev/output/pid_live_20260818_185403/pipeline_results.jsonl,1787050657.65,1787050677.65,94,9.581075668334961,0.971799917401474,11.416591740147396,11.416591740147396,nan,nan
pid_smc_fusion,pid,PID 第3段,/home/fins/Zhouyuheng_workspace/tracking_depth/depth-estimation-dev/output/pid_live_20260818_185403/pipeline_results.jsonl,1787050657.65,1787050677.65,95,9.686089277267456,0.9718669451530129,11.423294515301286,11.423294515301286,nan,nan
pid_smc_fusion,pid,PID 第3段,/home/fins/Zhouyuheng_workspace/tracking_depth/depth-estimation-dev/output/pid_live_20260818_185403/pipeline_results.jsonl,1787050657.65,1787050677.65,96,9.78814697265625,0.9683229183924011,11.068891839240113,11.068891839240113,nan,nan
pid_smc_fusion,pid,PID 第3段,/home/fins/Zhouyuheng_workspace/tracking_depth/depth-estimation-dev/output/pid_live_20260818_185403/pipeline_results.jsonl,1787050657.65,1787050677.65,97,9.885859966278076,0.969324385709174,11.169038570917401,11.169038570917401,nan,nan
pid_smc_fusion,pid,PID 第3段,/home/fins/Zhouyuheng_workspace/tracking_depth/depth-estimation-dev/output/pid_live_20260818_185403/pipeline_results.jsonl,1787050657.65,1787050677.65,98,9.991092920303345,0.9701172004105114,11.24832004105114,11.24832004105114,nan,nan
pid_smc_fusion,pid,PID 第3段,/home/fins/Zhouyuheng_workspace/tracking_depth/depth-estimation-dev/output/pid_live_20260818_185403/pipeline_results.jsonl,1787050657.65,1787050677.65,99,10.0963613986969,0.9705066949804275,11.28726949804275,11.28726949804275,nan,nan
pid_smc_fusion,pid,PID 第3段,/home/fins/Zhouyuheng_workspace/tracking_depth/depth-estimation-dev/output/pid_live_20260818_185403/pipeline_results.jsonl,1787050657.65,1787050677.65,100,10.19576644897461,0.9528012798472791,9.516727984727913,9.516727984727913,nan,nan
pid_smc_fusion,pid,PID 第3段,/home/fins/Zhouyuheng_workspace/tracking_depth/depth-estimation-dev/output/pid_live_20260818_185403/pipeline_results.jsonl,1787050657.65,1787050677.65,101,10.301390409469604,0.9527122606960534,9.50782606960534,9.50782606960534,nan,nan
pid_smc_fusion,pid,PID 第3段,/home/fins/Zhouyuheng_workspace/tracking_depth/depth-estimation-dev/output/pid_live_20260818_185403/pipeline_results.jsonl,1787050657.65,1787050677.65,102,10.393134593963623,0.9527542991679461,9.512029916794607,9.512029916794607,nan,nan
pid_smc_fusion,pid,PID 第3段,/home/fins/Zhouyuheng_workspace/tracking_depth/depth-estimation-dev/output/pid_live_20260818_185403/pipeline_results.jsonl,1787050657.65,1787050677.65,103,10.49453592300415,0.9528318075568714,9.519780755687135,9.519780755687135,nan,nan
pid_smc_fusion,pid,PID 第3段,/home/fins/Zhouyuheng_workspace/tracking_depth/depth-estimation-dev/output/pid_live_20260818_185403/pipeline_results.jsonl,1787050657.65,1787050677.65,104,10.600535154342651,0.9615199497057796,10.388594970577959,10.388594970577959,nan,nan
pid_smc_fusion,pid,PID 第3段,/home/fins/Zhouyuheng_workspace/tracking_depth/depth-estimation-dev/output/pid_live_20260818_185403/pipeline_results.jsonl,1787050657.65,1787050677.65,105,10.702399253845215,0.961822469802158,10.4188469802158,10.4188469802158,nan,nan
pid_smc_fusion,pid,PID 第3段,/home/fins/Zhouyuheng_workspace/tracking_depth/depth-estimation-dev/output/pid_live_20260818_185403/pipeline_results.jsonl,1787050657.65,1787050677.65,106,10.796346187591553,0.9619722494891212,10.433824948912118,10.433824948912118,nan,nan
pid_smc_fusion,pid,PID 第3段,/home/fins/Zhouyuheng_workspace/tracking_depth/depth-estimation-dev/output/pid_live_20260818_185403/pipeline_results.jsonl,1787050657.65,1787050677.65,107,10.900520324707031,0.9622149977331134,10.458099773311336,10.458099773311336,nan,nan
pid_smc_fusion,pid,PID 第3段,/home/fins/Zhouyuheng_workspace/tracking_depth/depth-estimation-dev/output/pid_live_20260818_185403/pipeline_results.jsonl,1787050657.65,1787050677.65,108,11.001038551330566,0.9498306048342184,9.219660483421844,9.219660483421844,nan,nan
pid_smc_fusion,pid,PID 第3段,/home/fins/Zhouyuheng_workspace/tracking_depth/depth-estimation-dev/output/pid_live_20260818_185403/pipeline_results.jsonl,1787050657.65,1787050677.65,109,11.101737976074219,0.9495885356388927,9.195453563889266,9.195453563889266,nan,nan
pid_smc_fusion,pid,PID 第3段,/home/fins/Zhouyuheng_workspace/tracking_depth/depth-estimation-dev/output/pid_live_20260818_185403/pipeline_results.jsonl,1787050657.65,1787050677.65,110,11.215539932250977,0.9496913685751873,9.205736857518731,9.205736857518731,nan,nan
pid_smc_fusion,pid,PID 第3段,/home/fins/Zhouyuheng_workspace/tracking_depth/depth-estimation-dev/output/pid_live_20260818_185403/pipeline_results.jsonl,1787050657.65,1787050677.65,111,11.30845332145691,0.9500644111420871,9.243041114208705,9.243041114208705,nan,nan
pid_smc_fusion,pid,PID 第3段,/home/fins/Zhouyuheng_workspace/tracking_depth/depth-estimation-dev/output/pid_live_20260818_185403/pipeline_results.jsonl,1787050657.65,1787050677.65,112,11.406044244766235,0.9166165757435778,5.898257574357779,5.898257574357779,nan,nan
pid_smc_fusion,pid,PID 第3段,/home/fins/Zhouyuheng_workspace/tracking_depth/depth-estimation-dev/output/pid_live_20260818_185403/pipeline_results.jsonl,1787050657.65,1787050677.65,113,11.507157802581787,0.9167932707796476,5.9159270779647555,5.9159270779647555,nan,nan
pid_smc_fusion,pid,PID 第3段,/home/fins/Zhouyuheng_workspace/tracking_depth/depth-estimation-dev/output/pid_live_20260818_185403/pipeline_results.jsonl,1787050657.65,1787050677.65,114,11.609717845916748,0.9172916499256143,5.965764992561429,5.965764992561429,nan,nan
pid_smc_fusion,pid,PID 第3段,/home/fins/Zhouyuheng_workspace/tracking_depth/depth-estimation-dev/output/pid_live_20260818_185403/pipeline_results.jsonl,1787050657.65,1787050677.65,115,11.71850061416626,0.9175314819287765,5.989748192877653,5.989748192877653,nan,nan
pid_smc_fusion,pid,PID 第3段,/home/fins/Zhouyuheng_workspace/tracking_depth/depth-estimation-dev/output/pid_live_20260818_185403/pipeline_results.jsonl,1787050657.65,1787050677.65,116,11.810580968856812,0.8819444194252444,2.4310419425244367,2.4310419425244367,nan,nan
pid_smc_fusion,pid,PID 第3段,/home/fins/Zhouyuheng_workspace/tracking_depth/depth-estimation-dev/output/pid_live_20260818_185403/pipeline_results.jsonl,1787050657.65,1787050677.65,117,11.915702104568481,0.881714160816065,2.408016081606501,2.408016081606501,nan,nan
pid_smc_fusion,pid,PID 第3段,/home/fins/Zhouyuheng_workspace/tracking_depth/depth-estimation-dev/output/pid_live_20260818_185403/pipeline_results.jsonl,1787050657.65,1787050677.65,118,12.021172523498535,0.8816431913513896,2.400919135138957,2.400919135138957,nan,nan
pid_smc_fusion,pid,PID 第3段,/home/fins/Zhouyuheng_workspace/tracking_depth/depth-estimation-dev/output/pid_live_20260818_185403/pipeline_results.jsonl,1787050657.65,1787050677.65,119,12.113683223724365,0.8813590133578795,2.3725013357879465,2.3725013357879465,nan,nan
pid_smc_fusion,pid,PID 第3段,/home/fins/Zhouyuheng_workspace/tracking_depth/depth-estimation-dev/output/pid_live_20260818_185403/pipeline_results.jsonl,1787050657.65,1787050677.65,120,12.223253011703491,0.8546594625213295,-0.29745374786704915,0.29745374786704915,nan,nan
pid_smc_fusion,pid,PID 第3段,/home/fins/Zhouyuheng_workspace/tracking_depth/depth-estimation-dev/output/pid_live_20260818_185403/pipeline_results.jsonl,1787050657.65,1787050677.65,121,12.318275928497314,0.8554853333147867,-0.21486666852132963,0.21486666852132963,nan,nan
pid_smc_fusion,pid,PID 第3段,/home/fins/Zhouyuheng_workspace/tracking_depth/depth-estimation-dev/output/pid_live_20260818_185403/pipeline_results.jsonl,1787050657.65,1787050677.65,122,12.423294067382812,0.856431329416111,-0.12026705838890095,0.12026705838890095,nan,nan
pid_smc_fusion,pid,PID 第3段,/home/fins/Zhouyuheng_workspace/tracking_depth/depth-estimation-dev/output/pid_live_20260818_185403/pipeline_results.jsonl,1787050657.65,1787050677.65,123,12.522669553756714,0.8572369013221188,-0.039709867788118025,0.039709867788118025,nan,nan
pid_smc_fusion,pid,PID 第3段,/home/fins/Zhouyuheng_workspace/tracking_depth/depth-estimation-dev/output/pid_live_20260818_185403/pipeline_results.jsonl,1787050657.65,1787050677.65,124,12.622297048568726,0.8569262922493182,-0.07077077506818519,0.07077077506818519,nan,nan
pid_smc_fusion,pid,PID 第3段,/home/fins/Zhouyuheng_workspace/tracking_depth/depth-estimation-dev/output/pid_live_20260818_185403/pipeline_results.jsonl,1787050657.65,1787050677.65,125,12.729047775268555,0.8576871040705665,0.00531040705664676,0.00531040705664676,nan,nan
pid_smc_fusion,pid,PID 第3段,/home/fins/Zhouyuheng_workspace/tracking_depth/depth-estimation-dev/output/pid_live_20260818_185403/pipeline_results.jsonl,1787050657.65,1787050677.65,126,12.825875997543335,0.8584751311432794,0.08411311432794388,0.08411311432794388,nan,nan
pid_smc_fusion,pid,PID 第3段,/home/fins/Zhouyuheng_workspace/tracking_depth/depth-estimation-dev/output/pid_live_20260818_185403/pipeline_results.jsonl,1787050657.65,1787050677.65,127,12.925180673599243,0.8588368162892348,0.12028162892347982,0.12028162892347982,nan,nan
pid_smc_fusion,pid,PID 第3段,/home/fins/Zhouyuheng_workspace/tracking_depth/depth-estimation-dev/output/pid_live_20260818_185403/pipeline_results.jsonl,1787050657.65,1787050677.65,128,13.025214433670044,0.8584099175066464,0.07759175066464064,0.07759175066464064,nan,nan
pid_smc_fusion,pid,PID 第3段,/home/fins/Zhouyuheng_workspace/tracking_depth/depth-estimation-dev/output/pid_live_20260818_185403/pipeline_results.jsonl,1787050657.65,1787050677.65,129,13.132147789001465,0.8582193011194095,0.05853011194094648,0.05853011194094648,nan,nan
pid_smc_fusion,pid,PID 第3段,/home/fins/Zhouyuheng_workspace/tracking_depth/depth-estimation-dev/output/pid_live_20260818_185403/pipeline_results.jsonl,1787050657.65,1787050677.65,130,13.23572301864624,0.8574591286614035,-0.017487133859650505,0.017487133859650505,nan,nan
pid_smc_fusion,pid,PID 第3段,/home/fins/Zhouyuheng_workspace/tracking_depth/depth-estimation-dev/output/pid_live_20260818_185403/pipeline_results.jsonl,1787050657.65,1787050677.65,131,13.3309805393219,0.8567630957474075,-0.08709042525925081,0.08709042525925081,nan,nan
pid_smc_fusion,pid,PID 第3段,/home/fins/Zhouyuheng_workspace/tracking_depth/depth-estimation-dev/output/pid_live_20260818_185403/pipeline_results.jsonl,1787050657.65,1787050677.65,132,13.440446615219116,0.8818842003136333,2.425020031363334,2.425020031363334,nan,nan
pid_smc_fusion,pid,PID 第3段,/home/fins/Zhouyuheng_workspace/tracking_depth/depth-estimation-dev/output/pid_live_20260818_185403/pipeline_results.jsonl,1787050657.65,1787050677.65,133,13.534092664718628,0.8810374392765667,2.340343927656674,2.340343927656674,nan,nan
pid_smc_fusion,pid,PID 第3段,/home/fins/Zhouyuheng_workspace/tracking_depth/depth-estimation-dev/output/pid_live_20260818_185403/pipeline_results.jsonl,1787050657.65,1787050677.65,134,13.633602857589722,0.8803588613770985,2.2724861377098504,2.2724861377098504,nan,nan
pid_smc_fusion,pid,PID 第3段,/home/fins/Zhouyuheng_workspace/tracking_depth/depth-estimation-dev/output/pid_live_20260818_185403/pipeline_results.jsonl,1787050657.65,1787050677.65,135,13.741678714752197,0.8793886231526211,2.175462315262111,2.175462315262111,nan,nan
pid_smc_fusion,pid,PID 第3段,/home/fins/Zhouyuheng_workspace/tracking_depth/depth-estimation-dev/output/pid_live_20260818_185403/pipeline_results.jsonl,1787050657.65,1787050677.65,136,13.838332891464233,0.9042675292448827,4.663352924488273,4.663352924488273,nan,nan
pid_smc_fusion,pid,PID 第3段,/home/fins/Zhouyuheng_workspace/tracking_depth/depth-estimation-dev/output/pid_live_20260818_185403/pipeline_results.jsonl,1787050657.65,1787050677.65,137,13.938917875289917,0.9034177670410928,4.578376704109277,4.578376704109277,nan,nan
pid_smc_fusion,pid,PID 第3段,/home/fins/Zhouyuheng_workspace/tracking_depth/depth-estimation-dev/output/pid_live_20260818_185403/pipeline_results.jsonl,1787050657.65,1787050677.65,138,14.038860082626343,0.9027951630794453,4.516116307944529,4.516116307944529,nan,nan
pid_smc_fusion,pid,PID 第3段,/home/fins/Zhouyuheng_workspace/tracking_depth/depth-estimation-dev/output/pid_live_20260818_185403/pipeline_results.jsonl,1787050657.65,1787050677.65,139,14.142720699310303,0.901836448208075,4.420244820807495,4.420244820807495,nan,nan
pid_smc_fusion,pid,PID 第3段,/home/fins/Zhouyuheng_workspace/tracking_depth/depth-estimation-dev/output/pid_live_20260818_185403/pipeline_results.jsonl,1787050657.65,1787050677.65,140,14.247442245483398,0.9214388073643109,6.380480736431093,6.380480736431093,nan,nan
pid_smc_fusion,pid,PID 第3段,/home/fins/Zhouyuheng_workspace/tracking_depth/depth-estimation-dev/output/pid_live_20260818_185403/pipeline_results.jsonl,1787050657.65,1787050677.65,141,14.347015142440796,0.9208126554058063,6.317865540580625,6.317865540580625,nan,nan
pid_smc_fusion,pid,PID 第3段,/home/fins/Zhouyuheng_workspace/tracking_depth/depth-estimation-dev/output/pid_live_20260818_185403/pipeline_results.jsonl,1787050657.65,1787050677.65,142,14.446617126464844,0.9203116502058579,6.2677650205857915,6.2677650205857915,nan,nan
pid_smc_fusion,pid,PID 第3段,/home/fins/Zhouyuheng_workspace/tracking_depth/depth-estimation-dev/output/pid_live_20260818_185403/pipeline_results.jsonl,1787050657.65,1787050677.65,143,14.546146392822266,0.9196129203060064,6.197892030600638,6.197892030600638,nan,nan
pid_smc_fusion,pid,PID 第3段,/home/fins/Zhouyuheng_workspace/tracking_depth/depth-estimation-dev/output/pid_live_20260818_185403/pipeline_results.jsonl,1787050657.65,1787050677.65,144,14.644395351409912,0.9206096442611031,6.297564426110314,6.297564426110314,nan,nan
pid_smc_fusion,pid,PID 第3段,/home/fins/Zhouyuheng_workspace/tracking_depth/depth-estimation-dev/output/pid_live_20260818_185403/pipeline_results.jsonl,1787050657.65,1787050677.65,145,14.759112119674683,0.9200917107824982,6.245771078249818,6.245771078249818,nan,nan
pid_smc_fusion,pid,PID 第3段,/home/fins/Zhouyuheng_workspace/tracking_depth/depth-estimation-dev/output/pid_live_20260818_185403/pipeline_results.jsonl,1787050657.65,1787050677.65,146,14.852373600006104,0.919896961144615,6.226296114461505,6.226296114461505,nan,nan
pid_smc_fusion,pid,PID 第3段,/home/fins/Zhouyuheng_workspace/tracking_depth/depth-estimation-dev/output/pid_live_20260818_185403/pipeline_results.jsonl,1787050657.65,1787050677.65,147,14.950780153274536,0.919932554989783,6.229855498978298,6.229855498978298,nan,nan
pid_smc_fusion,pid,PID 第3段,/home/fins/Zhouyuheng_workspace/tracking_depth/depth-estimation-dev/output/pid_live_20260818_185403/pipeline_results.jsonl,1787050657.65,1787050677.65,148,15.055606126785278,0.9164483560354524,5.8814356035452375,5.8814356035452375,nan,nan
pid_smc_fusion,pid,PID 第3段,/home/fins/Zhouyuheng_workspace/tracking_depth/depth-estimation-dev/output/pid_live_20260818_185403/pipeline_results.jsonl,1787050657.65,1787050677.65,149,15.153751850128174,0.9171089372679171,5.947493726791708,5.947493726791708,nan,nan
pid_smc_fusion,pid,PID 第3段,/home/fins/Zhouyuheng_workspace/tracking_depth/depth-estimation-dev/output/pid_live_20260818_185403/pipeline_results.jsonl,1787050657.65,1787050677.65,150,15.25590991973877,0.917734108282009,6.010010828200896,6.010010828200896,nan,nan
pid_smc_fusion,pid,PID 第3段,/home/fins/Zhouyuheng_workspace/tracking_depth/depth-estimation-dev/output/pid_live_20260818_185403/pipeline_results.jsonl,1787050657.65,1787050677.65,151,15.360469341278076,0.9184940082319206,6.0860008231920615,6.0860008231920615,nan,nan
pid_smc_fusion,pid,PID 第3段,/home/fins/Zhouyuheng_workspace/tracking_depth/depth-estimation-dev/output/pid_live_20260818_185403/pipeline_results.jsonl,1787050657.65,1787050677.65,152,15.460731983184814,0.9047719921331829,4.713799213318293,4.713799213318293,nan,nan
pid_smc_fusion,pid,PID 第3段,/home/fins/Zhouyuheng_workspace/tracking_depth/depth-estimation-dev/output/pid_live_20260818_185403/pipeline_results.jsonl,1787050657.65,1787050677.65,153,15.557453393936157,0.9053181433287132,4.768414332871318,4.768414332871318,nan,nan
pid_smc_fusion,pid,PID 第3段,/home/fins/Zhouyuheng_workspace/tracking_depth/depth-estimation-dev/output/pid_live_20260818_185403/pipeline_results.jsonl,1787050657.65,1787050677.65,154,15.65942668914795,0.9056274345463142,4.799343454631422,4.799343454631422,nan,nan
pid_smc_fusion,pid,PID 第3段,/home/fins/Zhouyuheng_workspace/tracking_depth/depth-estimation-dev/output/pid_live_20260818_185403/pipeline_results.jsonl,1787050657.65,1787050677.65,155,15.763482809066772,0.906296671270213,4.866267127021295,4.866267127021295,nan,nan
pid_smc_fusion,pid,PID 第3段,/home/fins/Zhouyuheng_workspace/tracking_depth/depth-estimation-dev/output/pid_live_20260818_185403/pipeline_results.jsonl,1787050657.65,1787050677.65,156,15.860588312149048,0.8767570409270711,1.9123040927071067,1.9123040927071067,nan,nan
pid_smc_fusion,pid,PID 第3段,/home/fins/Zhouyuheng_workspace/tracking_depth/depth-estimation-dev/output/pid_live_20260818_185403/pipeline_results.jsonl,1787050657.65,1787050677.65,157,15.960566282272339,0.8773409547860911,1.970695478609108,1.970695478609108,nan,nan
pid_smc_fusion,pid,PID 第3段,/home/fins/Zhouyuheng_workspace/tracking_depth/depth-estimation-dev/output/pid_live_20260818_185403/pipeline_results.jsonl,1787050657.65,1787050677.65,158,16.063899993896484,0.8778457369974586,2.0211736997458596,2.0211736997458596,nan,nan
pid_smc_fusion,pid,PID 第3段,/home/fins/Zhouyuheng_workspace/tracking_depth/depth-estimation-dev/output/pid_live_20260818_185403/pipeline_results.jsonl,1787050657.65,1787050677.65,159,16.16496968269348,0.8781754804961799,2.0541480496179876,2.0541480496179876,nan,nan
pid_smc_fusion,pid,PID 第3段,/home/fins/Zhouyuheng_workspace/tracking_depth/depth-estimation-dev/output/pid_live_20260818_185403/pipeline_results.jsonl,1787050657.65,1787050677.65,160,16.267745971679688,0.8802018952751416,2.256789527514158,2.256789527514158,nan,nan
pid_smc_fusion,pid,PID 第3段,/home/fins/Zhouyuheng_workspace/tracking_depth/depth-estimation-dev/output/pid_live_20260818_185403/pipeline_results.jsonl,1787050657.65,1787050677.65,161,16.369080781936646,0.8804799510189383,2.284595101893827,2.284595101893827,nan,nan
pid_smc_fusion,pid,PID 第3段,/home/fins/Zhouyuheng_workspace/tracking_depth/depth-estimation-dev/output/pid_live_20260818_185403/pipeline_results.jsonl,1787050657.65,1787050677.65,162,16.467863082885742,0.8804539705706387,2.281997057063867,2.281997057063867,nan,nan
pid_smc_fusion,pid,PID 第3段,/home/fins/Zhouyuheng_workspace/tracking_depth/depth-estimation-dev/output/pid_live_20260818_185403/pipeline_results.jsonl,1787050657.65,1787050677.65,163,16.568989992141724,0.8807787523889867,2.3144752388986722,2.3144752388986722,nan,nan
pid_smc_fusion,pid,PID 第3段,/home/fins/Zhouyuheng_workspace/tracking_depth/depth-estimation-dev/output/pid_live_20260818_185403/pipeline_results.jsonl,1787050657.65,1787050677.65,164,16.6721613407135,1.0445523104935677,18.691831049356765,18.691831049356765,nan,nan
pid_smc_fusion,pid,PID 第3段,/home/fins/Zhouyuheng_workspace/tracking_depth/depth-estimation-dev/output/pid_live_20260818_185403/pipeline_results.jsonl,1787050657.65,1787050677.65,165,16.777157068252563,1.0515288416272404,19.389484162724035,19.389484162724035,nan,nan
pid_smc_fusion,pid,PID 第3段,/home/fins/Zhouyuheng_workspace/tracking_depth/depth-estimation-dev/output/pid_live_20260818_185403/pipeline_results.jsonl,1787050657.65,1787050677.65,166,16.873072147369385,1.0575889145280823,19.995491452808235,19.995491452808235,nan,nan
pid_smc_fusion,pid,PID 第3段,/home/fins/Zhouyuheng_workspace/tracking_depth/depth-estimation-dev/output/pid_live_20260818_185403/pipeline_results.jsonl,1787050657.65,1787050677.65,167,16.9778311252594,1.063561260539968,20.592726053996802,20.592726053996802,nan,nan
pid_smc_fusion,pid,PID 第3段,/home/fins/Zhouyuheng_workspace/tracking_depth/depth-estimation-dev/output/pid_live_20260818_185403/pipeline_results.jsonl,1787050657.65,1787050677.65,168,17.078832149505615,0.8309603665287881,-2.6673633471211877,2.6673633471211877,nan,nan
pid_smc_fusion,pid,PID 第3段,/home/fins/Zhouyuheng_workspace/tracking_depth/depth-estimation-dev/output/pid_live_20260818_185403/pipeline_results.jsonl,1787050657.65,1787050677.65,169,17.17616295814514,0.8305028922249191,-2.7131107775080876,2.7131107775080876,nan,nan
pid_smc_fusion,pid,PID 第3段,/home/fins/Zhouyuheng_workspace/tracking_depth/depth-estimation-dev/output/pid_live_20260818_185403/pipeline_results.jsonl,1787050657.65,1787050677.65,170,17.286550521850586,0.8300776770206437,-2.7556322979356285,2.7556322979356285,nan,nan
pid_smc_fusion,pid,PID 第3段,/home/fins/Zhouyuheng_workspace/tracking_depth/depth-estimation-dev/output/pid_live_20260818_185403/pipeline_results.jsonl,1787050657.65,1787050677.65,171,17.382563591003418,0.8298096257855929,-2.782437421440709,2.782437421440709,nan,nan
pid_smc_fusion,pid,PID 第3段,/home/fins/Zhouyuheng_workspace/tracking_depth/depth-estimation-dev/output/pid_live_20260818_185403/pipeline_results.jsonl,1787050657.65,1787050677.65,172,17.480793237686157,0.8572896967432666,-0.034430325673340256,0.034430325673340256,nan,nan
pid_smc_fusion,pid,PID 第3段,/home/fins/Zhouyuheng_workspace/tracking_depth/depth-estimation-dev/output/pid_live_20260818_185403/pipeline_results.jsonl,1787050657.65,1787050677.65,173,17.581355333328247,0.8574542992943004,-0.01797007056996147,0.01797007056996147,nan,nan
pid_smc_fusion,pid,PID 第3段,/home/fins/Zhouyuheng_workspace/tracking_depth/depth-estimation-dev/output/pid_live_20260818_185403/pipeline_results.jsonl,1787050657.65,1787050677.65,174,17.68601393699646,0.8576028504545614,-0.0031149545438591275,0.0031149545438591275,nan,nan
pid_smc_fusion,pid,PID 第3段,/home/fins/Zhouyuheng_workspace/tracking_depth/depth-estimation-dev/output/pid_live_20260818_185403/pipeline_results.jsonl,1787050657.65,1787050677.65,175,17.79025173187256,0.8577322703884411,0.009827038844112401,0.009827038844112401,nan,nan
pid_smc_fusion,pid,PID 第3段,/home/fins/Zhouyuheng_workspace/tracking_depth/depth-estimation-dev/output/pid_live_20260818_185403/pipeline_results.jsonl,1787050657.65,1787050677.65,176,17.88783025741577,0.8763561330137886,1.8722133013788556,1.8722133013788556,nan,nan
pid_smc_fusion,pid,PID 第3段,/home/fins/Zhouyuheng_workspace/tracking_depth/depth-estimation-dev/output/pid_live_20260818_185403/pipeline_results.jsonl,1787050657.65,1787050677.65,177,17.989779233932495,0.8764180399676729,1.878403996767286,1.878403996767286,nan,nan
pid_smc_fusion,pid,PID 第3段,/home/fins/Zhouyuheng_workspace/tracking_depth/depth-estimation-dev/output/pid_live_20260818_185403/pipeline_results.jsonl,1787050657.65,1787050677.65,178,18.0913143157959,0.8761625982963983,1.8528598296398302,1.8528598296398302,nan,nan
pid_smc_fusion,pid,PID 第3段,/home/fins/Zhouyuheng_workspace/tracking_depth/depth-estimation-dev/output/pid_live_20260818_185403/pipeline_results.jsonl,1787050657.65,1787050677.65,179,18.18917226791382,0.8757559039997309,1.8121903999730904,1.8121903999730904,nan,nan
pid_smc_fusion,pid,PID 第3段,/home/fins/Zhouyuheng_workspace/tracking_depth/depth-estimation-dev/output/pid_live_20260818_185403/pipeline_results.jsonl,1787050657.65,1787050677.65,180,18.295435667037964,0.9084415198488525,5.080751984885246,5.080751984885246,nan,nan
pid_smc_fusion,pid,PID 第3段,/home/fins/Zhouyuheng_workspace/tracking_depth/depth-estimation-dev/output/pid_live_20260818_185403/pipeline_results.jsonl,1787050657.65,1787050677.65,181,18.392280340194702,0.908895861938545,5.126186193854498,5.126186193854498,nan,nan
pid_smc_fusion,pid,PID 第3段,/home/fins/Zhouyuheng_workspace/tracking_depth/depth-estimation-dev/output/pid_live_20260818_185403/pipeline_results.jsonl,1787050657.65,1787050677.65,182,18.494009971618652,0.9094015436426401,5.1767543642640135,5.1767543642640135,nan,nan
pid_smc_fusion,pid,PID 第3段,/home/fins/Zhouyuheng_workspace/tracking_depth/depth-estimation-dev/output/pid_live_20260818_185403/pipeline_results.jsonl,1787050657.65,1787050677.65,183,18.59721302986145,0.9095242629233045,5.189026292330445,5.189026292330445,nan,nan
pid_smc_fusion,pid,PID 第3段,/home/fins/Zhouyuheng_workspace/tracking_depth/depth-estimation-dev/output/pid_live_20260818_185403/pipeline_results.jsonl,1787050657.65,1787050677.65,184,18.69761037826538,0.9068820849583652,4.924808495836519,4.924808495836519,nan,nan
pid_smc_fusion,pid,PID 第3段,/home/fins/Zhouyuheng_workspace/tracking_depth/depth-estimation-dev/output/pid_live_20260818_185403/pipeline_results.jsonl,1787050657.65,1787050677.65,185,18.803021907806396,0.906629931793149,4.899593179314898,4.899593179314898,nan,nan
pid_smc_fusion,pid,PID 第3段,/home/fins/Zhouyuheng_workspace/tracking_depth/depth-estimation-dev/output/pid_live_20260818_185403/pipeline_results.jsonl,1787050657.65,1787050677.65,186,18.902517795562744,0.9066166799890707,4.898267998907069,4.898267998907069,nan,nan
pid_smc_fusion,pid,PID 第3段,/home/fins/Zhouyuheng_workspace/tracking_depth/depth-estimation-dev/output/pid_live_20260818_185403/pipeline_results.jsonl,1787050657.65,1787050677.65,187,19.002618551254272,0.9063374072379526,4.870340723795263,4.870340723795263,nan,nan
pid_smc_fusion,pid,PID 第3段,/home/fins/Zhouyuheng_workspace/tracking_depth/depth-estimation-dev/output/pid_live_20260818_185403/pipeline_results.jsonl,1787050657.65,1787050677.65,188,19.099865913391113,0.9228212746709912,6.518727467099117,6.518727467099117,nan,nan
pid_smc_fusion,pid,PID 第3段,/home/fins/Zhouyuheng_workspace/tracking_depth/depth-estimation-dev/output/pid_live_20260818_185403/pipeline_results.jsonl,1787050657.65,1787050677.65,189,19.20645260810852,0.9231886865417342,6.555468654173424,6.555468654173424,nan,nan
pid_smc_fusion,pid,PID 第3段,/home/fins/Zhouyuheng_workspace/tracking_depth/depth-estimation-dev/output/pid_live_20260818_185403/pipeline_results.jsonl,1787050657.65,1787050677.65,190,19.31571626663208,0.9236487829006463,6.601478290064633,6.601478290064633,nan,nan
pid_smc_fusion,pid,PID 第3段,/home/fins/Zhouyuheng_workspace/tracking_depth/depth-estimation-dev/output/pid_live_20260818_185403/pipeline_results.jsonl,1787050657.65,1787050677.65,191,19.405863285064697,0.9240958229558207,6.64618229558207,6.64618229558207,nan,nan
pid_smc_fusion,pid,PID 第3段,/home/fins/Zhouyuheng_workspace/tracking_depth/depth-estimation-dev/output/pid_live_20260818_185403/pipeline_results.jsonl,1787050657.65,1787050677.65,192,19.504952430725098,0.9146488258309504,5.701482583095041,5.701482583095041,nan,nan
pid_smc_fusion,pid,PID 第3段,/home/fins/Zhouyuheng_workspace/tracking_depth/depth-estimation-dev/output/pid_live_20260818_185403/pipeline_results.jsonl,1787050657.65,1787050677.65,193,19.609228372573853,0.9146749722945675,5.7040972294567505,5.7040972294567505,nan,nan
pid_smc_fusion,pid,PID 第3段,/home/fins/Zhouyuheng_workspace/tracking_depth/depth-estimation-dev/output/pid_live_20260818_185403/pipeline_results.jsonl,1787050657.65,1787050677.65,194,19.707686185836792,0.914574041031968,5.694004103196804,5.694004103196804,nan,nan
pid_smc_fusion,pid,PID 第3段,/home/fins/Zhouyuheng_workspace/tracking_depth/depth-estimation-dev/output/pid_live_20260818_185403/pipeline_results.jsonl,1787050657.65,1787050677.65,195,19.80872392654419,0.9142647417922998,5.663074179229977,5.663074179229977,nan,nan
pid_smc_fusion,pid,PID 第3段,/home/fins/Zhouyuheng_workspace/tracking_depth/depth-estimation-dev/output/pid_live_20260818_185403/pipeline_results.jsonl,1787050657.65,1787050677.65,196,19.913622856140137,0.8749939156393614,1.7359915639361345,1.7359915639361345,nan,nan
pid_smc_fusion,smc,SMC 第1段,/home/fins/Zhouyuheng_workspace/MPC/calibration_logs/smc_real_20260818_203056.jsonl,1787056685.72,1787056705.72,0,0.10775566101074219,0.896429294476448,3.879529447644803,3.879529447644803,nan,nan
pid_smc_fusion,smc,SMC 第1段,/home/fins/Zhouyuheng_workspace/MPC/calibration_logs/smc_real_20260818_203056.jsonl,1787056685.72,1787056705.72,1,0.25670313835144043,0.9002171991787681,4.258319917876808,4.258319917876808,nan,nan
pid_smc_fusion,smc,SMC 第1段,/home/fins/Zhouyuheng_workspace/MPC/calibration_logs/smc_real_20260818_203056.jsonl,1787056685.72,1787056705.72,2,0.4051394462585449,0.9027945338102111,4.516053381021113,4.516053381021113,nan,nan
pid_smc_fusion,smc,SMC 第1段,/home/fins/Zhouyuheng_workspace/MPC/calibration_logs/smc_real_20260818_203056.jsonl,1787056685.72,1787056705.72,3,0.505859375,0.9039280964021238,4.629409640212378,4.629409640212378,nan,nan
pid_smc_fusion,smc,SMC 第1段,/home/fins/Zhouyuheng_workspace/MPC/calibration_logs/smc_real_20260818_203056.jsonl,1787056685.72,1787056705.72,4,0.654325008392334,0.9126614829609748,5.502748296097481,5.502748296097481,nan,nan
pid_smc_fusion,smc,SMC 第1段,/home/fins/Zhouyuheng_workspace/MPC/calibration_logs/smc_real_20260818_203056.jsonl,1787056685.72,1787056705.72,5,0.7056980133056641,0.9177310874388614,6.009708743886144,6.009708743886144,nan,nan
pid_smc_fusion,smc,SMC 第1段,/home/fins/Zhouyuheng_workspace/MPC/calibration_logs/smc_real_20260818_203056.jsonl,1787056685.72,1787056705.72,6,0.8065123558044434,0.9199486789121317,6.231467891213171,6.231467891213171,nan,nan
pid_smc_fusion,smc,SMC 第1段,/home/fins/Zhouyuheng_workspace/MPC/calibration_logs/smc_real_20260818_203056.jsonl,1787056685.72,1787056705.72,7,0.9036684036254883,0.9205787950395531,6.2944795039553085,6.2944795039553085,nan,nan
pid_smc_fusion,smc,SMC 第1段,/home/fins/Zhouyuheng_workspace/MPC/calibration_logs/smc_real_20260818_203056.jsonl,1787056685.72,1787056705.72,8,1.0564405918121338,0.9255370731658751,6.790307316587507,6.790307316587507,nan,nan
pid_smc_fusion,smc,SMC 第1段,/home/fins/Zhouyuheng_workspace/MPC/calibration_logs/smc_real_20260818_203056.jsonl,1787056685.72,1787056705.72,9,1.105196237564087,0.9284016276939118,7.076762769391176,7.076762769391176,nan,nan
pid_smc_fusion,smc,SMC 第1段,/home/fins/Zhouyuheng_workspace/MPC/calibration_logs/smc_real_20260818_203056.jsonl,1787056685.72,1787056705.72,10,1.2060742378234863,0.929494770288803,7.1860770288803,7.1860770288803,nan,nan
pid_smc_fusion,smc,SMC 第1段,/home/fins/Zhouyuheng_workspace/MPC/calibration_logs/smc_real_20260818_203056.jsonl,1787056685.72,1787056705.72,11,1.3054695129394531,0.9297230714335758,7.208907143357579,7.208907143357579,nan,nan
pid_smc_fusion,smc,SMC 第1段,/home/fins/Zhouyuheng_workspace/MPC/calibration_logs/smc_real_20260818_203056.jsonl,1787056685.72,1787056705.72,12,1.4555959701538086,0.9285517048286913,7.091770482869131,7.091770482869131,nan,nan
pid_smc_fusion,smc,SMC 第1段,/home/fins/Zhouyuheng_workspace/MPC/calibration_logs/smc_real_20260818_203056.jsonl,1787056685.72,1787056705.72,13,1.5060091018676758,0.9284481883696196,7.081418836961961,7.081418836961961,nan,nan
pid_smc_fusion,smc,SMC 第1段,/home/fins/Zhouyuheng_workspace/MPC/calibration_logs/smc_real_20260818_203056.jsonl,1787056685.72,1787056705.72,14,1.6063776016235352,0.928317046357227,7.0683046357227,7.0683046357227,nan,nan
pid_smc_fusion,smc,SMC 第1段,/home/fins/Zhouyuheng_workspace/MPC/calibration_logs/smc_real_20260818_203056.jsonl,1787056685.72,1787056705.72,15,1.7059597969055176,0.9279677244917414,7.033372449174136,7.033372449174136,nan,nan
pid_smc_fusion,smc,SMC 第1段,/home/fins/Zhouyuheng_workspace/MPC/calibration_logs/smc_real_20260818_203056.jsonl,1787056685.72,1787056705.72,16,1.855163812637329,0.9241808209000668,6.6546820900066805,6.6546820900066805,nan,nan
pid_smc_fusion,smc,SMC 第1段,/home/fins/Zhouyuheng_workspace/MPC/calibration_logs/smc_real_20260818_203056.jsonl,1787056685.72,1787056705.72,17,1.9038853645324707,0.9232836000071324,6.5649600007132385,6.5649600007132385,nan,nan
pid_smc_fusion,smc,SMC 第1段,/home/fins/Zhouyuheng_workspace/MPC/calibration_logs/smc_real_20260818_203056.jsonl,1787056685.72,1787056705.72,18,2.006603479385376,0.9230649719356091,6.543097193560909,6.543097193560909,nan,nan
pid_smc_fusion,smc,SMC 第1段,/home/fins/Zhouyuheng_workspace/MPC/calibration_logs/smc_real_20260818_203056.jsonl,1787056685.72,1787056705.72,19,2.105743169784546,0.9232177758950532,6.558377589505316,6.558377589505316,nan,nan
pid_smc_fusion,smc,SMC 第1段,/home/fins/Zhouyuheng_workspace/MPC/calibration_logs/smc_real_20260818_203056.jsonl,1787056685.72,1787056705.72,20,2.253955841064453,0.9262826914460749,6.864869144607488,6.864869144607488,nan,nan
pid_smc_fusion,smc,SMC 第1段,/home/fins/Zhouyuheng_workspace/MPC/calibration_logs/smc_real_20260818_203056.jsonl,1787056685.72,1787056705.72,21,2.3037776947021484,0.9302328847348436,7.259888473484355,7.259888473484355,nan,nan
pid_smc_fusion,smc,SMC 第1段,/home/fins/Zhouyuheng_workspace/MPC/calibration_logs/smc_real_20260818_203056.jsonl,1787056685.72,1787056705.72,22,2.404932975769043,0.9326751667987853,7.504116679878525,7.504116679878525,nan,nan
pid_smc_fusion,smc,SMC 第1段,/home/fins/Zhouyuheng_workspace/MPC/calibration_logs/smc_real_20260818_203056.jsonl,1787056685.72,1787056705.72,23,2.506394147872925,0.9346337201269342,7.699972012693424,7.699972012693424,nan,nan
pid_smc_fusion,smc,SMC 第1段,/home/fins/Zhouyuheng_workspace/MPC/calibration_logs/smc_real_20260818_203056.jsonl,1787056685.72,1787056705.72,24,2.6552844047546387,0.9417207092499591,8.40867092499591,8.40867092499591,nan,nan
pid_smc_fusion,smc,SMC 第1段,/home/fins/Zhouyuheng_workspace/MPC/calibration_logs/smc_real_20260818_203056.jsonl,1787056685.72,1787056705.72,25,2.7040951251983643,0.9471961051380339,8.956210513803386,8.956210513803386,nan,nan
pid_smc_fusion,smc,SMC 第1段,/home/fins/Zhouyuheng_workspace/MPC/calibration_logs/smc_real_20260818_203056.jsonl,1787056685.72,1787056705.72,26,2.8045053482055664,0.9504790965616778,9.284509656167783,9.284509656167783,nan,nan
pid_smc_fusion,smc,SMC 第1段,/home/fins/Zhouyuheng_workspace/MPC/calibration_logs/smc_real_20260818_203056.jsonl,1787056685.72,1787056705.72,27,2.9044156074523926,0.9523241288939689,9.469012889396888,9.469012889396888,nan,nan
pid_smc_fusion,smc,SMC 第1段,/home/fins/Zhouyuheng_workspace/MPC/calibration_logs/smc_real_20260818_203056.jsonl,1787056685.72,1787056705.72,28,3.104454517364502,0.9470508614931974,8.94168614931974,8.94168614931974,nan,nan
pid_smc_fusion,smc,SMC 第1段,/home/fins/Zhouyuheng_workspace/MPC/calibration_logs/smc_real_20260818_203056.jsonl,1787056685.72,1787056705.72,29,3.2057738304138184,0.9427912459280353,8.515724592803531,8.515724592803531,nan,nan
pid_smc_fusion,smc,SMC 第1段,/home/fins/Zhouyuheng_workspace/MPC/calibration_logs/smc_real_20260818_203056.jsonl,1787056685.72,1787056705.72,30,3.3052453994750977,0.9396924951636888,8.205849516368879,8.205849516368879,nan,nan
pid_smc_fusion,smc,SMC 第1段,/home/fins/Zhouyuheng_workspace/MPC/calibration_logs/smc_real_20260818_203056.jsonl,1787056685.72,1787056705.72,31,3.4542970657348633,0.9334913035774708,7.585730357747078,7.585730357747078,nan,nan
pid_smc_fusion,smc,SMC 第1段,/home/fins/Zhouyuheng_workspace/MPC/calibration_logs/smc_real_20260818_203056.jsonl,1787056685.72,1787056705.72,32,3.50437068939209,0.9314734467380613,7.3839446738061305,7.3839446738061305,nan,nan
pid_smc_fusion,smc,SMC 第1段,/home/fins/Zhouyuheng_workspace/MPC/calibration_logs/smc_real_20260818_203056.jsonl,1787056685.72,1787056705.72,33,3.604450225830078,0.9302443729028659,7.261037290286588,7.261037290286588,nan,nan
pid_smc_fusion,smc,SMC 第1段,/home/fins/Zhouyuheng_workspace/MPC/calibration_logs/smc_real_20260818_203056.jsonl,1787056685.72,1787056705.72,34,3.7044031620025635,0.9291975613529448,7.156356135294484,7.156356135294484,nan,nan
pid_smc_fusion,smc,SMC 第1段,/home/fins/Zhouyuheng_workspace/MPC/calibration_logs/smc_real_20260818_203056.jsonl,1787056685.72,1787056705.72,35,3.904470682144165,0.9197951121412524,6.216111214125242,6.216111214125242,nan,nan
pid_smc_fusion,smc,SMC 第1段,/home/fins/Zhouyuheng_workspace/MPC/calibration_logs/smc_real_20260818_203056.jsonl,1787056685.72,1787056705.72,36,4.0545268058776855,0.9115023587459884,5.386835874598839,5.386835874598839,nan,nan
pid_smc_fusion,smc,SMC 第1段,/home/fins/Zhouyuheng_workspace/MPC/calibration_logs/smc_real_20260818_203056.jsonl,1787056685.72,1787056705.72,37,4.103817462921143,0.9093989783913083,5.176497839130834,5.176497839130834,nan,nan
pid_smc_fusion,smc,SMC 第1段,/home/fins/Zhouyuheng_workspace/MPC/calibration_logs/smc_real_20260818_203056.jsonl,1787056685.72,1787056705.72,38,4.305963754653931,0.9078456912615416,5.021169126154157,5.021169126154157,nan,nan
pid_smc_fusion,smc,SMC 第1段,/home/fins/Zhouyuheng_workspace/MPC/calibration_logs/smc_real_20260818_203056.jsonl,1787056685.72,1787056705.72,39,4.405239582061768,0.9074080985876142,4.977409858761417,4.977409858761417,nan,nan
pid_smc_fusion,smc,SMC 第1段,/home/fins/Zhouyuheng_workspace/MPC/calibration_logs/smc_real_20260818_203056.jsonl,1787056685.72,1787056705.72,40,4.555269718170166,0.9066691568773246,4.903515687732463,4.903515687732463,nan,nan
pid_smc_fusion,smc,SMC 第1段,/home/fins/Zhouyuheng_workspace/MPC/calibration_logs/smc_real_20260818_203056.jsonl,1787056685.72,1787056705.72,41,4.706522226333618,0.9059213824814675,4.828738248146747,4.828738248146747,nan,nan
pid_smc_fusion,smc,SMC 第1段,/home/fins/Zhouyuheng_workspace/MPC/calibration_logs/smc_real_20260818_203056.jsonl,1787056685.72,1787056705.72,42,4.754432439804077,0.9074534993445115,4.981949934451146,4.981949934451146,nan,nan
pid_smc_fusion,smc,SMC 第1段,/home/fins/Zhouyuheng_workspace/MPC/calibration_logs/smc_real_20260818_203056.jsonl,1787056685.72,1787056705.72,43,4.855444669723511,0.908159184661412,5.052518466141198,5.052518466141198,nan,nan
pid_smc_fusion,smc,SMC 第1段,/home/fins/Zhouyuheng_workspace/MPC/calibration_logs/smc_real_20260818_203056.jsonl,1787056685.72,1787056705.72,44,4.9549009799957275,0.9084323632375272,5.079836323752717,5.079836323752717,nan,nan
pid_smc_fusion,smc,SMC 第1段,/home/fins/Zhouyuheng_workspace/MPC/calibration_logs/smc_real_20260818_203056.jsonl,1787056685.72,1787056705.72,45,5.104004859924316,0.906552647604543,4.8918647604543,4.8918647604543,nan,nan
pid_smc_fusion,smc,SMC 第1段,/home/fins/Zhouyuheng_workspace/MPC/calibration_logs/smc_real_20260818_203056.jsonl,1787056685.72,1787056705.72,46,5.155078172683716,0.9065935442495217,4.895954424952165,4.895954424952165,nan,nan
pid_smc_fusion,smc,SMC 第1段,/home/fins/Zhouyuheng_workspace/MPC/calibration_logs/smc_real_20260818_203056.jsonl,1787056685.72,1787056705.72,47,5.254676342010498,0.9069858038724993,4.935180387249927,4.935180387249927,nan,nan
pid_smc_fusion,smc,SMC 第1段,/home/fins/Zhouyuheng_workspace/MPC/calibration_logs/smc_real_20260818_203056.jsonl,1787056685.72,1787056705.72,48,5.35543417930603,0.9069719661519264,4.933796615192643,4.933796615192643,nan,nan
pid_smc_fusion,smc,SMC 第1段,/home/fins/Zhouyuheng_workspace/MPC/calibration_logs/smc_real_20260818_203056.jsonl,1787056685.72,1787056705.72,49,5.504926919937134,0.9081669811311482,5.053298113114824,5.053298113114824,nan,nan
pid_smc_fusion,smc,SMC 第1段,/home/fins/Zhouyuheng_workspace/MPC/calibration_logs/smc_real_20260818_203056.jsonl,1787056685.72,1787056705.72,50,5.553946018218994,0.9097081834943722,5.207418349437221,5.207418349437221,nan,nan
pid_smc_fusion,smc,SMC 第1段,/home/fins/Zhouyuheng_workspace/MPC/calibration_logs/smc_real_20260818_203056.jsonl,1787056685.72,1787056705.72,51,5.654419422149658,0.910534003789408,5.290000378940796,5.290000378940796,nan,nan
pid_smc_fusion,smc,SMC 第1段,/home/fins/Zhouyuheng_workspace/MPC/calibration_logs/smc_real_20260818_203056.jsonl,1787056685.72,1787056705.72,52,5.755687236785889,0.9111023212686445,5.346832126864454,5.346832126864454,nan,nan
pid_smc_fusion,smc,SMC 第1段,/home/fins/Zhouyuheng_workspace/MPC/calibration_logs/smc_real_20260818_203056.jsonl,1787056685.72,1787056705.72,53,5.904840469360352,0.910090415332477,5.245641533247703,5.245641533247703,nan,nan
pid_smc_fusion,smc,SMC 第1段,/home/fins/Zhouyuheng_workspace/MPC/calibration_logs/smc_real_20260818_203056.jsonl,1787056685.72,1787056705.72,54,5.953774452209473,0.9111189439525195,5.3484943952519455,5.3484943952519455,nan,nan
pid_smc_fusion,smc,SMC 第1段,/home/fins/Zhouyuheng_workspace/MPC/calibration_logs/smc_real_20260818_203056.jsonl,1787056685.72,1787056705.72,55,6.054159641265869,0.9115217947398032,5.388779473980321,5.388779473980321,nan,nan
pid_smc_fusion,smc,SMC 第1段,/home/fins/Zhouyuheng_workspace/MPC/calibration_logs/smc_real_20260818_203056.jsonl,1787056685.72,1787056705.72,56,6.153994560241699,0.9114477880451753,5.381378804517533,5.381378804517533,nan,nan
pid_smc_fusion,smc,SMC 第1段,/home/fins/Zhouyuheng_workspace/MPC/calibration_logs/smc_real_20260818_203056.jsonl,1787056685.72,1787056705.72,57,6.305757999420166,0.9102952425334594,5.2661242533459385,5.2661242533459385,nan,nan
pid_smc_fusion,smc,SMC 第1段,/home/fins/Zhouyuheng_workspace/MPC/calibration_logs/smc_real_20260818_203056.jsonl,1787056685.72,1787056705.72,58,6.35416579246521,0.9100914744330428,5.245747443304283,5.245747443304283,nan,nan
pid_smc_fusion,smc,SMC 第1段,/home/fins/Zhouyuheng_workspace/MPC/calibration_logs/smc_real_20260818_203056.jsonl,1787056685.72,1787056705.72,59,6.454418182373047,0.9097762424605711,5.214224246057109,5.214224246057109,nan,nan
pid_smc_fusion,smc,SMC 第1段,/home/fins/Zhouyuheng_workspace/MPC/calibration_logs/smc_real_20260818_203056.jsonl,1787056685.72,1787056705.72,60,6.555514812469482,0.9093031323079352,5.166913230793524,5.166913230793524,nan,nan
pid_smc_fusion,smc,SMC 第1段,/home/fins/Zhouyuheng_workspace/MPC/calibration_logs/smc_real_20260818_203056.jsonl,1787056685.72,1787056705.72,61,6.705023527145386,0.9091253123385226,5.1491312338522555,5.1491312338522555,nan,nan
pid_smc_fusion,smc,SMC 第1段,/home/fins/Zhouyuheng_workspace/MPC/calibration_logs/smc_real_20260818_203056.jsonl,1787056685.72,1787056705.72,62,6.753710746765137,0.9102281100880899,5.259411008808989,5.259411008808989,nan,nan
pid_smc_fusion,smc,SMC 第1段,/home/fins/Zhouyuheng_workspace/MPC/calibration_logs/smc_real_20260818_203056.jsonl,1787056685.72,1787056705.72,63,6.854118347167969,0.910274620049804,5.264062004980397,5.264062004980397,nan,nan
pid_smc_fusion,smc,SMC 第1段,/home/fins/Zhouyuheng_workspace/MPC/calibration_logs/smc_real_20260818_203056.jsonl,1787056685.72,1787056705.72,64,6.956407785415649,0.9099611517354623,5.232715173546232,5.232715173546232,nan,nan
pid_smc_fusion,smc,SMC 第1段,/home/fins/Zhouyuheng_workspace/MPC/calibration_logs/smc_real_20260818_203056.jsonl,1787056685.72,1787056705.72,65,7.10650897026062,0.9195855061806983,6.1951506180698335,6.1951506180698335,nan,nan
pid_smc_fusion,smc,SMC 第1段,/home/fins/Zhouyuheng_workspace/MPC/calibration_logs/smc_real_20260818_203056.jsonl,1787056685.72,1787056705.72,66,7.154070138931274,0.9269190759746568,6.928507597465683,6.928507597465683,nan,nan
pid_smc_fusion,smc,SMC 第1段,/home/fins/Zhouyuheng_workspace/MPC/calibration_logs/smc_real_20260818_203056.jsonl,1787056685.72,1787056705.72,67,7.25417423248291,0.9312274205284619,7.359342052846185,7.359342052846185,nan,nan
pid_smc_fusion,smc,SMC 第1段,/home/fins/Zhouyuheng_workspace/MPC/calibration_logs/smc_real_20260818_203056.jsonl,1787056685.72,1787056705.72,68,7.354646682739258,0.9337689211614719,7.613492116147191,7.613492116147191,nan,nan
pid_smc_fusion,smc,SMC 第1段,/home/fins/Zhouyuheng_workspace/MPC/calibration_logs/smc_real_20260818_203056.jsonl,1787056685.72,1787056705.72,69,7.55410623550415,0.9400594570924301,8.24254570924301,8.24254570924301,nan,nan
pid_smc_fusion,smc,SMC 第1段,/home/fins/Zhouyuheng_workspace/MPC/calibration_logs/smc_real_20260818_203056.jsonl,1787056685.72,1787056705.72,70,7.653964519500732,0.9440239874003831,8.638998740038307,8.638998740038307,nan,nan
pid_smc_fusion,smc,SMC 第1段,/home/fins/Zhouyuheng_workspace/MPC/calibration_logs/smc_real_20260818_203056.jsonl,1787056685.72,1787056705.72,71,7.754547119140625,0.9462895828172728,8.865558281727282,8.865558281727282,nan,nan
pid_smc_fusion,smc,SMC 第1段,/home/fins/Zhouyuheng_workspace/MPC/calibration_logs/smc_real_20260818_203056.jsonl,1787056685.72,1787056705.72,72,7.953895092010498,0.9432694479135659,8.563544791356591,8.563544791356591,nan,nan
pid_smc_fusion,smc,SMC 第1段,/home/fins/Zhouyuheng_workspace/MPC/calibration_logs/smc_real_20260818_203056.jsonl,1787056685.72,1787056705.72,73,8.054868459701538,0.9404660355387388,8.283203553873875,8.283203553873875,nan,nan
pid_smc_fusion,smc,SMC 第1段,/home/fins/Zhouyuheng_workspace/MPC/calibration_logs/smc_real_20260818_203056.jsonl,1787056685.72,1787056705.72,74,8.155879735946655,0.9380833279618257,8.044932796182568,8.044932796182568,nan,nan
pid_smc_fusion,smc,SMC 第1段,/home/fins/Zhouyuheng_workspace/MPC/calibration_logs/smc_real_20260818_203056.jsonl,1787056685.72,1787056705.72,75,8.353841066360474,0.9336034326882573,7.596943268825729,7.596943268825729,nan,nan
pid_smc_fusion,smc,SMC 第1段,/home/fins/Zhouyuheng_workspace/MPC/calibration_logs/smc_real_20260818_203056.jsonl,1787056685.72,1787056705.72,76,8.405519962310791,0.9324433276336997,7.4809327633699745,7.4809327633699745,nan,nan
pid_smc_fusion,smc,SMC 第1段,/home/fins/Zhouyuheng_workspace/MPC/calibration_logs/smc_real_20260818_203056.jsonl,1787056685.72,1787056705.72,77,8.505992889404297,0.9319452427522072,7.431124275220724,7.431124275220724,nan,nan
pid_smc_fusion,smc,SMC 第1段,/home/fins/Zhouyuheng_workspace/MPC/calibration_logs/smc_real_20260818_203056.jsonl,1787056685.72,1787056705.72,78,8.603971481323242,0.9312481703551267,7.361417035512674,7.361417035512674,nan,nan
pid_smc_fusion,smc,SMC 第1段,/home/fins/Zhouyuheng_workspace/MPC/calibration_logs/smc_real_20260818_203056.jsonl,1787056685.72,1787056705.72,79,8.7547447681427,0.9244551785720382,6.682117857203817,6.682117857203817,nan,nan
pid_smc_fusion,smc,SMC 第1段,/home/fins/Zhouyuheng_workspace/MPC/calibration_logs/smc_real_20260818_203056.jsonl,1787056685.72,1787056705.72,80,8.804751634597778,0.922635547147512,6.5001547147511936,6.5001547147511936,nan,nan
pid_smc_fusion,smc,SMC 第1段,/home/fins/Zhouyuheng_workspace/MPC/calibration_logs/smc_real_20260818_203056.jsonl,1787056685.72,1787056705.72,81,8.903905153274536,0.9217864684870102,6.415246848701017,6.415246848701017,nan,nan
pid_smc_fusion,smc,SMC 第1段,/home/fins/Zhouyuheng_workspace/MPC/calibration_logs/smc_real_20260818_203056.jsonl,1787056685.72,1787056705.72,82,9.005436182022095,0.9214596807031489,6.382568070314887,6.382568070314887,nan,nan
pid_smc_fusion,smc,SMC 第1段,/home/fins/Zhouyuheng_workspace/MPC/calibration_logs/smc_real_20260818_203056.jsonl,1787056685.72,1787056705.72,83,9.15463137626648,0.9226056667987127,6.497166679871269,6.497166679871269,nan,nan
pid_smc_fusion,smc,SMC 第1段,/home/fins/Zhouyuheng_workspace/MPC/calibration_logs/smc_real_20260818_203056.jsonl,1787056685.72,1787056705.72,84,9.204850912094116,0.9251962355580909,6.756223555809093,6.756223555809093,nan,nan
pid_smc_fusion,smc,SMC 第1段,/home/fins/Zhouyuheng_workspace/MPC/calibration_logs/smc_real_20260818_203056.jsonl,1787056685.72,1787056705.72,85,9.304910898208618,0.9265857675415907,6.895176754159071,6.895176754159071,nan,nan
pid_smc_fusion,smc,SMC 第1段,/home/fins/Zhouyuheng_workspace/MPC/calibration_logs/smc_real_20260818_203056.jsonl,1787056685.72,1787056705.72,86,9.403995275497437,0.9275122529316107,6.987825293161065,6.987825293161065,nan,nan
pid_smc_fusion,smc,SMC 第1段,/home/fins/Zhouyuheng_workspace/MPC/calibration_logs/smc_real_20260818_203056.jsonl,1787056685.72,1787056705.72,87,9.555504560470581,0.9239225375467061,6.628853754670605,6.628853754670605,nan,nan
pid_smc_fusion,smc,SMC 第1段,/home/fins/Zhouyuheng_workspace/MPC/calibration_logs/smc_real_20260818_203056.jsonl,1787056685.72,1787056705.72,88,9.603883504867554,0.9228320078252861,6.519800782528606,6.519800782528606,nan,nan
pid_smc_fusion,smc,SMC 第1段,/home/fins/Zhouyuheng_workspace/MPC/calibration_logs/smc_real_20260818_203056.jsonl,1787056685.72,1787056705.72,89,9.704887866973877,0.9222590791820567,6.462507918205674,6.462507918205674,nan,nan
pid_smc_fusion,smc,SMC 第1段,/home/fins/Zhouyuheng_workspace/MPC/calibration_logs/smc_real_20260818_203056.jsonl,1787056685.72,1787056705.72,90,9.804376363754272,0.9219424284100071,6.430842841000706,6.430842841000706,nan,nan
pid_smc_fusion,smc,SMC 第1段,/home/fins/Zhouyuheng_workspace/MPC/calibration_logs/smc_real_20260818_203056.jsonl,1787056685.72,1787056705.72,91,9.953881025314331,0.9155386913247177,5.790469132471765,5.790469132471765,nan,nan
pid_smc_fusion,smc,SMC 第1段,/home/fins/Zhouyuheng_workspace/MPC/calibration_logs/smc_real_20260818_203056.jsonl,1787056685.72,1787056705.72,92,10.003715991973877,0.9131382006207284,5.550420062072837,5.550420062072837,nan,nan
pid_smc_fusion,smc,SMC 第1段,/home/fins/Zhouyuheng_workspace/MPC/calibration_logs/smc_real_20260818_203056.jsonl,1787056685.72,1787056705.72,93,10.10401201248169,0.9117190849710817,5.4085084971081665,5.4085084971081665,nan,nan
pid_smc_fusion,smc,SMC 第1段,/home/fins/Zhouyuheng_workspace/MPC/calibration_logs/smc_real_20260818_203056.jsonl,1787056685.72,1787056705.72,94,10.2047860622406,0.91072526540415,5.309126540414999,5.309126540414999,nan,nan
pid_smc_fusion,smc,SMC 第1段,/home/fins/Zhouyuheng_workspace/MPC/calibration_logs/smc_real_20260818_203056.jsonl,1787056685.72,1787056705.72,95,10.353917360305786,0.9005627357842835,4.292873578428347,4.292873578428347,nan,nan
pid_smc_fusion,smc,SMC 第1段,/home/fins/Zhouyuheng_workspace/MPC/calibration_logs/smc_real_20260818_203056.jsonl,1787056685.72,1787056705.72,96,10.404453039169312,0.8960672524079349,3.8433252407934937,3.8433252407934937,nan,nan
pid_smc_fusion,smc,SMC 第1段,/home/fins/Zhouyuheng_workspace/MPC/calibration_logs/smc_real_20260818_203056.jsonl,1787056685.72,1787056705.72,97,10.505756139755249,0.8937513898857488,3.611738988574875,3.611738988574875,nan,nan
pid_smc_fusion,smc,SMC 第1段,/home/fins/Zhouyuheng_workspace/MPC/calibration_logs/smc_real_20260818_203056.jsonl,1787056685.72,1787056705.72,98,10.603902101516724,0.8933698124356706,3.573581243567059,3.573581243567059,nan,nan
pid_smc_fusion,smc,SMC 第1段,/home/fins/Zhouyuheng_workspace/MPC/calibration_logs/smc_real_20260818_203056.jsonl,1787056685.72,1787056705.72,99,10.753973007202148,0.8967219448604014,3.9087944860401347,3.9087944860401347,nan,nan
pid_smc_fusion,smc,SMC 第1段,/home/fins/Zhouyuheng_workspace/MPC/calibration_logs/smc_real_20260818_203056.jsonl,1787056685.72,1787056705.72,100,10.806223154067993,0.9004172325736881,4.27832325736881,4.27832325736881,nan,nan
pid_smc_fusion,smc,SMC 第1段,/home/fins/Zhouyuheng_workspace/MPC/calibration_logs/smc_real_20260818_203056.jsonl,1787056685.72,1787056705.72,101,10.904230833053589,0.9025160964643673,4.488209646436725,4.488209646436725,nan,nan
pid_smc_fusion,smc,SMC 第1段,/home/fins/Zhouyuheng_workspace/MPC/calibration_logs/smc_real_20260818_203056.jsonl,1787056685.72,1787056705.72,102,11.005698680877686,0.9038808969048904,4.624689690489037,4.624689690489037,nan,nan
pid_smc_fusion,smc,SMC 第1段,/home/fins/Zhouyuheng_workspace/MPC/calibration_logs/smc_real_20260818_203056.jsonl,1787056685.72,1787056705.72,103,11.15379810333252,0.9152117242649495,5.757772426494945,5.757772426494945,nan,nan
pid_smc_fusion,smc,SMC 第1段,/home/fins/Zhouyuheng_workspace/MPC/calibration_logs/smc_real_20260818_203056.jsonl,1787056685.72,1787056705.72,104,11.206495523452759,0.9225228500199348,6.4888850019934825,6.4888850019934825,nan,nan
pid_smc_fusion,smc,SMC 第1段,/home/fins/Zhouyuheng_workspace/MPC/calibration_logs/smc_real_20260818_203056.jsonl,1787056685.72,1787056705.72,105,11.30636715888977,0.9263873609144206,6.875336091442064,6.875336091442064,nan,nan
pid_smc_fusion,smc,SMC 第1段,/home/fins/Zhouyuheng_workspace/MPC/calibration_logs/smc_real_20260818_203056.jsonl,1787056685.72,1787056705.72,106,11.40578317642212,0.9283614015015589,7.072740150155887,7.072740150155887,nan,nan
pid_smc_fusion,smc,SMC 第1段,/home/fins/Zhouyuheng_workspace/MPC/calibration_logs/smc_real_20260818_203056.jsonl,1787056685.72,1787056705.72,107,11.556514024734497,0.93152511533389,7.389111533389004,7.389111533389004,nan,nan
pid_smc_fusion,smc,SMC 第1段,/home/fins/Zhouyuheng_workspace/MPC/calibration_logs/smc_real_20260818_203056.jsonl,1787056685.72,1787056705.72,108,11.605818510055542,0.9326963120031943,7.506231200319425,7.506231200319425,nan,nan
pid_smc_fusion,smc,SMC 第1段,/home/fins/Zhouyuheng_workspace/MPC/calibration_logs/smc_real_20260818_203056.jsonl,1787056685.72,1787056705.72,109,11.706118822097778,0.9329927704442138,7.53587704442138,7.53587704442138,nan,nan
pid_smc_fusion,smc,SMC 第1段,/home/fins/Zhouyuheng_workspace/MPC/calibration_logs/smc_real_20260818_203056.jsonl,1787056685.72,1787056705.72,110,11.805071353912354,0.9327221311989564,7.508813119895641,7.508813119895641,nan,nan
pid_smc_fusion,smc,SMC 第1段,/home/fins/Zhouyuheng_workspace/MPC/calibration_logs/smc_real_20260818_203056.jsonl,1787056685.72,1787056705.72,111,12.00660228729248,0.934537951528583,7.690395152858298,7.690395152858298,nan,nan
pid_smc_fusion,smc,SMC 第1段,/home/fins/Zhouyuheng_workspace/MPC/calibration_logs/smc_real_20260818_203056.jsonl,1787056685.72,1787056705.72,112,12.156463861465454,0.9348561234751097,7.72221234751097,7.72221234751097,nan,nan
pid_smc_fusion,smc,SMC 第1段,/home/fins/Zhouyuheng_workspace/MPC/calibration_logs/smc_real_20260818_203056.jsonl,1787056685.72,1787056705.72,113,12.204426288604736,0.9358704337272717,7.823643372727174,7.823643372727174,nan,nan
pid_smc_fusion,smc,SMC 第1段,/home/fins/Zhouyuheng_workspace/MPC/calibration_logs/smc_real_20260818_203056.jsonl,1787056685.72,1787056705.72,114,12.404990673065186,0.9401176030576999,8.248360305769985,8.248360305769985,nan,nan
pid_smc_fusion,smc,SMC 第1段,/home/fins/Zhouyuheng_workspace/MPC/calibration_logs/smc_real_20260818_203056.jsonl,1787056685.72,1787056705.72,115,12.455644369125366,0.9448327973365892,8.719879733658919,8.719879733658919,nan,nan
pid_smc_fusion,smc,SMC 第1段,/home/fins/Zhouyuheng_workspace/MPC/calibration_logs/smc_real_20260818_203056.jsonl,1787056685.72,1787056705.72,116,12.556431293487549,0.9469974652714473,8.936346527144734,8.936346527144734,nan,nan
pid_smc_fusion,smc,SMC 第1段,/home/fins/Zhouyuheng_workspace/MPC/calibration_logs/smc_real_20260818_203056.jsonl,1787056685.72,1787056705.72,117,12.653764009475708,0.9476615659632192,9.002756596321914,9.002756596321914,nan,nan
pid_smc_fusion,smc,SMC 第1段,/home/fins/Zhouyuheng_workspace/MPC/calibration_logs/smc_real_20260818_203056.jsonl,1787056685.72,1787056705.72,118,12.80640435218811,0.9495658630193868,9.193186301938683,9.193186301938683,nan,nan
pid_smc_fusion,smc,SMC 第1段,/home/fins/Zhouyuheng_workspace/MPC/calibration_logs/smc_real_20260818_203056.jsonl,1787056685.72,1787056705.72,119,12.854590892791748,0.9516351145810097,9.400111458100968,9.400111458100968,nan,nan
pid_smc_fusion,smc,SMC 第1段,/home/fins/Zhouyuheng_workspace/MPC/calibration_logs/smc_real_20260818_203056.jsonl,1787056685.72,1787056705.72,120,12.956162214279175,0.952306516532271,9.467251653227105,9.467251653227105,nan,nan
pid_smc_fusion,smc,SMC 第1段,/home/fins/Zhouyuheng_workspace/MPC/calibration_logs/smc_real_20260818_203056.jsonl,1787056685.72,1787056705.72,121,13.056396961212158,0.9522963383711679,9.46623383711679,9.46623383711679,nan,nan
pid_smc_fusion,smc,SMC 第1段,/home/fins/Zhouyuheng_workspace/MPC/calibration_logs/smc_real_20260818_203056.jsonl,1787056685.72,1787056705.72,122,13.206346035003662,0.9479084603512541,9.027446035125408,9.027446035125408,nan,nan
pid_smc_fusion,smc,SMC 第1段,/home/fins/Zhouyuheng_workspace/MPC/calibration_logs/smc_real_20260818_203056.jsonl,1787056685.72,1787056705.72,123,13.255139350891113,0.9465815076019436,8.89475076019436,8.89475076019436,nan,nan
pid_smc_fusion,smc,SMC 第1段,/home/fins/Zhouyuheng_workspace/MPC/calibration_logs/smc_real_20260818_203056.jsonl,1787056685.72,1787056705.72,124,13.356428623199463,0.9456810162149264,8.804701621492638,8.804701621492638,nan,nan
pid_smc_fusion,smc,SMC 第1段,/home/fins/Zhouyuheng_workspace/MPC/calibration_logs/smc_real_20260818_203056.jsonl,1787056685.72,1787056705.72,125,13.456452369689941,0.9454250325908101,8.779103259081012,8.779103259081012,nan,nan
pid_smc_fusion,smc,SMC 第1段,/home/fins/Zhouyuheng_workspace/MPC/calibration_logs/smc_real_20260818_203056.jsonl,1787056685.72,1787056705.72,126,13.605618953704834,0.944863769971739,8.722976997173904,8.722976997173904,nan,nan
pid_smc_fusion,smc,SMC 第1段,/home/fins/Zhouyuheng_workspace/MPC/calibration_logs/smc_real_20260818_203056.jsonl,1787056685.72,1787056705.72,127,13.656042098999023,0.9460019876509153,8.836798765091524,8.836798765091524,nan,nan
pid_smc_fusion,smc,SMC 第1段,/home/fins/Zhouyuheng_workspace/MPC/calibration_logs/smc_real_20260818_203056.jsonl,1787056685.72,1787056705.72,128,13.753711700439453,0.9465616340980795,8.892763409807946,8.892763409807946,nan,nan
pid_smc_fusion,smc,SMC 第1段,/home/fins/Zhouyuheng_workspace/MPC/calibration_logs/smc_real_20260818_203056.jsonl,1787056685.72,1787056705.72,129,13.853847742080688,0.9472563440925494,8.962234409254943,8.962234409254943,nan,nan
pid_smc_fusion,smc,SMC 第1段,/home/fins/Zhouyuheng_workspace/MPC/calibration_logs/smc_real_20260818_203056.jsonl,1787056685.72,1787056705.72,130,14.003952264785767,0.9411036909518022,8.346969095180224,8.346969095180224,nan,nan
pid_smc_fusion,smc,SMC 第1段,/home/fins/Zhouyuheng_workspace/MPC/calibration_logs/smc_real_20260818_203056.jsonl,1787056685.72,1787056705.72,131,14.05367922782898,0.9394099891710292,8.177598917102923,8.177598917102923,nan,nan
pid_smc_fusion,smc,SMC 第1段,/home/fins/Zhouyuheng_workspace/MPC/calibration_logs/smc_real_20260818_203056.jsonl,1787056685.72,1787056705.72,132,14.156429290771484,0.9383261191956728,8.069211919567277,8.069211919567277,nan,nan
pid_smc_fusion,smc,SMC 第1段,/home/fins/Zhouyuheng_workspace/MPC/calibration_logs/smc_real_20260818_203056.jsonl,1787056685.72,1787056705.72,133,14.256532669067383,0.9378488242580956,8.021482425809555,8.021482425809555,nan,nan
pid_smc_fusion,smc,SMC 第1段,/home/fins/Zhouyuheng_workspace/MPC/calibration_logs/smc_real_20260818_203056.jsonl,1787056685.72,1787056705.72,134,14.403793334960938,0.938791920327509,8.115792032750901,8.115792032750901,nan,nan
pid_smc_fusion,smc,SMC 第1段,/home/fins/Zhouyuheng_workspace/MPC/calibration_logs/smc_real_20260818_203056.jsonl,1787056685.72,1787056705.72,135,14.456278562545776,0.9413471918755449,8.371319187554494,8.371319187554494,nan,nan
pid_smc_fusion,smc,SMC 第1段,/home/fins/Zhouyuheng_workspace/MPC/calibration_logs/smc_real_20260818_203056.jsonl,1787056685.72,1787056705.72,136,14.555409908294678,0.9428960219539456,8.52620219539456,8.52620219539456,nan,nan
pid_smc_fusion,smc,SMC 第1段,/home/fins/Zhouyuheng_workspace/MPC/calibration_logs/smc_real_20260818_203056.jsonl,1787056685.72,1787056705.72,137,14.657575368881226,0.9438432838725538,8.620928387255377,8.620928387255377,nan,nan
pid_smc_fusion,smc,SMC 第1段,/home/fins/Zhouyuheng_workspace/MPC/calibration_logs/smc_real_20260818_203056.jsonl,1787056685.72,1787056705.72,138,14.803767442703247,0.9319747353395795,7.434073533957952,7.434073533957952,nan,nan
pid_smc_fusion,smc,SMC 第1段,/home/fins/Zhouyuheng_workspace/MPC/calibration_logs/smc_real_20260818_203056.jsonl,1787056685.72,1787056705.72,139,14.853708982467651,0.9257085316780813,6.807453167808131,6.807453167808131,nan,nan
pid_smc_fusion,smc,SMC 第1段,/home/fins/Zhouyuheng_workspace/MPC/calibration_logs/smc_real_20260818_203056.jsonl,1787056685.72,1787056705.72,140,14.954548358917236,0.9225049815939605,6.487098159396054,6.487098159396054,nan,nan
pid_smc_fusion,smc,SMC 第1段,/home/fins/Zhouyuheng_workspace/MPC/calibration_logs/smc_real_20260818_203056.jsonl,1787056685.72,1787056705.72,141,15.05622148513794,0.9214089599937451,6.377495999374505,6.377495999374505,nan,nan
pid_smc_fusion,smc,SMC 第1段,/home/fins/Zhouyuheng_workspace/MPC/calibration_logs/smc_real_20260818_203056.jsonl,1787056685.72,1787056705.72,142,15.203876733779907,0.9048791769634349,4.724517696343488,4.724517696343488,nan,nan
pid_smc_fusion,smc,SMC 第1段,/home/fins/Zhouyuheng_workspace/MPC/calibration_logs/smc_real_20260818_203056.jsonl,1787056685.72,1787056705.72,143,15.253939867019653,0.8974179746086552,3.9783974608655237,3.9783974608655237,nan,nan
pid_smc_fusion,smc,SMC 第1段,/home/fins/Zhouyuheng_workspace/MPC/calibration_logs/smc_real_20260818_203056.jsonl,1787056685.72,1787056705.72,144,15.356236219406128,0.8939883341724935,3.635433417249345,3.635433417249345,nan,nan
pid_smc_fusion,smc,SMC 第1段,/home/fins/Zhouyuheng_workspace/MPC/calibration_logs/smc_real_20260818_203056.jsonl,1787056685.72,1787056705.72,145,15.453933477401733,0.8928632317758112,3.5229231775811165,3.5229231775811165,nan,nan
pid_smc_fusion,smc,SMC 第1段,/home/fins/Zhouyuheng_workspace/MPC/calibration_logs/smc_real_20260818_203056.jsonl,1787056685.72,1787056705.72,146,15.603939294815063,0.8721563584072844,1.4522358407284441,1.4522358407284441,nan,nan
pid_smc_fusion,smc,SMC 第1段,/home/fins/Zhouyuheng_workspace/MPC/calibration_logs/smc_real_20260818_203056.jsonl,1787056685.72,1787056705.72,147,15.655972719192505,0.8605926716236801,0.29586716236801314,0.29586716236801314,nan,nan
pid_smc_fusion,smc,SMC 第1段,/home/fins/Zhouyuheng_workspace/MPC/calibration_logs/smc_real_20260818_203056.jsonl,1787056685.72,1787056705.72,148,15.756577968597412,0.8546083511943323,-0.3025648805667691,0.3025648805667691,nan,nan
pid_smc_fusion,smc,SMC 第1段,/home/fins/Zhouyuheng_workspace/MPC/calibration_logs/smc_real_20260818_203056.jsonl,1787056685.72,1787056705.72,149,15.856507539749146,0.8523047783757944,-0.5329221624205571,0.5329221624205571,nan,nan
pid_smc_fusion,smc,SMC 第1段,/home/fins/Zhouyuheng_workspace/MPC/calibration_logs/smc_real_20260818_203056.jsonl,1787056685.72,1787056705.72,150,16.004392385482788,0.8255493785058577,-3.2084621494142262,3.2084621494142262,nan,nan
pid_smc_fusion,smc,SMC 第1段,/home/fins/Zhouyuheng_workspace/MPC/calibration_logs/smc_real_20260818_203056.jsonl,1787056685.72,1787056705.72,151,16.055837392807007,0.8104886993479159,-4.714530065208411,4.714530065208411,nan,nan
pid_smc_fusion,smc,SMC 第1段,/home/fins/Zhouyuheng_workspace/MPC/calibration_logs/smc_real_20260818_203056.jsonl,1787056685.72,1787056705.72,152,16.20602822303772,0.8007915479847569,-5.684245201524307,5.684245201524307,nan,nan
pid_smc_fusion,smc,SMC 第1段,/home/fins/Zhouyuheng_workspace/MPC/calibration_logs/smc_real_20260818_203056.jsonl,1787056685.72,1787056705.72,153,16.306296586990356,0.7997306244173918,-5.790337558260816,5.790337558260816,nan,nan
pid_smc_fusion,smc,SMC 第1段,/home/fins/Zhouyuheng_workspace/MPC/calibration_logs/smc_real_20260818_203056.jsonl,1787056685.72,1787056705.72,154,16.454585552215576,0.7938067451748162,-6.3827254825183815,6.3827254825183815,nan,nan
pid_smc_fusion,smc,SMC 第1段,/home/fins/Zhouyuheng_workspace/MPC/calibration_logs/smc_real_20260818_203056.jsonl,1787056685.72,1787056705.72,155,16.505209922790527,0.7914506859839742,-6.618331401602584,6.618331401602584,nan,nan
pid_smc_fusion,smc,SMC 第1段,/home/fins/Zhouyuheng_workspace/MPC/calibration_logs/smc_real_20260818_203056.jsonl,1787056685.72,1787056705.72,156,16.60388422012329,0.7919777401635861,-6.565625983641388,6.565625983641388,nan,nan
pid_smc_fusion,smc,SMC 第1段,/home/fins/Zhouyuheng_workspace/MPC/calibration_logs/smc_real_20260818_203056.jsonl,1787056685.72,1787056705.72,157,16.70649242401123,0.7933230115389833,-6.431098846101668,6.431098846101668,nan,nan
pid_smc_fusion,smc,SMC 第1段,/home/fins/Zhouyuheng_workspace/MPC/calibration_logs/smc_real_20260818_203056.jsonl,1787056685.72,1787056705.72,158,16.85439372062683,0.8071188834485225,-5.051511655147756,5.051511655147756,nan,nan
pid_smc_fusion,smc,SMC 第1段,/home/fins/Zhouyuheng_workspace/MPC/calibration_logs/smc_real_20260818_203056.jsonl,1787056685.72,1787056705.72,159,16.904675722122192,0.8133349372330385,-4.4299062766961494,4.4299062766961494,nan,nan
pid_smc_fusion,smc,SMC 第1段,/home/fins/Zhouyuheng_workspace/MPC/calibration_logs/smc_real_20260818_203056.jsonl,1787056685.72,1787056705.72,160,17.003648042678833,0.816204503169941,-4.142949683005903,4.142949683005903,nan,nan
pid_smc_fusion,smc,SMC 第1段,/home/fins/Zhouyuheng_workspace/MPC/calibration_logs/smc_real_20260818_203056.jsonl,1787056685.72,1787056705.72,161,17.106367826461792,0.8161386845450573,-4.149531545494267,4.149531545494267,nan,nan
pid_smc_fusion,smc,SMC 第1段,/home/fins/Zhouyuheng_workspace/MPC/calibration_logs/smc_real_20260818_203056.jsonl,1787056685.72,1787056705.72,162,17.256548166275024,0.8410300326614553,-1.6603967338544745,1.6603967338544745,nan,nan
pid_smc_fusion,smc,SMC 第1段,/home/fins/Zhouyuheng_workspace/MPC/calibration_logs/smc_real_20260818_203056.jsonl,1787056685.72,1787056705.72,163,17.304970026016235,0.852718917217424,-0.4915082782576019,0.4915082782576019,nan,nan
pid_smc_fusion,smc,SMC 第1段,/home/fins/Zhouyuheng_workspace/MPC/calibration_logs/smc_real_20260818_203056.jsonl,1787056685.72,1787056705.72,164,17.403809309005737,0.8575553436246589,-0.007865637534110181,0.007865637534110181,nan,nan
pid_smc_fusion,smc,SMC 第1段,/home/fins/Zhouyuheng_workspace/MPC/calibration_logs/smc_real_20260818_203056.jsonl,1787056685.72,1787056705.72,165,17.503864526748657,0.8587951971442846,0.11611971442846425,0.11611971442846425,nan,nan
pid_smc_fusion,smc,SMC 第1段,/home/fins/Zhouyuheng_workspace/MPC/calibration_logs/smc_real_20260818_203056.jsonl,1787056685.72,1787056705.72,166,17.653895139694214,0.8719097665015556,1.4275766501555598,1.4275766501555598,nan,nan
pid_smc_fusion,smc,SMC 第1段,/home/fins/Zhouyuheng_workspace/MPC/calibration_logs/smc_real_20260818_203056.jsonl,1787056685.72,1787056705.72,167,17.706148624420166,0.876606934115842,1.8972934115842,1.8972934115842,nan,nan
pid_smc_fusion,smc,SMC 第1段,/home/fins/Zhouyuheng_workspace/MPC/calibration_logs/smc_real_20260818_203056.jsonl,1787056685.72,1787056705.72,168,17.80488872528076,0.8771450645243859,1.951106452438589,1.951106452438589,nan,nan
pid_smc_fusion,smc,SMC 第1段,/home/fins/Zhouyuheng_workspace/MPC/calibration_logs/smc_real_20260818_203056.jsonl,1787056685.72,1787056705.72,169,17.905824422836304,0.8766392055543257,1.9005205554325721,1.9005205554325721,nan,nan
pid_smc_fusion,smc,SMC 第1段,/home/fins/Zhouyuheng_workspace/MPC/calibration_logs/smc_real_20260818_203056.jsonl,1787056685.72,1787056705.72,170,18.056742191314697,0.8873920101540745,2.9758010154074532,2.9758010154074532,nan,nan
pid_smc_fusion,smc,SMC 第1段,/home/fins/Zhouyuheng_workspace/MPC/calibration_logs/smc_real_20260818_203056.jsonl,1787056685.72,1787056705.72,171,18.105144023895264,0.892478086539043,3.484408653904303,3.484408653904303,nan,nan
pid_smc_fusion,smc,SMC 第1段,/home/fins/Zhouyuheng_workspace/MPC/calibration_logs/smc_real_20260818_203056.jsonl,1787056685.72,1787056705.72,172,18.20656704902649,0.8948770358567862,3.7243035856786233,3.7243035856786233,nan,nan
pid_smc_fusion,smc,SMC 第1段,/home/fins/Zhouyuheng_workspace/MPC/calibration_logs/smc_real_20260818_203056.jsonl,1787056685.72,1787056705.72,173,18.30655527114868,0.8956676326317664,3.80336326317664,3.80336326317664,nan,nan
pid_smc_fusion,smc,SMC 第1段,/home/fins/Zhouyuheng_workspace/MPC/calibration_logs/smc_real_20260818_203056.jsonl,1787056685.72,1787056705.72,174,18.455103158950806,0.9013929380370249,4.375893803702491,4.375893803702491,nan,nan
pid_smc_fusion,smc,SMC 第1段,/home/fins/Zhouyuheng_workspace/MPC/calibration_logs/smc_real_20260818_203056.jsonl,1787056685.72,1787056705.72,175,18.505381107330322,0.9040659920096052,4.643199200960524,4.643199200960524,nan,nan
pid_smc_fusion,smc,SMC 第1段,/home/fins/Zhouyuheng_workspace/MPC/calibration_logs/smc_real_20260818_203056.jsonl,1787056685.72,1787056705.72,176,18.605215787887573,0.9051226046459422,4.748860464594218,4.748860464594218,nan,nan
pid_smc_fusion,smc,SMC 第1段,/home/fins/Zhouyuheng_workspace/MPC/calibration_logs/smc_real_20260818_203056.jsonl,1787056685.72,1787056705.72,177,18.70599937438965,0.9057906905951959,4.815669059519589,4.815669059519589,nan,nan
pid_smc_fusion,smc,SMC 第1段,/home/fins/Zhouyuheng_workspace/MPC/calibration_logs/smc_real_20260818_203056.jsonl,1787056685.72,1787056705.72,178,18.85446858406067,0.9027032227950665,4.506922279506654,4.506922279506654,nan,nan
pid_smc_fusion,smc,SMC 第1段,/home/fins/Zhouyuheng_workspace/MPC/calibration_logs/smc_real_20260818_203056.jsonl,1787056685.72,1787056705.72,179,18.90398931503296,0.9005257397267931,4.289173972679306,4.289173972679306,nan,nan
pid_smc_fusion,smc,SMC 第1段,/home/fins/Zhouyuheng_workspace/MPC/calibration_logs/smc_real_20260818_203056.jsonl,1787056685.72,1787056705.72,180,19.00632357597351,0.8991629485772274,4.152894857722744,4.152894857722744,nan,nan
pid_smc_fusion,smc,SMC 第1段,/home/fins/Zhouyuheng_workspace/MPC/calibration_logs/smc_real_20260818_203056.jsonl,1787056685.72,1787056705.72,181,19.10461711883545,0.8981196972548666,4.0485697254866615,4.0485697254866615,nan,nan
pid_smc_fusion,smc,SMC 第1段,/home/fins/Zhouyuheng_workspace/MPC/calibration_logs/smc_real_20260818_203056.jsonl,1787056685.72,1787056705.72,182,19.254761695861816,0.8900639305657694,3.242993056576937,3.242993056576937,nan,nan
pid_smc_fusion,smc,SMC 第1段,/home/fins/Zhouyuheng_workspace/MPC/calibration_logs/smc_real_20260818_203056.jsonl,1787056685.72,1787056705.72,183,19.30588436126709,0.8862600746344389,2.862607463443889,2.862607463443889,nan,nan
pid_smc_fusion,smc,SMC 第1段,/home/fins/Zhouyuheng_workspace/MPC/calibration_logs/smc_real_20260818_203056.jsonl,1787056685.72,1787056705.72,184,19.40385365486145,0.884182529015633,2.6548529015632982,2.6548529015632982,nan,nan
pid_smc_fusion,smc,SMC 第1段,/home/fins/Zhouyuheng_workspace/MPC/calibration_logs/smc_real_20260818_203056.jsonl,1787056685.72,1787056705.72,185,19.506409883499146,0.8833620068448456,2.5728006844845552,2.5728006844845552,nan,nan
pid_smc_fusion,smc,SMC 第1段,/home/fins/Zhouyuheng_workspace/MPC/calibration_logs/smc_real_20260818_203056.jsonl,1787056685.72,1787056705.72,186,19.7052218914032,0.8811377902175074,2.350379021750737,2.350379021750737,nan,nan
pid_smc_fusion,smc,SMC 第1段,/home/fins/Zhouyuheng_workspace/MPC/calibration_logs/smc_real_20260818_203056.jsonl,1787056685.72,1787056705.72,187,19.806395530700684,0.879919119030949,2.2285119030948985,2.2285119030948985,nan,nan
pid_smc_fusion,smc,SMC 第1段,/home/fins/Zhouyuheng_workspace/MPC/calibration_logs/smc_real_20260818_203056.jsonl,1787056685.72,1787056705.72,188,19.955931425094604,0.8787053851937958,2.107138519379581,2.107138519379581,nan,nan
pid_smc_fusion,smc,SMC 第3段,/home/fins/Zhouyuheng_workspace/MPC/calibration_logs/smc_real_20260818_203056.jsonl,1787056809.62,1787056829.62,0,0.054990530014038086,0.9005393650938087,4.290536509380871,4.290536509380871,nan,nan
pid_smc_fusion,smc,SMC 第3段,/home/fins/Zhouyuheng_workspace/MPC/calibration_logs/smc_real_20260818_203056.jsonl,1787056809.62,1787056829.62,1,0.2065262794494629,0.8897508417203669,3.2116841720366884,3.2116841720366884,nan,nan
pid_smc_fusion,smc,SMC 第3段,/home/fins/Zhouyuheng_workspace/MPC/calibration_logs/smc_real_20260818_203056.jsonl,1787056809.62,1787056829.62,2,0.35642504692077637,0.8820280169907694,2.4394016990769374,2.4394016990769374,nan,nan
pid_smc_fusion,smc,SMC 第3段,/home/fins/Zhouyuheng_workspace/MPC/calibration_logs/smc_real_20260818_203056.jsonl,1787056809.62,1787056829.62,3,0.45368480682373047,0.8775753349389215,1.9941334938921473,1.9941334938921473,nan,nan
pid_smc_fusion,smc,SMC 第3段,/home/fins/Zhouyuheng_workspace/MPC/calibration_logs/smc_real_20260818_203056.jsonl,1787056809.62,1787056829.62,4,0.6064355373382568,0.8734109000750993,1.5776900075099243,1.5776900075099243,nan,nan
pid_smc_fusion,smc,SMC 第3段,/home/fins/Zhouyuheng_workspace/MPC/calibration_logs/smc_real_20260818_203056.jsonl,1787056809.62,1787056829.62,5,0.6550076007843018,0.8730664929039785,1.5432492903978523,1.5432492903978523,nan,nan
pid_smc_fusion,smc,SMC 第3段,/home/fins/Zhouyuheng_workspace/MPC/calibration_logs/smc_real_20260818_203056.jsonl,1787056809.62,1787056829.62,6,0.7549340724945068,0.8734428094291541,1.580880942915408,1.580880942915408,nan,nan
pid_smc_fusion,smc,SMC 第3段,/home/fins/Zhouyuheng_workspace/MPC/calibration_logs/smc_real_20260818_203056.jsonl,1787056809.62,1787056829.62,7,0.8564765453338623,0.8737952484128337,1.6161248412833729,1.6161248412833729,nan,nan
pid_smc_fusion,smc,SMC 第3段,/home/fins/Zhouyuheng_workspace/MPC/calibration_logs/smc_real_20260818_203056.jsonl,1787056809.62,1787056829.62,8,1.005505084991455,0.8840356648746929,2.6401664874692865,2.6401664874692865,nan,nan
pid_smc_fusion,smc,SMC 第3段,/home/fins/Zhouyuheng_workspace/MPC/calibration_logs/smc_real_20260818_203056.jsonl,1787056809.62,1787056829.62,9,1.0549848079681396,0.8904598486494949,3.2825848649494893,3.2825848649494893,nan,nan
pid_smc_fusion,smc,SMC 第3段,/home/fins/Zhouyuheng_workspace/MPC/calibration_logs/smc_real_20260818_203056.jsonl,1787056809.62,1787056829.62,10,1.1565086841583252,0.8936451892308895,3.601118923088953,3.601118923088953,nan,nan
pid_smc_fusion,smc,SMC 第3段,/home/fins/Zhouyuheng_workspace/MPC/calibration_logs/smc_real_20260818_203056.jsonl,1787056809.62,1787056829.62,11,1.256653070449829,0.8947691908141795,3.7135190814179486,3.7135190814179486,nan,nan
pid_smc_fusion,smc,SMC 第3段,/home/fins/Zhouyuheng_workspace/MPC/calibration_logs/smc_real_20260818_203056.jsonl,1787056809.62,1787056829.62,12,1.4051198959350586,0.8930488565006756,3.541485650067555,3.541485650067555,nan,nan
pid_smc_fusion,smc,SMC 第3段,/home/fins/Zhouyuheng_workspace/MPC/calibration_logs/smc_real_20260818_203056.jsonl,1787056809.62,1787056829.62,13,1.455500602722168,0.8910985763486011,3.3464576348601116,3.3464576348601116,nan,nan
pid_smc_fusion,smc,SMC 第3段,/home/fins/Zhouyuheng_workspace/MPC/calibration_logs/smc_real_20260818_203056.jsonl,1787056809.62,1787056829.62,14,1.5554790496826172,0.8895097739577005,3.187577395770047,3.187577395770047,nan,nan
pid_smc_fusion,smc,SMC 第3段,/home/fins/Zhouyuheng_workspace/MPC/calibration_logs/smc_real_20260818_203056.jsonl,1787056809.62,1787056829.62,15,1.6563985347747803,0.88806298515489,3.042898515489001,3.042898515489001,nan,nan
pid_smc_fusion,smc,SMC 第3段,/home/fins/Zhouyuheng_workspace/MPC/calibration_logs/smc_real_20260818_203056.jsonl,1787056809.62,1787056829.62,16,1.805677890777588,0.8849270859073359,2.7293085907335923,2.7293085907335923,nan,nan
pid_smc_fusion,smc,SMC 第3段,/home/fins/Zhouyuheng_workspace/MPC/calibration_logs/smc_real_20260818_203056.jsonl,1787056809.62,1787056829.62,17,1.8548731803894043,0.8835732859986088,2.593928599860884,2.593928599860884,nan,nan
pid_smc_fusion,smc,SMC 第3段,/home/fins/Zhouyuheng_workspace/MPC/calibration_logs/smc_real_20260818_203056.jsonl,1787056809.62,1787056829.62,18,1.9564027786254883,0.882671384553807,2.5037384553806996,2.5037384553806996,nan,nan
pid_smc_fusion,smc,SMC 第3段,/home/fins/Zhouyuheng_workspace/MPC/calibration_logs/smc_real_20260818_203056.jsonl,1787056809.62,1787056829.62,19,2.053978204727173,0.8823052206989878,2.467122069898775,2.467122069898775,nan,nan
pid_smc_fusion,smc,SMC 第3段,/home/fins/Zhouyuheng_workspace/MPC/calibration_logs/smc_real_20260818_203056.jsonl,1787056809.62,1787056829.62,20,2.204921007156372,0.8771293240791614,1.9495324079161436,1.9495324079161436,nan,nan
pid_smc_fusion,smc,SMC 第3段,/home/fins/Zhouyuheng_workspace/MPC/calibration_logs/smc_real_20260818_203056.jsonl,1787056809.62,1787056829.62,21,2.2541351318359375,0.8749745692128026,1.7340569212802581,1.7340569212802581,nan,nan
pid_smc_fusion,smc,SMC 第3段,/home/fins/Zhouyuheng_workspace/MPC/calibration_logs/smc_real_20260818_203056.jsonl,1787056809.62,1787056829.62,22,2.355800151824951,0.8743461069002594,1.6712106900259371,1.6712106900259371,nan,nan
pid_smc_fusion,smc,SMC 第3段,/home/fins/Zhouyuheng_workspace/MPC/calibration_logs/smc_real_20260818_203056.jsonl,1787056809.62,1787056829.62,23,2.454819679260254,0.8745340031817441,1.6900003181744117,1.6900003181744117,nan,nan
pid_smc_fusion,smc,SMC 第3段,/home/fins/Zhouyuheng_workspace/MPC/calibration_logs/smc_real_20260818_203056.jsonl,1787056809.62,1787056829.62,24,2.6045918464660645,0.8707074528575163,1.3073452857516266,1.3073452857516266,nan,nan
pid_smc_fusion,smc,SMC 第3段,/home/fins/Zhouyuheng_workspace/MPC/calibration_logs/smc_real_20260818_203056.jsonl,1787056809.62,1787056829.62,25,2.6540029048919678,0.8689422741423526,1.1308274142352581,1.1308274142352581,nan,nan
pid_smc_fusion,smc,SMC 第3段,/home/fins/Zhouyuheng_workspace/MPC/calibration_logs/smc_real_20260818_203056.jsonl,1787056809.62,1787056829.62,26,2.7564210891723633,0.868437152735738,1.0803152735737953,1.0803152735737953,nan,nan
pid_smc_fusion,smc,SMC 第3段,/home/fins/Zhouyuheng_workspace/MPC/calibration_logs/smc_real_20260818_203056.jsonl,1787056809.62,1787056829.62,27,2.8557472229003906,0.8686090209430691,1.0975020943069125,1.0975020943069125,nan,nan
pid_smc_fusion,smc,SMC 第3段,/home/fins/Zhouyuheng_workspace/MPC/calibration_logs/smc_real_20260818_203056.jsonl,1787056809.62,1787056829.62,28,3.006446599960327,0.8748116836440237,1.7177683644023722,1.7177683644023722,nan,nan
pid_smc_fusion,smc,SMC 第3段,/home/fins/Zhouyuheng_workspace/MPC/calibration_logs/smc_real_20260818_203056.jsonl,1787056809.62,1787056829.62,29,3.0538713932037354,0.879264592774831,2.1630592774831037,2.1630592774831037,nan,nan
pid_smc_fusion,smc,SMC 第3段,/home/fins/Zhouyuheng_workspace/MPC/calibration_logs/smc_real_20260818_203056.jsonl,1787056809.62,1787056829.62,30,3.156647205352783,0.8817721029843781,2.413810298437813,2.413810298437813,nan,nan
pid_smc_fusion,smc,SMC 第3段,/home/fins/Zhouyuheng_workspace/MPC/calibration_logs/smc_real_20260818_203056.jsonl,1787056809.62,1787056829.62,31,3.254079580307007,0.8830709313000034,2.543693130000335,2.543693130000335,nan,nan
pid_smc_fusion,smc,SMC 第3段,/home/fins/Zhouyuheng_workspace/MPC/calibration_logs/smc_real_20260818_203056.jsonl,1787056809.62,1787056829.62,32,3.456742525100708,0.8929859250815954,3.535192508159535,3.535192508159535,nan,nan
pid_smc_fusion,smc,SMC 第3段,/home/fins/Zhouyuheng_workspace/MPC/calibration_logs/smc_real_20260818_203056.jsonl,1787056809.62,1787056829.62,33,3.5551276206970215,0.8994726976324838,4.183869763248382,4.183869763248382,nan,nan
pid_smc_fusion,smc,SMC 第3段,/home/fins/Zhouyuheng_workspace/MPC/calibration_logs/smc_real_20260818_203056.jsonl,1787056809.62,1787056829.62,34,3.6565136909484863,0.9032042076940177,4.557020769401765,4.557020769401765,nan,nan
pid_smc_fusion,smc,SMC 第3段,/home/fins/Zhouyuheng_workspace/MPC/calibration_logs/smc_real_20260818_203056.jsonl,1787056809.62,1787056829.62,35,3.8551652431488037,0.9201053213455068,6.247132134550681,6.247132134550681,nan,nan
pid_smc_fusion,smc,SMC 第3段,/home/fins/Zhouyuheng_workspace/MPC/calibration_logs/smc_real_20260818_203056.jsonl,1787056809.62,1787056829.62,36,4.005185842514038,0.933862966999511,7.622896699951099,7.622896699951099,nan,nan
pid_smc_fusion,smc,SMC 第3段,/home/fins/Zhouyuheng_workspace/MPC/calibration_logs/smc_real_20260818_203056.jsonl,1787056809.62,1787056829.62,37,4.054793119430542,0.940000212529533,8.236621252953302,8.236621252953302,nan,nan
pid_smc_fusion,smc,SMC 第3段,/home/fins/Zhouyuheng_workspace/MPC/calibration_logs/smc_real_20260818_203056.jsonl,1787056809.62,1787056829.62,38,4.2559733390808105,0.9548667842435621,9.723278424356208,9.723278424356208,nan,nan
pid_smc_fusion,smc,SMC 第3段,/home/fins/Zhouyuheng_workspace/MPC/calibration_logs/smc_real_20260818_203056.jsonl,1787056809.62,1787056829.62,39,4.404026746749878,0.9663499006776505,10.871590067765046,10.871590067765046,nan,nan
pid_smc_fusion,smc,SMC 第3段,/home/fins/Zhouyuheng_workspace/MPC/calibration_logs/smc_real_20260818_203056.jsonl,1787056809.62,1787056829.62,40,4.504810810089111,0.9721009041219802,11.446690412198024,11.446690412198024,nan,nan
pid_smc_fusion,smc,SMC 第3段,/home/fins/Zhouyuheng_workspace/MPC/calibration_logs/smc_real_20260818_203056.jsonl,1787056809.62,1787056829.62,41,4.65428900718689,0.9915445459489415,13.391054594894147,13.391054594894147,nan,nan
pid_smc_fusion,smc,SMC 第3段,/home/fins/Zhouyuheng_workspace/MPC/calibration_logs/smc_real_20260818_203056.jsonl,1787056809.62,1787056829.62,42,4.704688549041748,0.9999974340873548,14.236343408735475,14.236343408735475,nan,nan
pid_smc_fusion,smc,SMC 第3段,/home/fins/Zhouyuheng_workspace/MPC/calibration_logs/smc_real_20260818_203056.jsonl,1787056809.62,1787056829.62,43,4.804166793823242,1.00344497552335,14.58109755233501,14.58109755233501,nan,nan
pid_smc_fusion,smc,SMC 第3段,/home/fins/Zhouyuheng_workspace/MPC/calibration_logs/smc_real_20260818_203056.jsonl,1787056809.62,1787056829.62,44,4.904065370559692,1.0043443857941126,14.671038579411256,14.671038579411256,nan,nan
pid_smc_fusion,smc,SMC 第3段,/home/fins/Zhouyuheng_workspace/MPC/calibration_logs/smc_real_20260818_203056.jsonl,1787056809.62,1787056829.62,45,5.054842710494995,1.0015615536149773,14.392755361497734,14.392755361497734,nan,nan
pid_smc_fusion,smc,SMC 第3段,/home/fins/Zhouyuheng_workspace/MPC/calibration_logs/smc_real_20260818_203056.jsonl,1787056809.62,1787056829.62,46,5.104086637496948,1.000487021260886,14.285302126088606,14.285302126088606,nan,nan
pid_smc_fusion,smc,SMC 第3段,/home/fins/Zhouyuheng_workspace/MPC/calibration_logs/smc_real_20260818_203056.jsonl,1787056809.62,1787056829.62,47,5.204303026199341,0.9997513459701036,14.211734597010361,14.211734597010361,nan,nan
pid_smc_fusion,smc,SMC 第3段,/home/fins/Zhouyuheng_workspace/MPC/calibration_logs/smc_real_20260818_203056.jsonl,1787056809.62,1787056829.62,48,5.306024789810181,0.9994071166341645,14.177311663416447,14.177311663416447,nan,nan
pid_smc_fusion,smc,SMC 第3段,/home/fins/Zhouyuheng_workspace/MPC/calibration_logs/smc_real_20260818_203056.jsonl,1787056809.62,1787056829.62,49,5.453745126724243,0.9818434471727999,12.42094471727999,12.42094471727999,nan,nan
pid_smc_fusion,smc,SMC 第3段,/home/fins/Zhouyuheng_workspace/MPC/calibration_logs/smc_real_20260818_203056.jsonl,1787056809.62,1787056829.62,50,5.504966497421265,0.973956907917588,11.632290791758804,11.632290791758804,nan,nan
pid_smc_fusion,smc,SMC 第3段,/home/fins/Zhouyuheng_workspace/MPC/calibration_logs/smc_real_20260818_203056.jsonl,1787056809.62,1787056829.62,51,5.604862928390503,0.9699107061905992,11.227670619059914,11.227670619059914,nan,nan
pid_smc_fusion,smc,SMC 第3段,/home/fins/Zhouyuheng_workspace/MPC/calibration_logs/smc_real_20260818_203056.jsonl,1787056809.62,1787056829.62,52,5.703629732131958,0.9691979620254498,11.156396202544983,11.156396202544983,nan,nan
pid_smc_fusion,smc,SMC 第3段,/home/fins/Zhouyuheng_workspace/MPC/calibration_logs/smc_real_20260818_203056.jsonl,1787056809.62,1787056829.62,53,5.856370210647583,0.9517963529356926,9.416235293569263,9.416235293569263,nan,nan
pid_smc_fusion,smc,SMC 第3段,/home/fins/Zhouyuheng_workspace/MPC/calibration_logs/smc_real_20260818_203056.jsonl,1787056809.62,1787056829.62,54,5.903718948364258,0.9454230480451351,8.778904804513509,8.778904804513509,nan,nan
pid_smc_fusion,smc,SMC 第3段,/home/fins/Zhouyuheng_workspace/MPC/calibration_logs/smc_real_20260818_203056.jsonl,1787056809.62,1787056829.62,55,6.005962610244751,0.9422927790410576,8.465877904105756,8.465877904105756,nan,nan
pid_smc_fusion,smc,SMC 第3段,/home/fins/Zhouyuheng_workspace/MPC/calibration_logs/smc_real_20260818_203056.jsonl,1787056809.62,1787056829.62,56,6.104182720184326,0.9422813207277521,8.464732072775206,8.464732072775206,nan,nan
pid_smc_fusion,smc,SMC 第3段,/home/fins/Zhouyuheng_workspace/MPC/calibration_logs/smc_real_20260818_203056.jsonl,1787056809.62,1787056829.62,57,6.254021167755127,0.9265749699050502,6.894096990505016,6.894096990505016,nan,nan
pid_smc_fusion,smc,SMC 第3段,/home/fins/Zhouyuheng_workspace/MPC/calibration_logs/smc_real_20260818_203056.jsonl,1787056809.62,1787056829.62,58,6.306180000305176,0.9205223803163859,6.288838031638589,6.288838031638589,nan,nan
pid_smc_fusion,smc,SMC 第3段,/home/fins/Zhouyuheng_workspace/MPC/calibration_logs/smc_real_20260818_203056.jsonl,1787056809.62,1787056829.62,59,6.404548645019531,0.9184909038573679,6.085690385736786,6.085690385736786,nan,nan
pid_smc_fusion,smc,SMC 第3段,/home/fins/Zhouyuheng_workspace/MPC/calibration_logs/smc_real_20260818_203056.jsonl,1787056809.62,1787056829.62,60,6.505476474761963,0.9183378691961203,6.070386919612025,6.070386919612025,nan,nan
pid_smc_fusion,smc,SMC 第3段,/home/fins/Zhouyuheng_workspace/MPC/calibration_logs/smc_real_20260818_203056.jsonl,1787056809.62,1787056829.62,61,6.653857946395874,0.9107185305098124,5.308453050981243,5.308453050981243,nan,nan
pid_smc_fusion,smc,SMC 第3段,/home/fins/Zhouyuheng_workspace/MPC/calibration_logs/smc_real_20260818_203056.jsonl,1787056809.62,1787056829.62,62,6.704706430435181,0.9083181514057718,5.0684151405771765,5.0684151405771765,nan,nan
pid_smc_fusion,smc,SMC 第3段,/home/fins/Zhouyuheng_workspace/MPC/calibration_logs/smc_real_20260818_203056.jsonl,1787056809.62,1787056829.62,63,6.806456089019775,0.9065645615094898,4.893056150948983,4.893056150948983,nan,nan
pid_smc_fusion,smc,SMC 第3段,/home/fins/Zhouyuheng_workspace/MPC/calibration_logs/smc_real_20260818_203056.jsonl,1787056809.62,1787056829.62,64,6.905269145965576,0.9054277694891684,4.779376948916836,4.779376948916836,nan,nan
pid_smc_fusion,smc,SMC 第3段,/home/fins/Zhouyuheng_workspace/MPC/calibration_logs/smc_real_20260818_203056.jsonl,1787056809.62,1787056829.62,65,7.056039810180664,0.8978278444844972,4.019384448449714,4.019384448449714,nan,nan
pid_smc_fusion,smc,SMC 第3段,/home/fins/Zhouyuheng_workspace/MPC/calibration_logs/smc_real_20260818_203056.jsonl,1787056809.62,1787056829.62,66,7.103769063949585,0.8941603558063758,3.6526355806375754,3.6526355806375754,nan,nan
pid_smc_fusion,smc,SMC 第3段,/home/fins/Zhouyuheng_workspace/MPC/calibration_logs/smc_real_20260818_203056.jsonl,1787056809.62,1787056829.62,67,7.206417798995972,0.8916842530008436,3.4050253000843633,3.4050253000843633,nan,nan
pid_smc_fusion,smc,SMC 第3段,/home/fins/Zhouyuheng_workspace/MPC/calibration_logs/smc_real_20260818_203056.jsonl,1787056809.62,1787056829.62,68,7.30648398399353,0.890240657280255,3.2606657280255025,3.2606657280255025,nan,nan
pid_smc_fusion,smc,SMC 第3段,/home/fins/Zhouyuheng_workspace/MPC/calibration_logs/smc_real_20260818_203056.jsonl,1787056809.62,1787056829.62,69,7.5039002895355225,0.8975260838596487,3.989208385964871,3.989208385964871,nan,nan
pid_smc_fusion,smc,SMC 第3段,/home/fins/Zhouyuheng_workspace/MPC/calibration_logs/smc_real_20260818_203056.jsonl,1787056809.62,1787056829.62,70,7.604033470153809,0.9026582901692883,4.502429016928833,4.502429016928833,nan,nan
pid_smc_fusion,smc,SMC 第3段,/home/fins/Zhouyuheng_workspace/MPC/calibration_logs/smc_real_20260818_203056.jsonl,1787056809.62,1787056829.62,71,7.703960657119751,0.9060408367264385,4.840683672643853,4.840683672643853,nan,nan
pid_smc_fusion,smc,SMC 第3段,/home/fins/Zhouyuheng_workspace/MPC/calibration_logs/smc_real_20260818_203056.jsonl,1787056809.62,1787056829.62,72,7.85374116897583,0.9207815391980121,6.314753919801208,6.314753919801208,nan,nan
pid_smc_fusion,smc,SMC 第3段,/home/fins/Zhouyuheng_workspace/MPC/calibration_logs/smc_real_20260818_203056.jsonl,1787056809.62,1787056829.62,73,7.904556035995483,0.9296958922009944,7.206189220099435,7.206189220099435,nan,nan
pid_smc_fusion,smc,SMC 第3段,/home/fins/Zhouyuheng_workspace/MPC/calibration_logs/smc_real_20260818_203056.jsonl,1787056809.62,1787056829.62,74,8.004080533981323,0.935005360055311,7.737136005531098,7.737136005531098,nan,nan
pid_smc_fusion,smc,SMC 第3段,/home/fins/Zhouyuheng_workspace/MPC/calibration_logs/smc_real_20260818_203056.jsonl,1787056809.62,1787056829.62,75,8.10386061668396,0.9377714127910031,8.013741279100305,8.013741279100305,nan,nan
pid_smc_fusion,smc,SMC 第3段,/home/fins/Zhouyuheng_workspace/MPC/calibration_logs/smc_real_20260818_203056.jsonl,1787056809.62,1787056829.62,76,8.306724786758423,0.943390373645487,8.575637364548694,8.575637364548694,nan,nan
pid_smc_fusion,smc,SMC 第3段,/home/fins/Zhouyuheng_workspace/MPC/calibration_logs/smc_real_20260818_203056.jsonl,1787056809.62,1787056829.62,77,8.354665994644165,0.9450012340921033,8.736723409210335,8.736723409210335,nan,nan
pid_smc_fusion,smc,SMC 第3段,/home/fins/Zhouyuheng_workspace/MPC/calibration_logs/smc_real_20260818_203056.jsonl,1787056809.62,1787056829.62,78,8.453760862350464,0.9455557902660224,8.792179026602243,8.792179026602243,nan,nan
pid_smc_fusion,smc,SMC 第3段,/home/fins/Zhouyuheng_workspace/MPC/calibration_logs/smc_real_20260818_203056.jsonl,1787056809.62,1787056829.62,79,8.554516077041626,0.9456701349272045,8.803613492720451,8.803613492720451,nan,nan
pid_smc_fusion,smc,SMC 第3段,/home/fins/Zhouyuheng_workspace/MPC/calibration_logs/smc_real_20260818_203056.jsonl,1787056809.62,1787056829.62,80,8.706772565841675,0.9486714240611073,9.103742406110726,9.103742406110726,nan,nan
pid_smc_fusion,smc,SMC 第3段,/home/fins/Zhouyuheng_workspace/MPC/calibration_logs/smc_real_20260818_203056.jsonl,1787056809.62,1787056829.62,81,8.754918575286865,0.9515771490716481,9.394314907164814,9.394314907164814,nan,nan
pid_smc_fusion,smc,SMC 第3段,/home/fins/Zhouyuheng_workspace/MPC/calibration_logs/smc_real_20260818_203056.jsonl,1787056809.62,1787056829.62,82,8.856415748596191,0.952854193300278,9.522019330027797,9.522019330027797,nan,nan
pid_smc_fusion,smc,SMC 第3段,/home/fins/Zhouyuheng_workspace/MPC/calibration_logs/smc_real_20260818_203056.jsonl,1787056809.62,1787056829.62,83,8.954468965530396,0.9533397866493435,9.570578664934349,9.570578664934349,nan,nan
pid_smc_fusion,smc,SMC 第3段,/home/fins/Zhouyuheng_workspace/MPC/calibration_logs/smc_real_20260818_203056.jsonl,1787056809.62,1787056829.62,84,9.10607647895813,0.956080858165909,9.844685816590903,9.844685816590903,nan,nan
pid_smc_fusion,smc,SMC 第3段,/home/fins/Zhouyuheng_workspace/MPC/calibration_logs/smc_real_20260818_203056.jsonl,1787056809.62,1787056829.62,85,9.154393196105957,0.9592185686706908,10.158456867069077,10.158456867069077,nan,nan
pid_smc_fusion,smc,SMC 第3段,/home/fins/Zhouyuheng_workspace/MPC/calibration_logs/smc_real_20260818_203056.jsonl,1787056809.62,1787056829.62,86,9.256492614746094,0.9602823547099197,10.264835470991972,10.264835470991972,nan,nan
pid_smc_fusion,smc,SMC 第3段,/home/fins/Zhouyuheng_workspace/MPC/calibration_logs/smc_real_20260818_203056.jsonl,1787056809.62,1787056829.62,87,9.356359004974365,0.9603138216097978,10.267982160979782,10.267982160979782,nan,nan
pid_smc_fusion,smc,SMC 第3段,/home/fins/Zhouyuheng_workspace/MPC/calibration_logs/smc_real_20260818_203056.jsonl,1787056809.62,1787056829.62,88,9.50633978843689,0.9638102856551584,10.617628565515835,10.617628565515835,nan,nan
pid_smc_fusion,smc,SMC 第3段,/home/fins/Zhouyuheng_workspace/MPC/calibration_logs/smc_real_20260818_203056.jsonl,1787056809.62,1787056829.62,89,9.555500030517578,0.9673761178612169,10.97421178612169,10.97421178612169,nan,nan
pid_smc_fusion,smc,SMC 第3段,/home/fins/Zhouyuheng_workspace/MPC/calibration_logs/smc_real_20260818_203056.jsonl,1787056809.62,1787056829.62,90,9.656753301620483,0.9687273685414388,11.10933685414388,11.10933685414388,nan,nan
pid_smc_fusion,smc,SMC 第3段,/home/fins/Zhouyuheng_workspace/MPC/calibration_logs/smc_real_20260818_203056.jsonl,1787056809.62,1787056829.62,91,9.756510734558105,0.9687807807381201,11.114678073812012,11.114678073812012,nan,nan
pid_smc_fusion,smc,SMC 第3段,/home/fins/Zhouyuheng_workspace/MPC/calibration_logs/smc_real_20260818_203056.jsonl,1787056809.62,1787056829.62,92,9.90560793876648,0.9677079704150006,11.007397041500056,11.007397041500056,nan,nan
pid_smc_fusion,smc,SMC 第3段,/home/fins/Zhouyuheng_workspace/MPC/calibration_logs/smc_real_20260818_203056.jsonl,1787056809.62,1787056829.62,93,9.95505666732788,0.9687659337818414,11.113193378184139,11.113193378184139,nan,nan
pid_smc_fusion,smc,SMC 第3段,/home/fins/Zhouyuheng_workspace/MPC/calibration_logs/smc_real_20260818_203056.jsonl,1787056809.62,1787056829.62,94,10.05643343925476,0.9691024316249318,11.14684316249318,11.14684316249318,nan,nan
pid_smc_fusion,smc,SMC 第3段,/home/fins/Zhouyuheng_workspace/MPC/calibration_logs/smc_real_20260818_203056.jsonl,1787056809.62,1787056829.62,95,10.155073165893555,0.9691926778299763,11.15586778299763,11.15586778299763,nan,nan
pid_smc_fusion,smc,SMC 第3段,/home/fins/Zhouyuheng_workspace/MPC/calibration_logs/smc_real_20260818_203056.jsonl,1787056809.62,1787056829.62,96,10.30634355545044,0.961123233909141,10.3489233909141,10.3489233909141,nan,nan
pid_smc_fusion,smc,SMC 第3段,/home/fins/Zhouyuheng_workspace/MPC/calibration_logs/smc_real_20260818_203056.jsonl,1787056809.62,1787056829.62,97,10.355428695678711,0.9581435868800737,10.050958688007372,10.050958688007372,nan,nan
pid_smc_fusion,smc,SMC 第3段,/home/fins/Zhouyuheng_workspace/MPC/calibration_logs/smc_real_20260818_203056.jsonl,1787056809.62,1787056829.62,98,10.455527305603027,0.956158743895144,9.852474389514398,9.852474389514398,nan,nan
pid_smc_fusion,smc,SMC 第3段,/home/fins/Zhouyuheng_workspace/MPC/calibration_logs/smc_real_20260818_203056.jsonl,1787056809.62,1787056829.62,99,10.556285619735718,0.9554295030525379,9.779550305253792,9.779550305253792,nan,nan
pid_smc_fusion,smc,SMC 第3段,/home/fins/Zhouyuheng_workspace/MPC/calibration_logs/smc_real_20260818_203056.jsonl,1787056809.62,1787056829.62,100,10.706026077270508,0.9523243777341102,9.469037773411015,9.469037773411015,nan,nan
pid_smc_fusion,smc,SMC 第3段,/home/fins/Zhouyuheng_workspace/MPC/calibration_logs/smc_real_20260818_203056.jsonl,1787056809.62,1787056829.62,101,10.755401849746704,0.9531095885320854,9.547558853208537,9.547558853208537,nan,nan
pid_smc_fusion,smc,SMC 第3段,/home/fins/Zhouyuheng_workspace/MPC/calibration_logs/smc_real_20260818_203056.jsonl,1787056809.62,1787056829.62,102,10.855220079421997,0.9536948183320103,9.60608183320103,9.60608183320103,nan,nan
pid_smc_fusion,smc,SMC 第3段,/home/fins/Zhouyuheng_workspace/MPC/calibration_logs/smc_real_20260818_203056.jsonl,1787056809.62,1787056829.62,103,10.956259727478027,0.9541145629421809,9.648056294218089,9.648056294218089,nan,nan
pid_smc_fusion,smc,SMC 第3段,/home/fins/Zhouyuheng_workspace/MPC/calibration_logs/smc_real_20260818_203056.jsonl,1787056809.62,1787056829.62,104,11.1054847240448,0.9543141561520674,9.668015615206738,9.668015615206738,nan,nan
pid_smc_fusion,smc,SMC 第3段,/home/fins/Zhouyuheng_workspace/MPC/calibration_logs/smc_real_20260818_203056.jsonl,1787056809.62,1787056829.62,105,11.156096458435059,0.9561395875715201,9.850558757152006,9.850558757152006,nan,nan
pid_smc_fusion,smc,SMC 第3段,/home/fins/Zhouyuheng_workspace/MPC/calibration_logs/smc_real_20260818_203056.jsonl,1787056809.62,1787056829.62,106,11.256734609603882,0.9572743733638379,9.964037336383791,9.964037336383791,nan,nan
pid_smc_fusion,smc,SMC 第3段,/home/fins/Zhouyuheng_workspace/MPC/calibration_logs/smc_real_20260818_203056.jsonl,1787056809.62,1787056829.62,107,11.35599398612976,0.9577438068060632,10.010980680606318,10.010980680606318,nan,nan
pid_smc_fusion,smc,SMC 第3段,/home/fins/Zhouyuheng_workspace/MPC/calibration_logs/smc_real_20260818_203056.jsonl,1787056809.62,1787056829.62,108,11.50658893585205,0.9562482388690208,9.861423886902077,9.861423886902077,nan,nan
pid_smc_fusion,smc,SMC 第3段,/home/fins/Zhouyuheng_workspace/MPC/calibration_logs/smc_real_20260818_203056.jsonl,1787056809.62,1787056829.62,109,11.55512022972107,0.956889972129428,9.925597212942794,9.925597212942794,nan,nan
pid_smc_fusion,smc,SMC 第3段,/home/fins/Zhouyuheng_workspace/MPC/calibration_logs/smc_real_20260818_203056.jsonl,1787056809.62,1787056829.62,110,11.654514789581299,0.9570553964038809,9.942139640388092,9.942139640388092,nan,nan
pid_smc_fusion,smc,SMC 第3段,/home/fins/Zhouyuheng_workspace/MPC/calibration_logs/smc_real_20260818_203056.jsonl,1787056809.62,1787056829.62,111,11.756667137145996,0.9571636931406442,9.952969314064418,9.952969314064418,nan,nan
pid_smc_fusion,smc,SMC 第3段,/home/fins/Zhouyuheng_workspace/MPC/calibration_logs/smc_real_20260818_203056.jsonl,1787056809.62,1787056829.62,112,11.956791639328003,0.9517924327342266,9.415843273422663,9.415843273422663,nan,nan
pid_smc_fusion,smc,SMC 第3段,/home/fins/Zhouyuheng_workspace/MPC/calibration_logs/smc_real_20260818_203056.jsonl,1787056809.62,1787056829.62,113,12.056551933288574,0.9480827489155936,9.044874891559363,9.044874891559363,nan,nan
pid_smc_fusion,smc,SMC 第3段,/home/fins/Zhouyuheng_workspace/MPC/calibration_logs/smc_real_20260818_203056.jsonl,1787056809.62,1787056829.62,114,12.153815269470215,0.9457735687607665,8.813956876076645,8.813956876076645,nan,nan
pid_smc_fusion,smc,SMC 第3段,/home/fins/Zhouyuheng_workspace/MPC/calibration_logs/smc_real_20260818_203056.jsonl,1787056809.62,1787056829.62,115,12.353951692581177,0.9397937306972101,8.215973069721006,8.215973069721006,nan,nan
pid_smc_fusion,smc,SMC 第3段,/home/fins/Zhouyuheng_workspace/MPC/calibration_logs/smc_real_20260818_203056.jsonl,1787056809.62,1787056829.62,116,12.506489753723145,0.9347932754480115,7.715927544801149,7.715927544801149,nan,nan
pid_smc_fusion,smc,SMC 第3段,/home/fins/Zhouyuheng_workspace/MPC/calibration_logs/smc_real_20260818_203056.jsonl,1787056809.62,1787056829.62,117,12.605157375335693,0.9326940919727746,7.506009197277463,7.506009197277463,nan,nan
pid_smc_fusion,smc,SMC 第3段,/home/fins/Zhouyuheng_workspace/MPC/calibration_logs/smc_real_20260818_203056.jsonl,1787056809.62,1787056829.62,118,12.756462335586548,0.926001862807891,6.836786280789098,6.836786280789098,nan,nan
pid_smc_fusion,smc,SMC 第3段,/home/fins/Zhouyuheng_workspace/MPC/calibration_logs/smc_real_20260818_203056.jsonl,1787056809.62,1787056829.62,119,12.803844213485718,0.9244468386894075,6.681283868940746,6.681283868940746,nan,nan
pid_smc_fusion,smc,SMC 第3段,/home/fins/Zhouyuheng_workspace/MPC/calibration_logs/smc_real_20260818_203056.jsonl,1787056809.62,1787056829.62,120,12.906491756439209,0.9245151764540761,6.68811764540761,6.68811764540761,nan,nan
pid_smc_fusion,smc,SMC 第3段,/home/fins/Zhouyuheng_workspace/MPC/calibration_logs/smc_real_20260818_203056.jsonl,1787056809.62,1787056829.62,121,13.005402326583862,0.9247412214600397,6.710722146003967,6.710722146003967,nan,nan
pid_smc_fusion,smc,SMC 第3段,/home/fins/Zhouyuheng_workspace/MPC/calibration_logs/smc_real_20260818_203056.jsonl,1787056809.62,1787056829.62,122,13.15538501739502,0.9217850417358361,6.415104173583607,6.415104173583607,nan,nan
pid_smc_fusion,smc,SMC 第3段,/home/fins/Zhouyuheng_workspace/MPC/calibration_logs/smc_real_20260818_203056.jsonl,1787056809.62,1787056829.62,123,13.206042289733887,0.92162696214998,6.399296214997996,6.399296214997996,nan,nan
pid_smc_fusion,smc,SMC 第3段,/home/fins/Zhouyuheng_workspace/MPC/calibration_logs/smc_real_20260818_203056.jsonl,1787056809.62,1787056829.62,124,13.303809642791748,0.9215723048783268,6.393830487832675,6.393830487832675,nan,nan
pid_smc_fusion,smc,SMC 第3段,/home/fins/Zhouyuheng_workspace/MPC/calibration_logs/smc_real_20260818_203056.jsonl,1787056809.62,1787056829.62,125,13.40519118309021,0.9216252680220127,6.3991268022012715,6.3991268022012715,nan,nan
pid_smc_fusion,smc,SMC 第3段,/home/fins/Zhouyuheng_workspace/MPC/calibration_logs/smc_real_20260818_203056.jsonl,1787056809.62,1787056829.62,126,13.555056810379028,0.9228497702119033,6.521577021190328,6.521577021190328,nan,nan
pid_smc_fusion,smc,SMC 第3段,/home/fins/Zhouyuheng_workspace/MPC/calibration_logs/smc_real_20260818_203056.jsonl,1787056809.62,1787056829.62,127,13.606024980545044,0.9251828308866953,6.754883088669528,6.754883088669528,nan,nan
pid_smc_fusion,smc,SMC 第3段,/home/fins/Zhouyuheng_workspace/MPC/calibration_logs/smc_real_20260818_203056.jsonl,1787056809.62,1787056829.62,128,13.706454038619995,0.9262684996505207,6.863449965052071,6.863449965052071,nan,nan
pid_smc_fusion,smc,SMC 第3段,/home/fins/Zhouyuheng_workspace/MPC/calibration_logs/smc_real_20260818_203056.jsonl,1787056809.62,1787056829.62,129,13.806391477584839,0.9265607814696408,6.892678146964082,6.892678146964082,nan,nan
pid_smc_fusion,smc,SMC 第3段,/home/fins/Zhouyuheng_workspace/MPC/calibration_logs/smc_real_20260818_203056.jsonl,1787056809.62,1787056829.62,130,13.956169843673706,0.9271287036332712,6.949470363327115,6.949470363327115,nan,nan
pid_smc_fusion,smc,SMC 第3段,/home/fins/Zhouyuheng_workspace/MPC/calibration_logs/smc_real_20260818_203056.jsonl,1787056809.62,1787056829.62,131,14.005586862564087,0.92854253415994,7.090853415994003,7.090853415994003,nan,nan
pid_smc_fusion,smc,SMC 第3段,/home/fins/Zhouyuheng_workspace/MPC/calibration_logs/smc_real_20260818_203056.jsonl,1787056809.62,1787056829.62,132,14.104100942611694,0.9288092209510529,7.117522095105288,7.117522095105288,nan,nan
pid_smc_fusion,smc,SMC 第3段,/home/fins/Zhouyuheng_workspace/MPC/calibration_logs/smc_real_20260818_203056.jsonl,1787056809.62,1787056829.62,133,14.205045938491821,0.9285005360427746,7.08665360427746,7.08665360427746,nan,nan
pid_smc_fusion,smc,SMC 第3段,/home/fins/Zhouyuheng_workspace/MPC/calibration_logs/smc_real_20260818_203056.jsonl,1787056809.62,1787056829.62,134,14.353657484054565,0.9307731250963753,7.313912509637532,7.313912509637532,nan,nan
pid_smc_fusion,smc,SMC 第3段,/home/fins/Zhouyuheng_workspace/MPC/calibration_logs/smc_real_20260818_203056.jsonl,1787056809.62,1787056829.62,135,14.4038405418396,0.9333742064025499,7.574020640254986,7.574020640254986,nan,nan
pid_smc_fusion,smc,SMC 第3段,/home/fins/Zhouyuheng_workspace/MPC/calibration_logs/smc_real_20260818_203056.jsonl,1787056809.62,1787056829.62,136,14.506529808044434,0.9343117832856086,7.667778328560859,7.667778328560859,nan,nan
pid_smc_fusion,smc,SMC 第3段,/home/fins/Zhouyuheng_workspace/MPC/calibration_logs/smc_real_20260818_203056.jsonl,1787056809.62,1787056829.62,137,14.604877948760986,0.9344384674903098,7.680446749030978,7.680446749030978,nan,nan
pid_smc_fusion,smc,SMC 第3段,/home/fins/Zhouyuheng_workspace/MPC/calibration_logs/smc_real_20260818_203056.jsonl,1787056809.62,1787056829.62,138,14.754019021987915,0.9469036436117834,8.926964361178335,8.926964361178335,nan,nan
pid_smc_fusion,smc,SMC 第3段,/home/fins/Zhouyuheng_workspace/MPC/calibration_logs/smc_real_20260818_203056.jsonl,1787056809.62,1787056829.62,139,14.804022312164307,0.9552408550674396,9.760685506743961,9.760685506743961,nan,nan
pid_smc_fusion,smc,SMC 第3段,/home/fins/Zhouyuheng_workspace/MPC/calibration_logs/smc_real_20260818_203056.jsonl,1787056809.62,1787056829.62,140,14.90390419960022,0.9595048812241342,10.187088122413424,10.187088122413424,nan,nan
pid_smc_fusion,smc,SMC 第3段,/home/fins/Zhouyuheng_workspace/MPC/calibration_logs/smc_real_20260818_203056.jsonl,1787056809.62,1787056829.62,141,15.004487037658691,0.961517487410946,10.3883487410946,10.3883487410946,nan,nan
pid_smc_fusion,smc,SMC 第3段,/home/fins/Zhouyuheng_workspace/MPC/calibration_logs/smc_real_20260818_203056.jsonl,1787056809.62,1787056829.62,142,15.156428813934326,0.967085650836826,10.945165083682596,10.945165083682596,nan,nan
pid_smc_fusion,smc,SMC 第3段,/home/fins/Zhouyuheng_workspace/MPC/calibration_logs/smc_real_20260818_203056.jsonl,1787056809.62,1787056829.62,143,15.205227613449097,0.9710569551117466,11.34229551117466,11.34229551117466,nan,nan
pid_smc_fusion,smc,SMC 第3段,/home/fins/Zhouyuheng_workspace/MPC/calibration_logs/smc_real_20260818_203056.jsonl,1787056809.62,1787056829.62,144,15.30602216720581,0.9732722196245094,11.563821962450938,11.563821962450938,nan,nan
pid_smc_fusion,smc,SMC 第3段,/home/fins/Zhouyuheng_workspace/MPC/calibration_logs/smc_real_20260818_203056.jsonl,1787056809.62,1787056829.62,145,15.406359672546387,0.9745343879879249,11.69003879879249,11.69003879879249,nan,nan
pid_smc_fusion,smc,SMC 第3段,/home/fins/Zhouyuheng_workspace/MPC/calibration_logs/smc_real_20260818_203056.jsonl,1787056809.62,1787056829.62,146,15.556470155715942,0.9738332751014953,11.61992751014953,11.61992751014953,nan,nan
pid_smc_fusion,smc,SMC 第3段,/home/fins/Zhouyuheng_workspace/MPC/calibration_logs/smc_real_20260818_203056.jsonl,1787056809.62,1787056829.62,147,15.60579514503479,0.974439794352365,11.680579435236504,11.680579435236504,nan,nan
pid_smc_fusion,smc,SMC 第3段,/home/fins/Zhouyuheng_workspace/MPC/calibration_logs/smc_real_20260818_203056.jsonl,1787056809.62,1787056829.62,148,15.705338954925537,0.9747356719503423,11.710167195034227,11.710167195034227,nan,nan
pid_smc_fusion,smc,SMC 第3段,/home/fins/Zhouyuheng_workspace/MPC/calibration_logs/smc_real_20260818_203056.jsonl,1787056809.62,1787056829.62,149,15.806386947631836,0.974907047427635,11.7273047427635,11.7273047427635,nan,nan
pid_smc_fusion,smc,SMC 第3段,/home/fins/Zhouyuheng_workspace/MPC/calibration_logs/smc_real_20260818_203056.jsonl,1787056809.62,1787056829.62,150,16.006534099578857,0.9649427230928643,10.730872309286433,10.730872309286433,nan,nan
pid_smc_fusion,smc,SMC 第3段,/home/fins/Zhouyuheng_workspace/MPC/calibration_logs/smc_real_20260818_203056.jsonl,1787056809.62,1787056829.62,151,16.055543422698975,0.9609156985114717,10.328169851147173,10.328169851147173,nan,nan
pid_smc_fusion,smc,SMC 第3段,/home/fins/Zhouyuheng_workspace/MPC/calibration_logs/smc_real_20260818_203056.jsonl,1787056809.62,1787056829.62,152,16.106929302215576,0.9609377226317094,10.33037226317094,10.33037226317094,nan,nan
pid_smc_fusion,smc,SMC 第3段,/home/fins/Zhouyuheng_workspace/MPC/calibration_logs/smc_real_20260818_203056.jsonl,1787056809.62,1787056829.62,153,16.205504417419434,0.9606978251842921,10.306382518429213,10.306382518429213,nan,nan
pid_smc_fusion,smc,SMC 第3段,/home/fins/Zhouyuheng_workspace/MPC/calibration_logs/smc_real_20260818_203056.jsonl,1787056809.62,1787056829.62,154,16.40677237510681,0.9580522168921034,10.04182168921034,10.04182168921034,nan,nan
pid_smc_fusion,smc,SMC 第3段,/home/fins/Zhouyuheng_workspace/MPC/calibration_logs/smc_real_20260818_203056.jsonl,1787056809.62,1787056829.62,155,16.556373357772827,0.9544003502035033,9.676635020350332,9.676635020350332,nan,nan
pid_smc_fusion,smc,SMC 第3段,/home/fins/Zhouyuheng_workspace/MPC/calibration_logs/smc_real_20260818_203056.jsonl,1787056809.62,1787056829.62,156,16.65485715866089,0.9532132123772759,9.557921237727584,9.557921237727584,nan,nan
pid_smc_fusion,smc,SMC 第3段,/home/fins/Zhouyuheng_workspace/MPC/calibration_logs/smc_real_20260818_203056.jsonl,1787056809.62,1787056829.62,157,16.80643892288208,0.9417391983340124,8.410519833401242,8.410519833401242,nan,nan
pid_smc_fusion,smc,SMC 第3段,/home/fins/Zhouyuheng_workspace/MPC/calibration_logs/smc_real_20260818_203056.jsonl,1787056809.62,1787056829.62,158,16.855080604553223,0.937684197984293,8.005019798429302,8.005019798429302,nan,nan
pid_smc_fusion,smc,SMC 第3段,/home/fins/Zhouyuheng_workspace/MPC/calibration_logs/smc_real_20260818_203056.jsonl,1787056809.62,1787056829.62,159,16.956189393997192,0.9364652771258569,7.883127712585692,7.883127712585692,nan,nan
pid_smc_fusion,smc,SMC 第3段,/home/fins/Zhouyuheng_workspace/MPC/calibration_logs/smc_real_20260818_203056.jsonl,1787056809.62,1787056829.62,160,17.05534815788269,0.9365560683459148,7.892206834591475,7.892206834591475,nan,nan
pid_smc_fusion,smc,SMC 第3段,/home/fins/Zhouyuheng_workspace/MPC/calibration_logs/smc_real_20260818_203056.jsonl,1787056809.62,1787056829.62,161,17.20652151107788,0.9172293409595036,5.959534095950358,5.959534095950358,nan,nan
pid_smc_fusion,smc,SMC 第3段,/home/fins/Zhouyuheng_workspace/MPC/calibration_logs/smc_real_20260818_203056.jsonl,1787056809.62,1787056829.62,162,17.2554829120636,0.908214628005505,5.0580628005505,5.0580628005505,nan,nan
pid_smc_fusion,smc,SMC 第3段,/home/fins/Zhouyuheng_workspace/MPC/calibration_logs/smc_real_20260818_203056.jsonl,1787056809.62,1787056829.62,163,17.356653451919556,0.9037230106388088,4.608901063880877,4.608901063880877,nan,nan
pid_smc_fusion,smc,SMC 第3段,/home/fins/Zhouyuheng_workspace/MPC/calibration_logs/smc_real_20260818_203056.jsonl,1787056809.62,1787056829.62,164,17.453837394714355,0.902395956008639,4.476195600863897,4.476195600863897,nan,nan
pid_smc_fusion,smc,SMC 第3段,/home/fins/Zhouyuheng_workspace/MPC/calibration_logs/smc_real_20260818_203056.jsonl,1787056809.62,1787056829.62,165,17.60653829574585,0.8778231623216064,2.018916232160639,2.018916232160639,nan,nan
pid_smc_fusion,smc,SMC 第3段,/home/fins/Zhouyuheng_workspace/MPC/calibration_logs/smc_real_20260818_203056.jsonl,1787056809.62,1787056829.62,166,17.654988050460815,0.8659455389058025,0.8311538905802496,0.8311538905802496,nan,nan
pid_smc_fusion,smc,SMC 第3段,/home/fins/Zhouyuheng_workspace/MPC/calibration_logs/smc_real_20260818_203056.jsonl,1787056809.62,1787056829.62,167,17.75618076324463,0.8598234061962013,0.21894061962013378,0.21894061962013378,nan,nan
pid_smc_fusion,smc,SMC 第3段,/home/fins/Zhouyuheng_workspace/MPC/calibration_logs/smc_real_20260818_203056.jsonl,1787056809.62,1787056829.62,168,17.855147123336792,0.8584694815094781,0.08354815094780976,0.08354815094780976,nan,nan
pid_smc_fusion,smc,SMC 第3段,/home/fins/Zhouyuheng_workspace/MPC/calibration_logs/smc_real_20260818_203056.jsonl,1787056809.62,1787056829.62,169,18.006479501724243,0.836524753217486,-2.1109246782514024,2.1109246782514024,nan,nan
pid_smc_fusion,smc,SMC 第3段,/home/fins/Zhouyuheng_workspace/MPC/calibration_logs/smc_real_20260818_203056.jsonl,1787056809.62,1787056829.62,170,18.055418968200684,0.8242726683996708,-3.336133160032917,3.336133160032917,nan,nan
pid_smc_fusion,smc,SMC 第3段,/home/fins/Zhouyuheng_workspace/MPC/calibration_logs/smc_real_20260818_203056.jsonl,1787056809.62,1787056829.62,171,18.153657913208008,0.8185324014879111,-3.910159851208894,3.910159851208894,nan,nan
pid_smc_fusion,smc,SMC 第3段,/home/fins/Zhouyuheng_workspace/MPC/calibration_logs/smc_real_20260818_203056.jsonl,1787056809.62,1787056829.62,172,18.2537624835968,0.8169563448237849,-4.067765517621513,4.067765517621513,nan,nan
pid_smc_fusion,smc,SMC 第3段,/home/fins/Zhouyuheng_workspace/MPC/calibration_logs/smc_real_20260818_203056.jsonl,1787056809.62,1787056829.62,173,18.453760385513306,0.807038661704213,-5.059533829578699,5.059533829578699,nan,nan
pid_smc_fusion,smc,SMC 第3段,/home/fins/Zhouyuheng_workspace/MPC/calibration_logs/smc_real_20260818_203056.jsonl,1787056809.62,1787056829.62,174,18.55366611480713,0.8013931645224817,-5.624083547751835,5.624083547751835,nan,nan
pid_smc_fusion,smc,SMC 第3段,/home/fins/Zhouyuheng_workspace/MPC/calibration_logs/smc_real_20260818_203056.jsonl,1787056809.62,1787056829.62,175,18.653772115707397,0.7987583604150992,-5.887563958490083,5.887563958490083,nan,nan
pid_smc_fusion,smc,SMC 第3段,/home/fins/Zhouyuheng_workspace/MPC/calibration_logs/smc_real_20260818_203056.jsonl,1787056809.62,1787056829.62,176,18.803985357284546,0.8064078025182192,-5.1226197481780815,5.1226197481780815,nan,nan
pid_smc_fusion,smc,SMC 第3段,/home/fins/Zhouyuheng_workspace/MPC/calibration_logs/smc_real_20260818_203056.jsonl,1787056809.62,1787056829.62,177,18.85360360145569,0.8109571416868956,-4.6676858313104415,4.6676858313104415,nan,nan
pid_smc_fusion,smc,SMC 第3段,/home/fins/Zhouyuheng_workspace/MPC/calibration_logs/smc_real_20260818_203056.jsonl,1787056809.62,1787056829.62,178,18.95363688468933,0.8144472327030754,-4.318676729692461,4.318676729692461,nan,nan
pid_smc_fusion,smc,SMC 第3段,/home/fins/Zhouyuheng_workspace/MPC/calibration_logs/smc_real_20260818_203056.jsonl,1787056809.62,1787056829.62,179,19.05640745162964,0.8168866342890343,-4.074736571096571,4.074736571096571,nan,nan
pid_smc_fusion,smc,SMC 第3段,/home/fins/Zhouyuheng_workspace/MPC/calibration_logs/smc_real_20260818_203056.jsonl,1787056809.62,1787056829.62,180,19.205390214920044,0.8330745810189081,-2.455941898109193,2.455941898109193,nan,nan
pid_smc_fusion,smc,SMC 第3段,/home/fins/Zhouyuheng_workspace/MPC/calibration_logs/smc_real_20260818_203056.jsonl,1787056809.62,1787056829.62,181,19.255385398864746,0.8404140547326087,-1.7219945267391346,1.7219945267391346,nan,nan
pid_smc_fusion,smc,SMC 第3段,/home/fins/Zhouyuheng_workspace/MPC/calibration_logs/smc_real_20260818_203056.jsonl,1787056809.62,1787056829.62,182,19.356459140777588,0.8441311407657982,-1.3502859234201803,1.3502859234201803,nan,nan
pid_smc_fusion,smc,SMC 第3段,/home/fins/Zhouyuheng_workspace/MPC/calibration_logs/smc_real_20260818_203056.jsonl,1787056809.62,1787056829.62,183,19.456343173980713,0.8453076952356315,-1.2326304764368468,1.2326304764368468,nan,nan
pid_smc_fusion,smc,SMC 第3段,/home/fins/Zhouyuheng_workspace/MPC/calibration_logs/smc_real_20260818_203056.jsonl,1787056809.62,1787056829.62,184,19.655740976333618,0.8507365945424864,-0.6897405457513606,0.6897405457513606,nan,nan
pid_smc_fusion,smc,SMC 第3段,/home/fins/Zhouyuheng_workspace/MPC/calibration_logs/smc_real_20260818_203056.jsonl,1787056809.62,1787056829.62,185,19.7563636302948,0.8533630080036073,-0.42709919963926923,0.42709919963926923,nan,nan
pid_smc_fusion,smc,SMC 第3段,/home/fins/Zhouyuheng_workspace/MPC/calibration_logs/smc_real_20260818_203056.jsonl,1787056809.62,1787056829.62,186,19.856399536132812,0.8541735602965012,-0.3460439703498852,0.3460439703498852,nan,nan
pid_smc_fusion,smc,SMC 第4段,/home/fins/Zhouyuheng_workspace/MPC/calibration_logs/smc_real_20260818_203056.jsonl,1787056926.32,1787056946.32,0,0.05662965774536133,0.9927727857477179,13.513878574771788,13.513878574771788,nan,nan
pid_smc_fusion,smc,SMC 第4段,/home/fins/Zhouyuheng_workspace/MPC/calibration_logs/smc_real_20260818_203056.jsonl,1787056926.32,1787056946.32,1,0.20659708976745605,0.9975589188456124,13.992491884561243,13.992491884561243,nan,nan
pid_smc_fusion,smc,SMC 第4段,/home/fins/Zhouyuheng_workspace/MPC/calibration_logs/smc_real_20260818_203056.jsonl,1787056926.32,1787056946.32,2,0.25444483757019043,1.0000611576594243,14.242715765942426,14.242715765942426,nan,nan
pid_smc_fusion,smc,SMC 第4段,/home/fins/Zhouyuheng_workspace/MPC/calibration_logs/smc_real_20260818_203056.jsonl,1787056926.32,1787056946.32,3,0.3552842140197754,1.0011728324885951,14.35388324885951,14.35388324885951,nan,nan
pid_smc_fusion,smc,SMC 第4段,/home/fins/Zhouyuheng_workspace/MPC/calibration_logs/smc_real_20260818_203056.jsonl,1787056926.32,1787056946.32,4,0.4564635753631592,1.0016051715028604,14.397117150286043,14.397117150286043,nan,nan
pid_smc_fusion,smc,SMC 第4段,/home/fins/Zhouyuheng_workspace/MPC/calibration_logs/smc_real_20260818_203056.jsonl,1787056926.32,1787056946.32,5,0.6064534187316895,0.9871777762976583,12.954377629765833,12.954377629765833,nan,nan
pid_smc_fusion,smc,SMC 第4段,/home/fins/Zhouyuheng_workspace/MPC/calibration_logs/smc_real_20260818_203056.jsonl,1787056926.32,1787056946.32,6,0.6557731628417969,0.9796187976836075,12.198479768360748,12.198479768360748,nan,nan
pid_smc_fusion,smc,SMC 第4段,/home/fins/Zhouyuheng_workspace/MPC/calibration_logs/smc_real_20260818_203056.jsonl,1787056926.32,1787056946.32,7,0.7565896511077881,0.9754944648186478,11.786046481864776,11.786046481864776,nan,nan
pid_smc_fusion,smc,SMC 第4段,/home/fins/Zhouyuheng_workspace/MPC/calibration_logs/smc_real_20260818_203056.jsonl,1787056926.32,1787056946.32,8,0.8557348251342773,0.9736124958372084,11.597849583720842,11.597849583720842,nan,nan
pid_smc_fusion,smc,SMC 第4段,/home/fins/Zhouyuheng_workspace/MPC/calibration_logs/smc_real_20260818_203056.jsonl,1787056926.32,1787056946.32,9,1.0059332847595215,0.9519693515802579,9.433535158025785,9.433535158025785,nan,nan
pid_smc_fusion,smc,SMC 第4段,/home/fins/Zhouyuheng_workspace/MPC/calibration_logs/smc_real_20260818_203056.jsonl,1787056926.32,1787056946.32,10,1.0563349723815918,0.9420260636751495,8.43920636751495,8.43920636751495,nan,nan
pid_smc_fusion,smc,SMC 第4段,/home/fins/Zhouyuheng_workspace/MPC/calibration_logs/smc_real_20260818_203056.jsonl,1787056926.32,1787056946.32,11,1.1538183689117432,0.9365543780616232,7.892037806162322,7.892037806162322,nan,nan
pid_smc_fusion,smc,SMC 第4段,/home/fins/Zhouyuheng_workspace/MPC/calibration_logs/smc_real_20260818_203056.jsonl,1787056926.32,1787056946.32,12,1.2554137706756592,0.9341492482944562,7.651524829445622,7.651524829445622,nan,nan
pid_smc_fusion,smc,SMC 第4段,/home/fins/Zhouyuheng_workspace/MPC/calibration_logs/smc_real_20260818_203056.jsonl,1787056926.32,1787056946.32,13,1.4063818454742432,0.9176068395589758,5.997283955897581,5.997283955897581,nan,nan
pid_smc_fusion,smc,SMC 第4段,/home/fins/Zhouyuheng_workspace/MPC/calibration_logs/smc_real_20260818_203056.jsonl,1787056926.32,1787056946.32,14,1.4550838470458984,0.911280766698393,5.364676669839296,5.364676669839296,nan,nan
pid_smc_fusion,smc,SMC 第4段,/home/fins/Zhouyuheng_workspace/MPC/calibration_logs/smc_real_20260818_203056.jsonl,1787056926.32,1787056946.32,15,1.554222583770752,0.9081830555872361,5.05490555872361,5.05490555872361,nan,nan
pid_smc_fusion,smc,SMC 第4段,/home/fins/Zhouyuheng_workspace/MPC/calibration_logs/smc_real_20260818_203056.jsonl,1787056926.32,1787056946.32,16,1.6549713611602783,0.9074411624694448,4.980716246944484,4.980716246944484,nan,nan
pid_smc_fusion,smc,SMC 第4段,/home/fins/Zhouyuheng_workspace/MPC/calibration_logs/smc_real_20260818_203056.jsonl,1787056926.32,1787056946.32,17,1.8072612285614014,0.9079192010285224,5.028520102852241,5.028520102852241,nan,nan
pid_smc_fusion,smc,SMC 第4段,/home/fins/Zhouyuheng_workspace/MPC/calibration_logs/smc_real_20260818_203056.jsonl,1787056926.32,1787056946.32,18,1.8551199436187744,0.9107555580228437,5.3121558022843685,5.3121558022843685,nan,nan
pid_smc_fusion,smc,SMC 第4段,/home/fins/Zhouyuheng_workspace/MPC/calibration_logs/smc_real_20260818_203056.jsonl,1787056926.32,1787056946.32,19,1.9564790725708008,0.9122763296635363,5.464232966353633,5.464232966353633,nan,nan
pid_smc_fusion,smc,SMC 第4段,/home/fins/Zhouyuheng_workspace/MPC/calibration_logs/smc_real_20260818_203056.jsonl,1787056926.32,1787056946.32,20,2.105330228805542,0.9126180028959722,5.498400289597216,5.498400289597216,nan,nan
pid_smc_fusion,smc,SMC 第4段,/home/fins/Zhouyuheng_workspace/MPC/calibration_logs/smc_real_20260818_203056.jsonl,1787056926.32,1787056946.32,21,2.256647825241089,0.9202311334518781,6.259713345187812,6.259713345187812,nan,nan
pid_smc_fusion,smc,SMC 第4段,/home/fins/Zhouyuheng_workspace/MPC/calibration_logs/smc_real_20260818_203056.jsonl,1787056926.32,1787056946.32,22,2.4063966274261475,0.9246629278664305,6.702892786643044,6.702892786643044,nan,nan
pid_smc_fusion,smc,SMC 第4段,/home/fins/Zhouyuheng_workspace/MPC/calibration_logs/smc_real_20260818_203056.jsonl,1787056926.32,1787056946.32,23,2.5055363178253174,0.9271340922445891,6.950009224458908,6.950009224458908,nan,nan
pid_smc_fusion,smc,SMC 第4段,/home/fins/Zhouyuheng_workspace/MPC/calibration_logs/smc_real_20260818_203056.jsonl,1787056926.32,1787056946.32,24,2.6564266681671143,0.9364724317264091,7.883843172640914,7.883843172640914,nan,nan
pid_smc_fusion,smc,SMC 第4段,/home/fins/Zhouyuheng_workspace/MPC/calibration_logs/smc_real_20260818_203056.jsonl,1787056926.32,1787056946.32,25,2.705152988433838,0.9414729517798592,8.383895177985924,8.383895177985924,nan,nan
pid_smc_fusion,smc,SMC 第4段,/home/fins/Zhouyuheng_workspace/MPC/calibration_logs/smc_real_20260818_203056.jsonl,1787056926.32,1787056946.32,26,2.80649995803833,0.94325142117544,8.561742117544002,8.561742117544002,nan,nan
pid_smc_fusion,smc,SMC 第4段,/home/fins/Zhouyuheng_workspace/MPC/calibration_logs/smc_real_20260818_203056.jsonl,1787056926.32,1787056946.32,27,2.9064619541168213,0.9432687081198741,8.563470811987406,8.563470811987406,nan,nan
pid_smc_fusion,smc,SMC 第4段,/home/fins/Zhouyuheng_workspace/MPC/calibration_logs/smc_real_20260818_203056.jsonl,1787056926.32,1787056946.32,28,3.056372880935669,0.9411571233260325,8.352312332603251,8.352312332603251,nan,nan
pid_smc_fusion,smc,SMC 第4段,/home/fins/Zhouyuheng_workspace/MPC/calibration_logs/smc_real_20260818_203056.jsonl,1787056926.32,1787056946.32,29,3.1055543422698975,0.9405616678142921,8.292766781429206,8.292766781429206,nan,nan
pid_smc_fusion,smc,SMC 第4段,/home/fins/Zhouyuheng_workspace/MPC/calibration_logs/smc_real_20260818_203056.jsonl,1787056926.32,1787056946.32,30,3.2064268589019775,0.9394377605443002,8.180376054430017,8.180376054430017,nan,nan
pid_smc_fusion,smc,SMC 第4段,/home/fins/Zhouyuheng_workspace/MPC/calibration_logs/smc_real_20260818_203056.jsonl,1787056926.32,1787056946.32,31,3.3562467098236084,0.9373792782284734,7.974527822847344,7.974527822847344,nan,nan
pid_smc_fusion,smc,SMC 第4段,/home/fins/Zhouyuheng_workspace/MPC/calibration_logs/smc_real_20260818_203056.jsonl,1787056926.32,1787056946.32,32,3.5061285495758057,0.9433477094846091,8.57137094846091,8.57137094846091,nan,nan
pid_smc_fusion,smc,SMC 第4段,/home/fins/Zhouyuheng_workspace/MPC/calibration_logs/smc_real_20260818_203056.jsonl,1787056926.32,1787056946.32,33,3.555370330810547,0.9485919474280998,9.095794742809982,9.095794742809982,nan,nan
pid_smc_fusion,smc,SMC 第4段,/home/fins/Zhouyuheng_workspace/MPC/calibration_logs/smc_real_20260818_203056.jsonl,1787056926.32,1787056946.32,34,3.6564340591430664,0.9511274325242309,9.349343252423093,9.349343252423093,nan,nan
pid_smc_fusion,smc,SMC 第4段,/home/fins/Zhouyuheng_workspace/MPC/calibration_logs/smc_real_20260818_203056.jsonl,1787056926.32,1787056946.32,35,3.756527900695801,0.9522063126066724,9.457231260667243,9.457231260667243,nan,nan
pid_smc_fusion,smc,SMC 第4段,/home/fins/Zhouyuheng_workspace/MPC/calibration_logs/smc_real_20260818_203056.jsonl,1787056926.32,1787056946.32,36,3.905364751815796,0.959506878282316,10.187287828231595,10.187287828231595,nan,nan
pid_smc_fusion,smc,SMC 第4段,/home/fins/Zhouyuheng_workspace/MPC/calibration_logs/smc_real_20260818_203056.jsonl,1787056926.32,1787056946.32,37,3.955519437789917,0.9645811386233898,10.694713862338979,10.694713862338979,nan,nan
pid_smc_fusion,smc,SMC 第4段,/home/fins/Zhouyuheng_workspace/MPC/calibration_logs/smc_real_20260818_203056.jsonl,1787056926.32,1787056946.32,38,4.056662082672119,0.9668955730020817,10.926157300208173,10.926157300208173,nan,nan
pid_smc_fusion,smc,SMC 第4段,/home/fins/Zhouyuheng_workspace/MPC/calibration_logs/smc_real_20260818_203056.jsonl,1787056926.32,1787056946.32,39,4.15643048286438,0.9676915068329661,11.005750683296611,11.005750683296611,nan,nan
pid_smc_fusion,smc,SMC 第4段,/home/fins/Zhouyuheng_workspace/MPC/calibration_logs/smc_real_20260818_203056.jsonl,1787056926.32,1787056946.32,40,4.305881977081299,0.9653558589541856,10.772185895418563,10.772185895418563,nan,nan
pid_smc_fusion,smc,SMC 第4段,/home/fins/Zhouyuheng_workspace/MPC/calibration_logs/smc_real_20260818_203056.jsonl,1787056926.32,1787056946.32,41,4.355435609817505,0.9653814095410052,10.774740954100515,10.774740954100515,nan,nan
pid_smc_fusion,smc,SMC 第4段,/home/fins/Zhouyuheng_workspace/MPC/calibration_logs/smc_real_20260818_203056.jsonl,1787056926.32,1787056946.32,42,4.4553070068359375,0.9654022205662278,10.77682205662278,10.77682205662278,nan,nan
pid_smc_fusion,smc,SMC 第4段,/home/fins/Zhouyuheng_workspace/MPC/calibration_logs/smc_real_20260818_203056.jsonl,1787056926.32,1787056946.32,43,4.556503534317017,0.9657487498534459,10.811474985344594,10.811474985344594,nan,nan
pid_smc_fusion,smc,SMC 第4段,/home/fins/Zhouyuheng_workspace/MPC/calibration_logs/smc_real_20260818_203056.jsonl,1787056926.32,1787056946.32,44,4.705541372299194,0.9635970623061331,10.596306230613306,10.596306230613306,nan,nan
pid_smc_fusion,smc,SMC 第4段,/home/fins/Zhouyuheng_workspace/MPC/calibration_logs/smc_real_20260818_203056.jsonl,1787056926.32,1787056946.32,45,4.754992961883545,0.9647140224762268,10.708002247622684,10.708002247622684,nan,nan
pid_smc_fusion,smc,SMC 第4段,/home/fins/Zhouyuheng_workspace/MPC/calibration_logs/smc_real_20260818_203056.jsonl,1787056926.32,1787056946.32,46,4.856240510940552,0.9654380050940279,10.780400509402789,10.780400509402789,nan,nan
pid_smc_fusion,smc,SMC 第4段,/home/fins/Zhouyuheng_workspace/MPC/calibration_logs/smc_real_20260818_203056.jsonl,1787056926.32,1787056946.32,47,4.956392765045166,0.965982693419009,10.834869341900898,10.834869341900898,nan,nan
pid_smc_fusion,smc,SMC 第4段,/home/fins/Zhouyuheng_workspace/MPC/calibration_logs/smc_real_20260818_203056.jsonl,1787056926.32,1787056946.32,48,5.1064066886901855,0.9631142650634864,10.54802650634864,10.54802650634864,nan,nan
pid_smc_fusion,smc,SMC 第4段,/home/fins/Zhouyuheng_workspace/MPC/calibration_logs/smc_real_20260818_203056.jsonl,1787056926.32,1787056946.32,49,5.155208110809326,0.9638245833974065,10.61905833974065,10.61905833974065,nan,nan
pid_smc_fusion,smc,SMC 第4段,/home/fins/Zhouyuheng_workspace/MPC/calibration_logs/smc_real_20260818_203056.jsonl,1787056926.32,1787056946.32,50,5.255680322647095,0.9639214913121783,10.62874913121783,10.62874913121783,nan,nan
pid_smc_fusion,smc,SMC 第4段,/home/fins/Zhouyuheng_workspace/MPC/calibration_logs/smc_real_20260818_203056.jsonl,1787056926.32,1787056946.32,51,5.3557469844818115,0.9637449637755281,10.611096377552808,10.611096377552808,nan,nan
pid_smc_fusion,smc,SMC 第4段,/home/fins/Zhouyuheng_workspace/MPC/calibration_logs/smc_real_20260818_203056.jsonl,1787056926.32,1787056946.32,52,5.506411790847778,0.9676071854655373,10.997318546553725,10.997318546553725,nan,nan
pid_smc_fusion,smc,SMC 第4段,/home/fins/Zhouyuheng_workspace/MPC/calibration_logs/smc_real_20260818_203056.jsonl,1787056926.32,1787056946.32,53,5.5545055866241455,0.97243927597348,11.480527597348,11.480527597348,nan,nan
pid_smc_fusion,smc,SMC 第4段,/home/fins/Zhouyuheng_workspace/MPC/calibration_logs/smc_real_20260818_203056.jsonl,1787056926.32,1787056946.32,54,5.656007528305054,0.9749412573164604,11.730725731646041,11.730725731646041,nan,nan
pid_smc_fusion,smc,SMC 第4段,/home/fins/Zhouyuheng_workspace/MPC/calibration_logs/smc_real_20260818_203056.jsonl,1787056926.32,1787056946.32,55,5.75662088394165,0.9765498584279081,11.891585842790809,11.891585842790809,nan,nan
pid_smc_fusion,smc,SMC 第4段,/home/fins/Zhouyuheng_workspace/MPC/calibration_logs/smc_real_20260818_203056.jsonl,1787056926.32,1787056946.32,56,5.906301498413086,0.9623133418500992,10.46793418500992,10.46793418500992,nan,nan
pid_smc_fusion,smc,SMC 第4段,/home/fins/Zhouyuheng_workspace/MPC/calibration_logs/smc_real_20260818_203056.jsonl,1787056926.32,1787056946.32,57,5.9548749923706055,0.9543857638526472,9.675176385264717,9.675176385264717,nan,nan
pid_smc_fusion,smc,SMC 第4段,/home/fins/Zhouyuheng_workspace/MPC/calibration_logs/smc_real_20260818_203056.jsonl,1787056926.32,1787056946.32,58,6.056594133377075,0.9498211964579307,9.218719645793072,9.218719645793072,nan,nan
pid_smc_fusion,smc,SMC 第4段,/home/fins/Zhouyuheng_workspace/MPC/calibration_logs/smc_real_20260818_203056.jsonl,1787056926.32,1787056946.32,59,6.156530380249023,0.9478683535904779,9.023435359047793,9.023435359047793,nan,nan
pid_smc_fusion,smc,SMC 第4段,/home/fins/Zhouyuheng_workspace/MPC/calibration_logs/smc_real_20260818_203056.jsonl,1787056926.32,1787056946.32,60,6.3064165115356445,0.9405783939089541,8.294439390895414,8.294439390895414,nan,nan
pid_smc_fusion,smc,SMC 第4段,/home/fins/Zhouyuheng_workspace/MPC/calibration_logs/smc_real_20260818_203056.jsonl,1787056926.32,1787056946.32,61,6.355726480484009,0.93951399499754,8.187999499753996,8.187999499753996,nan,nan
pid_smc_fusion,smc,SMC 第4段,/home/fins/Zhouyuheng_workspace/MPC/calibration_logs/smc_real_20260818_203056.jsonl,1787056926.32,1787056946.32,62,6.455405235290527,0.9396642869771091,8.203028697710913,8.203028697710913,nan,nan
pid_smc_fusion,smc,SMC 第4段,/home/fins/Zhouyuheng_workspace/MPC/calibration_logs/smc_real_20260818_203056.jsonl,1787056926.32,1787056946.32,63,6.554512977600098,0.9396307640636331,8.19967640636331,8.19967640636331,nan,nan
pid_smc_fusion,smc,SMC 第4段,/home/fins/Zhouyuheng_workspace/MPC/calibration_logs/smc_real_20260818_203056.jsonl,1787056926.32,1787056946.32,64,6.706392288208008,0.9386022668614487,8.096826686144865,8.096826686144865,nan,nan
pid_smc_fusion,smc,SMC 第4段,/home/fins/Zhouyuheng_workspace/MPC/calibration_logs/smc_real_20260818_203056.jsonl,1787056926.32,1787056946.32,65,6.754514455795288,0.9404097916091806,8.277579160918059,8.277579160918059,nan,nan
pid_smc_fusion,smc,SMC 第4段,/home/fins/Zhouyuheng_workspace/MPC/calibration_logs/smc_real_20260818_203056.jsonl,1787056926.32,1787056946.32,66,6.855213403701782,0.9412085639904728,8.35745639904728,8.35745639904728,nan,nan
pid_smc_fusion,smc,SMC 第4段,/home/fins/Zhouyuheng_workspace/MPC/calibration_logs/smc_real_20260818_203056.jsonl,1787056926.32,1787056946.32,67,6.956397771835327,0.9416055407978873,8.397154079788727,8.397154079788727,nan,nan
pid_smc_fusion,smc,SMC 第4段,/home/fins/Zhouyuheng_workspace/MPC/calibration_logs/smc_real_20260818_203056.jsonl,1787056926.32,1787056946.32,68,7.154063940048218,0.9423786032238792,8.474460322387923,8.474460322387923,nan,nan
pid_smc_fusion,smc,SMC 第4段,/home/fins/Zhouyuheng_workspace/MPC/calibration_logs/smc_real_20260818_203056.jsonl,1787056926.32,1787056946.32,69,7.305974960327148,0.9420060427118949,8.437204271189492,8.437204271189492,nan,nan
pid_smc_fusion,smc,SMC 第4段,/home/fins/Zhouyuheng_workspace/MPC/calibration_logs/smc_real_20260818_203056.jsonl,1787056926.32,1787056946.32,70,7.406547546386719,0.9419321118646721,8.429811186467207,8.429811186467207,nan,nan
pid_smc_fusion,smc,SMC 第4段,/home/fins/Zhouyuheng_workspace/MPC/calibration_logs/smc_real_20260818_203056.jsonl,1787056926.32,1787056946.32,71,7.556522607803345,0.9415504557887923,8.391645578879226,8.391645578879226,nan,nan
pid_smc_fusion,smc,SMC 第4段,/home/fins/Zhouyuheng_workspace/MPC/calibration_logs/smc_real_20260818_203056.jsonl,1787056926.32,1787056946.32,72,7.604296922683716,0.9429527225664907,8.531872256649065,8.531872256649065,nan,nan
pid_smc_fusion,smc,SMC 第4段,/home/fins/Zhouyuheng_workspace/MPC/calibration_logs/smc_real_20260818_203056.jsonl,1787056926.32,1787056946.32,73,7.706110000610352,0.9436351644958407,8.600116449584071,8.600116449584071,nan,nan
pid_smc_fusion,smc,SMC 第4段,/home/fins/Zhouyuheng_workspace/MPC/calibration_logs/smc_real_20260818_203056.jsonl,1787056926.32,1787056946.32,74,7.806731939315796,0.9439710741568778,8.633707415687775,8.633707415687775,nan,nan
pid_smc_fusion,smc,SMC 第4段,/home/fins/Zhouyuheng_workspace/MPC/calibration_logs/smc_real_20260818_203056.jsonl,1787056926.32,1787056946.32,75,7.956452131271362,0.9326522623933595,7.501826239335951,7.501826239335951,nan,nan
pid_smc_fusion,smc,SMC 第4段,/home/fins/Zhouyuheng_workspace/MPC/calibration_logs/smc_real_20260818_203056.jsonl,1787056926.32,1787056946.32,76,8.005158424377441,0.9278151603929043,7.018116039290434,7.018116039290434,nan,nan
pid_smc_fusion,smc,SMC 第4段,/home/fins/Zhouyuheng_workspace/MPC/calibration_logs/smc_real_20260818_203056.jsonl,1787056926.32,1787056946.32,77,8.105346918106079,0.92582682392328,6.819282392327997,6.819282392327997,nan,nan
pid_smc_fusion,smc,SMC 第4段,/home/fins/Zhouyuheng_workspace/MPC/calibration_logs/smc_real_20260818_203056.jsonl,1787056926.32,1787056946.32,78,8.20636773109436,0.9252527629374061,6.76187629374061,6.76187629374061,nan,nan
pid_smc_fusion,smc,SMC 第4段,/home/fins/Zhouyuheng_workspace/MPC/calibration_logs/smc_real_20260818_203056.jsonl,1787056926.32,1787056946.32,79,8.356677770614624,0.9171981495111702,5.956414951117017,5.956414951117017,nan,nan
pid_smc_fusion,smc,SMC 第4段,/home/fins/Zhouyuheng_workspace/MPC/calibration_logs/smc_real_20260818_203056.jsonl,1787056926.32,1787056946.32,80,8.406005144119263,0.9147719192780394,5.7137919278039355,5.7137919278039355,nan,nan
pid_smc_fusion,smc,SMC 第4段,/home/fins/Zhouyuheng_workspace/MPC/calibration_logs/smc_real_20260818_203056.jsonl,1787056926.32,1787056946.32,81,8.505781650543213,0.9137539335688086,5.611993356880863,5.611993356880863,nan,nan
pid_smc_fusion,smc,SMC 第4段,/home/fins/Zhouyuheng_workspace/MPC/calibration_logs/smc_real_20260818_203056.jsonl,1787056926.32,1787056946.32,82,8.605659008026123,0.9133449046160806,5.571090461608064,5.571090461608064,nan,nan
pid_smc_fusion,smc,SMC 第4段,/home/fins/Zhouyuheng_workspace/MPC/calibration_logs/smc_real_20260818_203056.jsonl,1787056926.32,1787056946.32,83,8.756475925445557,0.9173081983430624,5.967419834306242,5.967419834306242,nan,nan
pid_smc_fusion,smc,SMC 第4段,/home/fins/Zhouyuheng_workspace/MPC/calibration_logs/smc_real_20260818_203056.jsonl,1787056926.32,1787056946.32,84,8.806393146514893,0.921361397713973,6.3727397713972955,6.3727397713972955,nan,nan
pid_smc_fusion,smc,SMC 第4段,/home/fins/Zhouyuheng_workspace/MPC/calibration_logs/smc_real_20260818_203056.jsonl,1787056926.32,1787056946.32,85,8.905564069747925,0.9233897901719366,6.575579017193656,6.575579017193656,nan,nan
pid_smc_fusion,smc,SMC 第4段,/home/fins/Zhouyuheng_workspace/MPC/calibration_logs/smc_real_20260818_203056.jsonl,1787056926.32,1787056946.32,86,9.005848407745361,0.9242913072399226,6.665730723992258,6.665730723992258,nan,nan
pid_smc_fusion,smc,SMC 第4段,/home/fins/Zhouyuheng_workspace/MPC/calibration_logs/smc_real_20260818_203056.jsonl,1787056926.32,1787056946.32,87,9.15654182434082,0.9274145459369825,6.978054593698246,6.978054593698246,nan,nan
pid_smc_fusion,smc,SMC 第4段,/home/fins/Zhouyuheng_workspace/MPC/calibration_logs/smc_real_20260818_203056.jsonl,1787056926.32,1787056946.32,88,9.205731630325317,0.9305453637195643,7.29113637195643,7.29113637195643,nan,nan
pid_smc_fusion,smc,SMC 第4段,/home/fins/Zhouyuheng_workspace/MPC/calibration_logs/smc_real_20260818_203056.jsonl,1787056926.32,1787056946.32,89,9.306392192840576,0.9324890972289614,7.485509722896144,7.485509722896144,nan,nan
pid_smc_fusion,smc,SMC 第4段,/home/fins/Zhouyuheng_workspace/MPC/calibration_logs/smc_real_20260818_203056.jsonl,1787056926.32,1787056946.32,90,9.40556812286377,0.9331188676422935,7.548486764229345,7.548486764229345,nan,nan
pid_smc_fusion,smc,SMC 第4段,/home/fins/Zhouyuheng_workspace/MPC/calibration_logs/smc_real_20260818_203056.jsonl,1787056926.32,1787056946.32,91,9.555627822875977,0.9335883145514531,7.595431455145308,7.595431455145308,nan,nan
pid_smc_fusion,smc,SMC 第4段,/home/fins/Zhouyuheng_workspace/MPC/calibration_logs/smc_real_20260818_203056.jsonl,1787056926.32,1787056946.32,92,9.60611605644226,0.9345842994877969,7.695029948779686,7.695029948779686,nan,nan
pid_smc_fusion,smc,SMC 第4段,/home/fins/Zhouyuheng_workspace/MPC/calibration_logs/smc_real_20260818_203056.jsonl,1787056926.32,1787056946.32,93,9.706529140472412,0.9349293532702858,7.7295353270285805,7.7295353270285805,nan,nan
pid_smc_fusion,smc,SMC 第4段,/home/fins/Zhouyuheng_workspace/MPC/calibration_logs/smc_real_20260818_203056.jsonl,1787056926.32,1787056946.32,94,9.805604219436646,0.9348263212582612,7.719232125826114,7.719232125826114,nan,nan
pid_smc_fusion,smc,SMC 第4段,/home/fins/Zhouyuheng_workspace/MPC/calibration_logs/smc_real_20260818_203056.jsonl,1787056926.32,1787056946.32,95,9.956437349319458,0.9388437798105757,8.120977981057564,8.120977981057564,nan,nan
pid_smc_fusion,smc,SMC 第4段,/home/fins/Zhouyuheng_workspace/MPC/calibration_logs/smc_real_20260818_203056.jsonl,1787056926.32,1787056946.32,96,10.005634307861328,0.9426604380460785,8.502643804607846,8.502643804607846,nan,nan
pid_smc_fusion,smc,SMC 第4段,/home/fins/Zhouyuheng_workspace/MPC/calibration_logs/smc_real_20260818_203056.jsonl,1787056926.32,1787056946.32,97,10.106558561325073,0.9446322172800614,8.69982172800614,8.69982172800614,nan,nan
pid_smc_fusion,smc,SMC 第4段,/home/fins/Zhouyuheng_workspace/MPC/calibration_logs/smc_real_20260818_203056.jsonl,1787056926.32,1787056946.32,98,10.206421136856079,0.9457123770419571,8.807837704195709,8.807837704195709,nan,nan
pid_smc_fusion,smc,SMC 第4段,/home/fins/Zhouyuheng_workspace/MPC/calibration_logs/smc_real_20260818_203056.jsonl,1787056926.32,1787056946.32,99,10.406646013259888,0.9494135055520485,9.17795055520485,9.17795055520485,nan,nan
pid_smc_fusion,smc,SMC 第4段,/home/fins/Zhouyuheng_workspace/MPC/calibration_logs/smc_real_20260818_203056.jsonl,1787056926.32,1787056946.32,100,10.50643801689148,0.9515322990282271,9.389829902822711,9.389829902822711,nan,nan
pid_smc_fusion,smc,SMC 第4段,/home/fins/Zhouyuheng_workspace/MPC/calibration_logs/smc_real_20260818_203056.jsonl,1787056926.32,1787056946.32,101,10.60645842552185,0.9526216040866922,9.498760408669217,9.498760408669217,nan,nan
pid_smc_fusion,smc,SMC 第4段,/home/fins/Zhouyuheng_workspace/MPC/calibration_logs/smc_real_20260818_203056.jsonl,1787056926.32,1787056946.32,102,10.806588172912598,0.9565020269558195,9.886802695581952,9.886802695581952,nan,nan
pid_smc_fusion,smc,SMC 第4段,/home/fins/Zhouyuheng_workspace/MPC/calibration_logs/smc_real_20260818_203056.jsonl,1787056926.32,1787056946.32,103,10.905544757843018,0.9589459633111739,10.131196331117387,10.131196331117387,nan,nan
pid_smc_fusion,smc,SMC 第4段,/home/fins/Zhouyuheng_workspace/MPC/calibration_logs/smc_real_20260818_203056.jsonl,1787056926.32,1787056946.32,104,11.006370067596436,0.9602100397762949,10.257603977629493,10.257603977629493,nan,nan
pid_smc_fusion,smc,SMC 第4段,/home/fins/Zhouyuheng_workspace/MPC/calibration_logs/smc_real_20260818_203056.jsonl,1787056926.32,1787056946.32,105,11.206567287445068,0.9568287375575086,9.919473755750863,9.919473755750863,nan,nan
pid_smc_fusion,smc,SMC 第4段,/home/fins/Zhouyuheng_workspace/MPC/calibration_logs/smc_real_20260818_203056.jsonl,1787056926.32,1787056946.32,106,11.356655359268188,0.9525850055713445,9.49510055713445,9.49510055713445,nan,nan
pid_smc_fusion,smc,SMC 第4段,/home/fins/Zhouyuheng_workspace/MPC/calibration_logs/smc_real_20260818_203056.jsonl,1787056926.32,1787056946.32,107,11.454926490783691,0.949642960515341,9.200896051534102,9.200896051534102,nan,nan
pid_smc_fusion,smc,SMC 第4段,/home/fins/Zhouyuheng_workspace/MPC/calibration_logs/smc_real_20260818_203056.jsonl,1787056926.32,1787056946.32,108,11.60657548904419,0.9458275594241171,8.819355942411711,8.819355942411711,nan,nan
pid_smc_fusion,smc,SMC 第4段,/home/fins/Zhouyuheng_workspace/MPC/calibration_logs/smc_real_20260818_203056.jsonl,1787056926.32,1787056946.32,109,11.6555814743042,0.9459341470606718,8.83001470606718,8.83001470606718,nan,nan
pid_smc_fusion,smc,SMC 第4段,/home/fins/Zhouyuheng_workspace/MPC/calibration_logs/smc_real_20260818_203056.jsonl,1787056926.32,1787056946.32,110,11.75647759437561,0.945853414134061,8.821941413406098,8.821941413406098,nan,nan
pid_smc_fusion,smc,SMC 第4段,/home/fins/Zhouyuheng_workspace/MPC/calibration_logs/smc_real_20260818_203056.jsonl,1787056926.32,1787056946.32,111,11.85545539855957,0.9463537605713495,8.871976057134944,8.871976057134944,nan,nan
pid_smc_fusion,smc,SMC 第4段,/home/fins/Zhouyuheng_workspace/MPC/calibration_logs/smc_real_20260818_203056.jsonl,1787056926.32,1787056946.32,112,12.006601572036743,0.9418680599925064,8.423405999250644,8.423405999250644,nan,nan
pid_smc_fusion,smc,SMC 第4段,/home/fins/Zhouyuheng_workspace/MPC/calibration_logs/smc_real_20260818_203056.jsonl,1787056926.32,1787056946.32,113,12.056180000305176,0.9412772754054973,8.364327540549732,8.364327540549732,nan,nan
pid_smc_fusion,smc,SMC 第4段,/home/fins/Zhouyuheng_workspace/MPC/calibration_logs/smc_real_20260818_203056.jsonl,1787056926.32,1787056946.32,114,12.156445026397705,0.9409913205225477,8.335732052254773,8.335732052254773,nan,nan
pid_smc_fusion,smc,SMC 第4段,/home/fins/Zhouyuheng_workspace/MPC/calibration_logs/smc_real_20260818_203056.jsonl,1787056926.32,1787056946.32,115,12.255274057388306,0.9410017830823635,8.336778308236347,8.336778308236347,nan,nan
pid_smc_fusion,smc,SMC 第4段,/home/fins/Zhouyuheng_workspace/MPC/calibration_logs/smc_real_20260818_203056.jsonl,1787056926.32,1787056946.32,116,12.404685735702515,0.9260154666148528,6.838146661485278,6.838146661485278,nan,nan
pid_smc_fusion,smc,SMC 第4段,/home/fins/Zhouyuheng_workspace/MPC/calibration_logs/smc_real_20260818_203056.jsonl,1787056926.32,1787056946.32,117,12.453750371932983,0.918702495394347,6.1068495394347,6.1068495394347,nan,nan
pid_smc_fusion,smc,SMC 第4段,/home/fins/Zhouyuheng_workspace/MPC/calibration_logs/smc_real_20260818_203056.jsonl,1787056926.32,1787056946.32,118,12.553807497024536,0.9148552240613995,5.722122406139951,5.722122406139951,nan,nan
pid_smc_fusion,smc,SMC 第4段,/home/fins/Zhouyuheng_workspace/MPC/calibration_logs/smc_real_20260818_203056.jsonl,1787056926.32,1787056946.32,119,12.6551513671875,0.913505290297015,5.587129029701499,5.587129029701499,nan,nan
pid_smc_fusion,smc,SMC 第4段,/home/fins/Zhouyuheng_workspace/MPC/calibration_logs/smc_real_20260818_203056.jsonl,1787056926.32,1787056946.32,120,12.806488752365112,0.9104501359570092,5.281613595700918,5.281613595700918,nan,nan
pid_smc_fusion,smc,SMC 第4段,/home/fins/Zhouyuheng_workspace/MPC/calibration_logs/smc_real_20260818_203056.jsonl,1787056926.32,1787056946.32,121,12.855624675750732,0.9111011682051507,5.3467168205150735,5.3467168205150735,nan,nan
pid_smc_fusion,smc,SMC 第4段,/home/fins/Zhouyuheng_workspace/MPC/calibration_logs/smc_real_20260818_203056.jsonl,1787056926.32,1787056946.32,122,12.956511974334717,0.9109613818688019,5.332738186880192,5.332738186880192,nan,nan
pid_smc_fusion,smc,SMC 第4段,/home/fins/Zhouyuheng_workspace/MPC/calibration_logs/smc_real_20260818_203056.jsonl,1787056926.32,1787056946.32,123,13.056411027908325,0.9106203723263346,5.298637232633463,5.298637232633463,nan,nan
pid_smc_fusion,smc,SMC 第4段,/home/fins/Zhouyuheng_workspace/MPC/calibration_logs/smc_real_20260818_203056.jsonl,1787056926.32,1787056946.32,124,13.206079721450806,0.9108229350206075,5.318893502060751,5.318893502060751,nan,nan
pid_smc_fusion,smc,SMC 第4段,/home/fins/Zhouyuheng_workspace/MPC/calibration_logs/smc_real_20260818_203056.jsonl,1787056926.32,1787056946.32,125,13.255223274230957,0.9120626208081853,5.442862080818534,5.442862080818534,nan,nan
pid_smc_fusion,smc,SMC 第4段,/home/fins/Zhouyuheng_workspace/MPC/calibration_logs/smc_real_20260818_203056.jsonl,1787056926.32,1787056946.32,126,13.353731870651245,0.9126881823381613,5.505418233816128,5.505418233816128,nan,nan
pid_smc_fusion,smc,SMC 第4段,/home/fins/Zhouyuheng_workspace/MPC/calibration_logs/smc_real_20260818_203056.jsonl,1787056926.32,1787056946.32,127,13.454444169998169,0.9130666749652211,5.543267496522109,5.543267496522109,nan,nan
pid_smc_fusion,smc,SMC 第4段,/home/fins/Zhouyuheng_workspace/MPC/calibration_logs/smc_real_20260818_203056.jsonl,1787056926.32,1787056946.32,128,13.606120109558105,0.9140832974510886,5.644929745108862,5.644929745108862,nan,nan
pid_smc_fusion,smc,SMC 第4段,/home/fins/Zhouyuheng_workspace/MPC/calibration_logs/smc_real_20260818_203056.jsonl,1787056926.32,1787056946.32,129,13.655543088912964,0.9157797499283425,5.814574992834254,5.814574992834254,nan,nan
pid_smc_fusion,smc,SMC 第4段,/home/fins/Zhouyuheng_workspace/MPC/calibration_logs/smc_real_20260818_203056.jsonl,1787056926.32,1787056946.32,130,13.75497055053711,0.9168614103290396,5.922741032903955,5.922741032903955,nan,nan
pid_smc_fusion,smc,SMC 第4段,/home/fins/Zhouyuheng_workspace/MPC/calibration_logs/smc_real_20260818_203056.jsonl,1787056926.32,1787056946.32,131,13.854658842086792,0.9175867839824212,5.995278398242121,5.995278398242121,nan,nan
pid_smc_fusion,smc,SMC 第4段,/home/fins/Zhouyuheng_workspace/MPC/calibration_logs/smc_real_20260818_203056.jsonl,1787056926.32,1787056946.32,132,14.004468202590942,0.9209794682562094,6.334546825620935,6.334546825620935,nan,nan
pid_smc_fusion,smc,SMC 第4段,/home/fins/Zhouyuheng_workspace/MPC/calibration_logs/smc_real_20260818_203056.jsonl,1787056926.32,1787056946.32,133,14.053880214691162,0.9240544333094478,6.64204333094478,6.64204333094478,nan,nan
pid_smc_fusion,smc,SMC 第4段,/home/fins/Zhouyuheng_workspace/MPC/calibration_logs/smc_real_20260818_203056.jsonl,1787056926.32,1787056946.32,134,14.154444932937622,0.9254119353247473,6.77779353247473,6.77779353247473,nan,nan
pid_smc_fusion,smc,SMC 第4段,/home/fins/Zhouyuheng_workspace/MPC/calibration_logs/smc_real_20260818_203056.jsonl,1787056926.32,1787056946.32,135,14.254451513290405,0.9257208913579875,6.808689135798751,6.808689135798751,nan,nan
pid_smc_fusion,smc,SMC 第4段,/home/fins/Zhouyuheng_workspace/MPC/calibration_logs/smc_real_20260818_203056.jsonl,1787056926.32,1787056946.32,136,14.404600620269775,0.923790920230202,6.615692023020204,6.615692023020204,nan,nan
pid_smc_fusion,smc,SMC 第4段,/home/fins/Zhouyuheng_workspace/MPC/calibration_logs/smc_real_20260818_203056.jsonl,1787056926.32,1787056946.32,137,14.454887390136719,0.9229405824471241,6.530658244712406,6.530658244712406,nan,nan
pid_smc_fusion,smc,SMC 第4段,/home/fins/Zhouyuheng_workspace/MPC/calibration_logs/smc_real_20260818_203056.jsonl,1787056926.32,1787056946.32,138,14.554756879806519,0.9216819218582238,6.404792185822384,6.404792185822384,nan,nan
pid_smc_fusion,smc,SMC 第4段,/home/fins/Zhouyuheng_workspace/MPC/calibration_logs/smc_real_20260818_203056.jsonl,1787056926.32,1787056946.32,139,14.654900789260864,0.9208360826927894,6.320208269278938,6.320208269278938,nan,nan
pid_smc_fusion,smc,SMC 第4段,/home/fins/Zhouyuheng_workspace/MPC/calibration_logs/smc_real_20260818_203056.jsonl,1787056926.32,1787056946.32,140,14.804718255996704,0.9207204453555038,6.308644535550378,6.308644535550378,nan,nan
pid_smc_fusion,smc,SMC 第4段,/home/fins/Zhouyuheng_workspace/MPC/calibration_logs/smc_real_20260818_203056.jsonl,1787056926.32,1787056946.32,141,14.854575395584106,0.9220746847507282,6.444068475072817,6.444068475072817,nan,nan
pid_smc_fusion,smc,SMC 第4段,/home/fins/Zhouyuheng_workspace/MPC/calibration_logs/smc_real_20260818_203056.jsonl,1787056926.32,1787056946.32,142,14.955216646194458,0.9227355936998479,6.510159369984791,6.510159369984791,nan,nan
pid_smc_fusion,smc,SMC 第4段,/home/fins/Zhouyuheng_workspace/MPC/calibration_logs/smc_real_20260818_203056.jsonl,1787056926.32,1787056946.32,143,15.054015874862671,0.9233227843019247,6.568878430192471,6.568878430192471,nan,nan
pid_smc_fusion,smc,SMC 第4段,/home/fins/Zhouyuheng_workspace/MPC/calibration_logs/smc_real_20260818_203056.jsonl,1787056926.32,1787056946.32,144,15.255914211273193,0.9250345980561606,6.740059805616061,6.740059805616061,nan,nan
pid_smc_fusion,smc,SMC 第4段,/home/fins/Zhouyuheng_workspace/MPC/calibration_logs/smc_real_20260818_203056.jsonl,1787056926.32,1787056946.32,145,15.404687881469727,0.9264946218878348,6.886062188783482,6.886062188783482,nan,nan
pid_smc_fusion,smc,SMC 第4段,/home/fins/Zhouyuheng_workspace/MPC/calibration_logs/smc_real_20260818_203056.jsonl,1787056926.32,1787056946.32,146,15.505962371826172,0.9275459050772807,6.991190507728073,6.991190507728073,nan,nan
pid_smc_fusion,smc,SMC 第4段,/home/fins/Zhouyuheng_workspace/MPC/calibration_logs/smc_real_20260818_203056.jsonl,1787056926.32,1787056946.32,147,15.653727769851685,0.9081971766837144,5.056317668371435,5.056317668371435,nan,nan
pid_smc_fusion,smc,SMC 第4段,/home/fins/Zhouyuheng_workspace/MPC/calibration_logs/smc_real_20260818_203056.jsonl,1787056926.32,1787056946.32,148,15.703676223754883,0.8977097287279512,4.007572872795118,4.007572872795118,nan,nan
pid_smc_fusion,smc,SMC 第4段,/home/fins/Zhouyuheng_workspace/MPC/calibration_logs/smc_real_20260818_203056.jsonl,1787056926.32,1787056946.32,149,15.803684711456299,0.8924030597072098,3.476905970720978,3.476905970720978,nan,nan
pid_smc_fusion,smc,SMC 第4段,/home/fins/Zhouyuheng_workspace/MPC/calibration_logs/smc_real_20260818_203056.jsonl,1787056926.32,1787056946.32,150,15.903698921203613,0.8906830484216451,3.3049048421645133,3.3049048421645133,nan,nan
pid_smc_fusion,smc,SMC 第4段,/home/fins/Zhouyuheng_workspace/MPC/calibration_logs/smc_real_20260818_203056.jsonl,1787056926.32,1787056946.32,151,16.05381441116333,0.854755907890363,-0.2878092109636965,0.2878092109636965,nan,nan
pid_smc_fusion,smc,SMC 第4段,/home/fins/Zhouyuheng_workspace/MPC/calibration_logs/smc_real_20260818_203056.jsonl,1787056926.32,1787056946.32,152,16.104164123535156,0.8353239137761538,-2.2310086223846226,2.2310086223846226,nan,nan
pid_smc_fusion,smc,SMC 第4段,/home/fins/Zhouyuheng_workspace/MPC/calibration_logs/smc_real_20260818_203056.jsonl,1787056926.32,1787056946.32,153,16.204779386520386,0.8259599262203119,-3.1674073779688117,3.1674073779688117,nan,nan
pid_smc_fusion,smc,SMC 第4段,/home/fins/Zhouyuheng_workspace/MPC/calibration_logs/smc_real_20260818_203056.jsonl,1787056926.32,1787056946.32,154,16.30472707748413,0.8225929432179184,-3.504105678208158,3.504105678208158,nan,nan
pid_smc_fusion,smc,SMC 第4段,/home/fins/Zhouyuheng_workspace/MPC/calibration_logs/smc_real_20260818_203056.jsonl,1787056926.32,1787056946.32,155,16.454949378967285,0.7990669860449431,-5.856701395505692,5.856701395505692,nan,nan
pid_smc_fusion,smc,SMC 第4段,/home/fins/Zhouyuheng_workspace/MPC/calibration_logs/smc_real_20260818_203056.jsonl,1787056926.32,1787056946.32,156,16.503909587860107,0.7866349964857562,-7.099900351424382,7.099900351424382,nan,nan
pid_smc_fusion,smc,SMC 第4段,/home/fins/Zhouyuheng_workspace/MPC/calibration_logs/smc_real_20260818_203056.jsonl,1787056926.32,1787056946.32,157,16.603706121444702,0.7810249305213818,-7.6609069478618235,7.6609069478618235,nan,nan
pid_smc_fusion,smc,SMC 第4段,/home/fins/Zhouyuheng_workspace/MPC/calibration_logs/smc_real_20260818_203056.jsonl,1787056926.32,1787056946.32,158,16.703795671463013,0.7792959170193129,-7.833808298068712,7.833808298068712,nan,nan
pid_smc_fusion,smc,SMC 第4段,/home/fins/Zhouyuheng_workspace/MPC/calibration_logs/smc_real_20260818_203056.jsonl,1787056926.32,1787056946.32,159,16.853809356689453,0.7806716429735049,-7.696235702649512,7.696235702649512,nan,nan
pid_smc_fusion,smc,SMC 第4段,/home/fins/Zhouyuheng_workspace/MPC/calibration_logs/smc_real_20260818_203056.jsonl,1787056926.32,1787056946.32,160,16.90394425392151,0.7799942152343219,-7.763978476567813,7.763978476567813,nan,nan
pid_smc_fusion,smc,SMC 第4段,/home/fins/Zhouyuheng_workspace/MPC/calibration_logs/smc_real_20260818_203056.jsonl,1787056926.32,1787056946.32,161,17.003564834594727,0.7800733016022654,-7.756069839773461,7.756069839773461,nan,nan
pid_smc_fusion,smc,SMC 第4段,/home/fins/Zhouyuheng_workspace/MPC/calibration_logs/smc_real_20260818_203056.jsonl,1787056926.32,1787056946.32,162,17.10389256477356,0.7805734898103586,-7.7060510189641445,7.7060510189641445,nan,nan
pid_smc_fusion,smc,SMC 第4段,/home/fins/Zhouyuheng_workspace/MPC/calibration_logs/smc_real_20260818_203056.jsonl,1787056926.32,1787056946.32,163,17.256503105163574,0.8125476411039225,-4.508635889607748,4.508635889607748,nan,nan
pid_smc_fusion,smc,SMC 第4段,/home/fins/Zhouyuheng_workspace/MPC/calibration_logs/smc_real_20260818_203056.jsonl,1787056926.32,1787056946.32,164,17.304466724395752,0.8287928757055558,-2.8841124294444187,2.8841124294444187,nan,nan
pid_smc_fusion,smc,SMC 第4段,/home/fins/Zhouyuheng_workspace/MPC/calibration_logs/smc_real_20260818_203056.jsonl,1787056926.32,1787056946.32,165,17.404935836791992,0.8371418401534848,-2.04921598465152,2.04921598465152,nan,nan
pid_smc_fusion,smc,SMC 第4段,/home/fins/Zhouyuheng_workspace/MPC/calibration_logs/smc_real_20260818_203056.jsonl,1787056926.32,1787056946.32,166,17.50585627555847,0.8403207271148656,-1.73132728851344,1.73132728851344,nan,nan
pid_smc_fusion,smc,SMC 第4段,/home/fins/Zhouyuheng_workspace/MPC/calibration_logs/smc_real_20260818_203056.jsonl,1787056926.32,1787056946.32,167,17.654325485229492,0.8673106011512264,0.9676601151226372,0.9676601151226372,nan,nan
pid_smc_fusion,smc,SMC 第4段,/home/fins/Zhouyuheng_workspace/MPC/calibration_logs/smc_real_20260818_203056.jsonl,1787056926.32,1787056946.32,168,17.706600666046143,0.8788188433861523,2.118484338615234,2.118484338615234,nan,nan
pid_smc_fusion,smc,SMC 第4段,/home/fins/Zhouyuheng_workspace/MPC/calibration_logs/smc_real_20260818_203056.jsonl,1787056926.32,1787056946.32,169,17.803842544555664,0.8844602927253575,2.6826292725357526,2.6826292725357526,nan,nan
pid_smc_fusion,smc,SMC 第4段,/home/fins/Zhouyuheng_workspace/MPC/calibration_logs/smc_real_20260818_203056.jsonl,1787056926.32,1787056946.32,170,17.905850172042847,0.8856541630837236,2.802016308372357,2.802016308372357,nan,nan
pid_smc_fusion,smc,SMC 第4段,/home/fins/Zhouyuheng_workspace/MPC/calibration_logs/smc_real_20260818_203056.jsonl,1787056926.32,1787056946.32,171,18.906679153442383,0.9342176907727405,7.6583690772740525,7.6583690772740525,nan,nan
pid_smc_fusion,smc,SMC 第4段,/home/fins/Zhouyuheng_workspace/MPC/calibration_logs/smc_real_20260818_203056.jsonl,1787056926.32,1787056946.32,172,19.00673270225525,0.934674473386456,7.704047338645603,7.704047338645603,nan,nan
pid_smc_fusion,smc,SMC 第4段,/home/fins/Zhouyuheng_workspace/MPC/calibration_logs/smc_real_20260818_203056.jsonl,1787056926.32,1787056946.32,173,19.10679030418396,0.9349302080208486,7.729620802084858,7.729620802084858,nan,nan
pid_smc_fusion,smc,SMC 第4段,/home/fins/Zhouyuheng_workspace/MPC/calibration_logs/smc_real_20260818_203056.jsonl,1787056926.32,1787056946.32,174,19.304303884506226,0.9327366595059072,7.510265950590722,7.510265950590722,nan,nan
pid_smc_fusion,smc,SMC 第4段,/home/fins/Zhouyuheng_workspace/MPC/calibration_logs/smc_real_20260818_203056.jsonl,1787056926.32,1787056946.32,175,19.453665256500244,0.9303987024024745,7.276470240247446,7.276470240247446,nan,nan
pid_smc_fusion,smc,SMC 第4段,/home/fins/Zhouyuheng_workspace/MPC/calibration_logs/smc_real_20260818_203056.jsonl,1787056926.32,1787056946.32,176,19.55418562889099,0.9288574017019926,7.1223401701992595,7.1223401701992595,nan,nan
pid_smc_fusion,smc,SMC 第4段,/home/fins/Zhouyuheng_workspace/MPC/calibration_logs/smc_real_20260818_203056.jsonl,1787056926.32,1787056946.32,177,19.70368766784668,0.9247652046973368,6.7131204697336795,6.7131204697336795,nan,nan
pid_smc_fusion,smc,SMC 第4段,/home/fins/Zhouyuheng_workspace/MPC/calibration_logs/smc_real_20260818_203056.jsonl,1787056926.32,1787056946.32,178,19.75394368171692,0.9239006729691049,6.626667296910494,6.626667296910494,nan,nan
pid_smc_fusion,smc,SMC 第4段,/home/fins/Zhouyuheng_workspace/MPC/calibration_logs/smc_real_20260818_203056.jsonl,1787056926.32,1787056946.32,179,19.8567898273468,0.9231592993756733,6.55252993756733,6.55252993756733,nan,nan
pid_smc_fusion,smc,SMC 第4段,/home/fins/Zhouyuheng_workspace/MPC/calibration_logs/smc_real_20260818_203056.jsonl,1787056926.32,1787056946.32,180,19.956340789794922,0.9226298611286641,6.499586112866407,6.499586112866407,nan,nan
pid_smc_fusion,fusion,融合 034641,experimental_auto_20260818_034641.jsonl,1786996001.8310375,1786996021.8310375,0,0.0,nan,2.5643815591610997,2.5643815591610997,0.0,0.01
pid_smc_fusion,fusion,融合 034641,experimental_auto_20260818_034641.jsonl,1786996001.8310375,1786996021.8310375,1,0.09660696983337402,nan,2.777103722313845,2.777103722313845,0.004860634300227662,0.010000000000000002
pid_smc_fusion,fusion,融合 034641,experimental_auto_20260818_034641.jsonl,1786996001.8310375,1786996021.8310375,2,0.29607391357421875,nan,4.4252850223089,4.4252850223089,0.08049212034269337,0.010000000000000004
pid_smc_fusion,fusion,融合 034641,experimental_auto_20260818_034641.jsonl,1786996001.8310375,1786996021.8310375,3,0.3955211639404297,nan,5.330957944152958,5.330957944152958,0.0797072721617063,0.010000000000000004
pid_smc_fusion,fusion,融合 034641,experimental_auto_20260818_034641.jsonl,1786996001.8310375,1786996021.8310375,4,0.49822068214416504,nan,5.75230962980573,5.75230962980573,0.05904145336818116,0.010000000000000004
pid_smc_fusion,fusion,融合 034641,experimental_auto_20260818_034641.jsonl,1786996001.8310375,1786996021.8310375,5,0.6461780071258545,nan,6.624871517085207,6.624871517085207,0.05933073862137558,0.010000000000000004
pid_smc_fusion,fusion,融合 034641,experimental_auto_20260818_034641.jsonl,1786996001.8310375,1786996021.8310375,6,0.6991045475006104,nan,7.0956595745951585,7.0956595745951585,0.04694033674753398,0.010000000000000004
pid_smc_fusion,fusion,融合 034641,experimental_auto_20260818_034641.jsonl,1786996001.8310375,1786996021.8310375,7,0.8000562191009521,nan,7.327439258478218,7.327439258478218,0.032132281446745126,0.34702200000000005
pid_smc_fusion,fusion,融合 034641,experimental_auto_20260818_034641.jsonl,1786996001.8310375,1786996021.8310375,8,0.9012258052825928,nan,7.431172292437727,7.431172292437727,0.01911276419044646,0.61032792078
pid_smc_fusion,fusion,融合 034641,experimental_auto_20260818_034641.jsonl,1786996001.8310375,1786996021.8310375,9,1.0988996028900146,nan,5.612509485119121,5.612509485119121,-0.032250460506111606,0.3644876339413823
pid_smc_fusion,fusion,融合 034641,experimental_auto_20260818_034641.jsonl,1786996001.8310375,1786996021.8310375,10,1.2468445301055908,nan,4.236864337277357,4.236864337277357,-0.05900233152512862,0.21932140296604685
pid_smc_fusion,fusion,融合 034641,experimental_auto_20260818_034641.jsonl,1786996001.8310375,1786996021.8310375,11,1.3465845584869385,nan,3.237788393645291,3.237788393645291,-0.06840320702508157,0.13360219523742103
pid_smc_fusion,fusion,融合 034641,experimental_auto_20260818_034641.jsonl,1786996001.8310375,1786996021.8310375,12,1.4976255893707275,nan,0.7272188888050146,0.7272188888050146,-0.1075943904108772,0.08298586026574477
pid_smc_fusion,fusion,融合 034641,experimental_auto_20260818_034641.jsonl,1786996001.8310375,1786996021.8310375,13,1.5461177825927734,nan,-1.1118227034466521,1.1118227034466521,-0.11870637549983129,0.05309742062831964
pid_smc_fusion,fusion,融合 034641,experimental_auto_20260818_034641.jsonl,1786996001.8310375,1786996021.8310375,14,1.6459524631500244,nan,-2.3698036621113694,2.3698036621113694,-0.11119640540836971,0.03544859590681647
pid_smc_fusion,fusion,融合 034641,experimental_auto_20260818_034641.jsonl,1786996001.8310375,1786996021.8310375,15,1.7465808391571045,nan,-3.152523377122418,3.152523377122418,-0.09305434774787018,0.02502714139701606
pid_smc_fusion,fusion,融合 034641,experimental_auto_20260818_034641.jsonl,1786996001.8310375,1786996021.8310375,16,1.8979268074035645,nan,-5.203621878837983,5.203621878837983,-0.10751859089023116,0.01887337672352402
pid_smc_fusion,fusion,融合 034641,experimental_auto_20260818_034641.jsonl,1786996001.8310375,1786996021.8310375,17,1.9461753368377686,nan,-6.662163331066018,6.662163331066018,-0.10364803357463317,0.0152396402214737
pid_smc_fusion,fusion,融合 034641,experimental_auto_20260818_034641.jsonl,1786996001.8310375,1786996021.8310375,18,2.0461418628692627,nan,-7.642206036717891,7.642206036717891,-0.08887261489226005,0.013093955154378008
pid_smc_fusion,fusion,融合 034641,experimental_auto_20260818_034641.jsonl,1786996001.8310375,1786996021.8310375,19,2.146428346633911,nan,-8.250617058268716,8.250617058268716,-0.06907320178488716,0.01182694957910867
pid_smc_fusion,fusion,融合 034641,experimental_auto_20260818_034641.jsonl,1786996001.8310375,1786996021.8310375,20,2.299726724624634,nan,-8.881203385588032,8.881203385588032,-0.05497322406267295,0.011078795456967879
pid_smc_fusion,fusion,融合 034641,experimental_auto_20260818_034641.jsonl,1786996001.8310375,1786996021.8310375,21,2.3460235595703125,nan,-9.28735142788456,9.28735142788456,-0.03953455365150224,0.010637017929384963
pid_smc_fusion,fusion,融合 034641,experimental_auto_20260818_034641.jsonl,1786996001.8310375,1786996021.8310375,22,2.446274757385254,nan,-9.54372260881664,9.54372260881664,-0.02513219928712996,0.010376152717122528
pid_smc_fusion,fusion,融合 034641,experimental_auto_20260818_034641.jsonl,1786996001.8310375,1786996021.8310375,23,2.546792984008789,nan,-9.704734680596495,9.704734680596495,-0.012856540579752912,0.19664900460701576
pid_smc_fusion,fusion,融合 034641,experimental_auto_20260818_034641.jsonl,1786996001.8310375,1786996021.8310375,24,2.699601173400879,nan,-8.688562942570888,8.688562942570888,0.021670967666321466,0.12021437073039676
pid_smc_fusion,fusion,融合 034641,experimental_auto_20260818_034641.jsonl,1786996001.8310375,1786996021.8310375,25,2.746699333190918,nan,-7.875160845634954,7.875160845634954,0.041268389822290974,0.07508048377259201
pid_smc_fusion,fusion,融合 034641,experimental_auto_20260818_034641.jsonl,1786996001.8310375,1786996021.8310375,26,2.850137948989868,nan,-7.278297947686097,7.278297947686097,0.04933494573885715,0.048429374862877864
pid_smc_fusion,fusion,融合 034641,experimental_auto_20260818_034641.jsonl,1786996001.8310375,1786996021.8310375,27,2.9512267112731934,nan,-6.886718034206007,6.886718034206007,0.049427437801828074,0.03269216156278076
pid_smc_fusion,fusion,融合 034641,experimental_auto_20260818_034641.jsonl,1786996001.8310375,1786996021.8310375,28,3.1032052040100098,nan,-5.362141859378999,5.362141859378999,0.07420170914573483,0.023399494481206415
pid_smc_fusion,fusion,融合 034641,experimental_auto_20260818_034641.jsonl,1786996001.8310375,1786996021.8310375,29,3.1500844955444336,nan,-4.223116144737227,4.223116144737227,0.08183794413752735,0.01791226749620758
pid_smc_fusion,fusion,融合 034641,experimental_auto_20260818_034641.jsonl,1786996001.8310375,1786996021.8310375,30,3.2515618801116943,nan,-3.4422479619806046,3.4422479619806046,0.07716118947598363,0.014672114833835615
pid_smc_fusion,fusion,融合 034641,experimental_auto_20260818_034641.jsonl,1786996001.8310375,1786996021.8310375,31,3.3495914936065674,nan,-2.971130704744507,2.971130704744507,0.06639679475370543,0.012758837088231594
pid_smc_fusion,fusion,融合 034641,experimental_auto_20260818_034641.jsonl,1786996001.8310375,1786996021.8310375,32,3.5022404193878174,nan,-2.864630617873387,2.864630617873387,0.049746134497509815,0.011629065712229873
pid_smc_fusion,fusion,融合 034641,experimental_auto_20260818_034641.jsonl,1786996001.8310375,1786996021.8310375,33,3.5503015518188477,nan,-2.8884578474574263,2.8884578474574263,0.034700938797738896,0.11980145773106554
pid_smc_fusion,fusion,融合 034641,experimental_auto_20260818_034641.jsonl,1786996001.8310375,1786996021.8310375,34,3.653409719467163,nan,-2.986485177992071,2.986485177992071,0.02229318163352694,0.47615646277561696
pid_smc_fusion,fusion,融合 034641,experimental_auto_20260818_034641.jsonl,1786996001.8310375,1786996021.8310375,35,3.7489185333251953,nan,-3.1189496411300754,3.1189496411300754,0.012546010093368226,0.6865805297043741
pid_smc_fusion,fusion,融合 034641,experimental_auto_20260818_034641.jsonl,1786996001.8310375,1786996021.8310375,36,3.9015614986419678,nan,-3.2709243314315017,3.2709243314315017,0.005313182351266941,0.8108338369851359
pid_smc_fusion,fusion,融合 034641,experimental_auto_20260818_034641.jsonl,1786996001.8310375,1786996021.8310375,37,3.950103282928467,nan,-3.408391537484301,3.408391537484301,0.0011008001772269517,0.884204172401353
pid_smc_fusion,fusion,融合 034641,experimental_auto_20260818_034641.jsonl,1786996001.8310375,1786996021.8310375,38,4.0536980628967285,nan,-3.5047169511536858,3.5047169511536858,-0.0011436703556750964,0.9275286217612748
pid_smc_fusion,fusion,融合 034641,experimental_auto_20260818_034641.jsonl,1786996001.8310375,1786996021.8310375,39,4.149484634399414,nan,-3.572883144767991,3.572883144767991,-0.0016694063573174389,0.9531112758638152
pid_smc_fusion,fusion,融合 034641,experimental_auto_20260818_034641.jsonl,1786996001.8310375,1786996021.8310375,40,4.351028919219971,nan,-3.3333895353298892,3.3333895353298892,0.005911268340722779,0.9682175772848242
pid_smc_fusion,fusion,融合 034641,experimental_auto_20260818_034641.jsonl,1786996001.8310375,1786996021.8310375,41,4.502964973449707,nan,-3.0997025964815905,3.0997025964815905,0.01051201595391308,0.9771376972109157
pid_smc_fusion,fusion,融合 034641,experimental_auto_20260818_034641.jsonl,1786996001.8310375,1786996021.8310375,42,4.5997114181518555,nan,-2.917233423821719,2.917233423821719,0.012579290694807376,0.8015445806357098
pid_smc_fusion,fusion,融合 034641,experimental_auto_20260818_034641.jsonl,1786996001.8310375,1786996021.8310375,43,4.7493064403533936,nan,-2.576118136643024,2.576118136643024,0.017620582042364993,0.47739915941958033
pid_smc_fusion,fusion,融合 034641,experimental_auto_20260818_034641.jsonl,1786996001.8310375,1786996021.8310375,44,4.79841685295105,nan,-2.302781654474817,2.302781654474817,0.01999188197728913,0.28599452964566796
pid_smc_fusion,fusion,融合 034641,experimental_auto_20260818_034641.jsonl,1786996001.8310375,1786996021.8310375,45,4.901309967041016,nan,-2.0833125936504215,2.0833125936504215,0.020319129252895113,0.1729720098104705
pid_smc_fusion,fusion,融合 034641,experimental_auto_20260818_034641.jsonl,1786996001.8310375,1786996021.8310375,46,5.004263162612915,nan,-1.9199439182143951,1.9199439182143951,0.019078035633530725,0.10623334207298475
pid_smc_fusion,fusion,融合 034641,experimental_auto_20260818_034641.jsonl,1786996001.8310375,1786996021.8310375,47,5.1530983448028564,nan,-1.6314104786619987,1.6314104786619987,0.021593776717697993,0.06682482616067677
pid_smc_fusion,fusion,融合 034641,experimental_auto_20260818_034641.jsonl,1786996001.8310375,1786996021.8310375,48,5.197355508804321,nan,-1.4143670109537654,1.4143670109537654,0.021691174694170968,0.043554491599618037
pid_smc_fusion,fusion,融合 034641,experimental_auto_20260818_034641.jsonl,1786996001.8310375,1786996021.8310375,49,5.299909830093384,nan,-1.2672143554986581,1.2672143554986581,0.01965613048660551,0.029813591744658453
pid_smc_fusion,fusion,融合 034641,experimental_auto_20260818_034641.jsonl,1786996001.8310375,1786996021.8310375,50,5.400800943374634,nan,-1.177842744763924,1.177842744763924,0.01653082022445366,0.021699727789303375
pid_smc_fusion,fusion,融合 034641,experimental_auto_20260818_034641.jsonl,1786996001.8310375,1786996021.8310375,51,5.552076578140259,nan,-1.3040119106078274,1.3040119106078274,0.009820919136310478,0.1812886293703008
pid_smc_fusion,fusion,融合 034641,experimental_auto_20260818_034641.jsonl,1786996001.8310375,1786996021.8310375,52,5.599617004394531,nan,-1.4187266223995687,1.4187266223995687,0.004528071814872829,0.512464022756869
pid_smc_fusion,fusion,融合 034641,experimental_auto_20260818_034641.jsonl,1786996001.8310375,1786996021.8310375,53,5.70236349105835,nan,-1.5288281001649473,1.5288281001649473,0.0007084630964205199,0.7080197807977036
pid_smc_fusion,fusion,融合 034641,experimental_auto_20260818_034641.jsonl,1786996001.8310375,1786996021.8310375,54,5.850109577178955,nan,-1.6144311936073574,1.6144311936073574,-0.001559256042159121,0.823493500363236
pid_smc_fusion,fusion,融合 034641,experimental_auto_20260818_034641.jsonl,1786996001.8310375,1786996021.8310375,55,6.0030529499053955,nan,-1.5327413749948948,1.5327413749948948,0.0008234310918034332,0.8916795770294872
pid_smc_fusion,fusion,融合 034641,experimental_auto_20260818_034641.jsonl,1786996001.8310375,1786996021.8310375,56,6.1039674282073975,nan,-1.4618266988808526,1.4618266988808526,0.0023262830421009587,0.9319427734401419
pid_smc_fusion,fusion,融合 034641,experimental_auto_20260818_034641.jsonl,1786996001.8310375,1786996021.8310375,57,6.248725414276123,nan,-1.4099707055330035,1.4099707055330035,0.003359475740755077,0.9557177882886693
pid_smc_fusion,fusion,融合 034641,experimental_auto_20260818_034641.jsonl,1786996001.8310375,1786996021.8310375,58,6.402214765548706,nan,-0.6633924589061091,0.6633924589061091,0.019827503534902195,0.5684368968065764
pid_smc_fusion,fusion,融合 034641,experimental_auto_20260818_034641.jsonl,1786996001.8310375,1786996021.8310375,59,6.449039459228516,nan,-0.0320820940437061,0.0320820940437061,0.028884191041810198,0.33975140319531527
pid_smc_fusion,fusion,融合 034641,experimental_auto_20260818_034641.jsonl,1786996001.8310375,1786996021.8310375,60,6.553144931793213,nan,0.4706833858042492,0.4706833858042492,0.03238728042814861,0.20471490607280174
pid_smc_fusion,fusion,融合 034641,experimental_auto_20260818_034641.jsonl,1786996001.8310375,1786996021.8310375,61,6.652239084243774,nan,0.8633234152968905,0.8633234152968905,0.03177936607654538,0.1249772048869287
pid_smc_fusion,fusion,融合 034641,experimental_auto_20260818_034641.jsonl,1786996001.8310375,1786996021.8310375,62,6.800149440765381,nan,1.2157583042406883,1.2157583042406883,0.02937914730921444,0.07789288971368255
pid_smc_fusion,fusion,融合 034641,experimental_auto_20260818_034641.jsonl,1786996001.8310375,1786996021.8310375,63,6.848613023757935,nan,1.4465317333374639,1.4465317333374639,0.02456176430544931,0.05009007244703242
pid_smc_fusion,fusion,融合 034641,experimental_auto_20260818_034641.jsonl,1786996001.8310375,1786996021.8310375,64,6.951928377151489,nan,1.5833372836015713,1.5833372836015713,0.018359238009243547,0.03367278687924818
pid_smc_fusion,fusion,融合 034641,experimental_auto_20260818_034641.jsonl,1786996001.8310375,1786996021.8310375,65,7.053986072540283,nan,1.6497788101976107,1.6497788101976107,0.012627741218078747,0.023978543924327266
pid_smc_fusion,fusion,融合 034641,experimental_auto_20260818_034641.jsonl,1786996001.8310375,1786996021.8310375,66,7.198606967926025,nan,1.7606593331935705,1.7606593331935705,0.00924550774123374,0.17542164309590857
pid_smc_fusion,fusion,融合 034641,experimental_auto_20260818_034641.jsonl,1786996001.8310375,1786996021.8310375,67,7.248142242431641,nan,1.8082011531872388,1.8082011531872388,0.00597705162850995,0.5089996260317031
pid_smc_fusion,fusion,融合 034641,experimental_auto_20260818_034641.jsonl,1786996001.8310375,1786996021.8310375,68,7.351161241531372,nan,1.8194497264689913,1.8194497264689913,0.0031007842731828627,0.7059740891754603
pid_smc_fusion,fusion,融合 034641,experimental_auto_20260818_034641.jsonl,1786996001.8310375,1786996021.8310375,69,7.452078819274902,nan,1.803917349276507,1.803917349276507,0.0005766227313376138,0.8222855399172175
pid_smc_fusion,fusion,融合 034641,experimental_auto_20260818_034641.jsonl,1786996001.8310375,1786996021.8310375,70,7.604311466217041,nan,2.053092111523014,2.053092111523014,0.0052720770542100046,0.5060111804870798
pid_smc_fusion,fusion,融合 034641,experimental_auto_20260818_034641.jsonl,1786996001.8310375,1786996021.8310375,71,7.646928548812866,nan,2.2491370266727206,2.2491370266727206,0.00710523742730974,0.3028896419658158
pid_smc_fusion,fusion,融合 034641,experimental_auto_20260818_034641.jsonl,1786996001.8310375,1786996021.8310375,72,7.749677896499634,nan,2.376007936437985,2.376007936437985,0.006957567358445451,0.1829484046843946
pid_smc_fusion,fusion,融合 034641,experimental_auto_20260818_034641.jsonl,1786996001.8310375,1786996021.8310375,73,7.85138463973999,nan,2.4521421303727364,2.4521421303727364,0.005609996604860253,0.11212430348208818
pid_smc_fusion,fusion,融合 034641,experimental_auto_20260818_034641.jsonl,1786996001.8310375,1786996021.8310375,74,8.003715991973877,nan,2.0164136679543643,2.0164136679543643,-0.006846244807618024,0.07030337996313826
pid_smc_fusion,fusion,融合 034641,experimental_auto_20260818_034641.jsonl,1786996001.8310375,1786996021.8310375,75,8.047353267669678,nan,1.6608990415560076,1.6608990415560076,-0.014307975193067462,0.19771178119724112
pid_smc_fusion,fusion,融合 034641,experimental_auto_20260818_034641.jsonl,1786996001.8310375,1786996021.8310375,76,8.149386644363403,nan,1.3834649860266834,1.3834649860266834,-0.01771924854143363,0.522161729679159
pid_smc_fusion,fusion,融合 034641,experimental_auto_20260818_034641.jsonl,1786996001.8310375,1786996021.8310375,77,8.250628232955933,nan,1.1881662544145688,1.1881662544145688,-0.018071160795489555,0.7137461797582466
pid_smc_fusion,fusion,融合 034641,experimental_auto_20260818_034641.jsonl,1786996001.8310375,1786996021.8310375,78,8.403483629226685,nan,0.3523844443185653,0.3523844443185653,-0.03375019148440739,0.8268748816854471
pid_smc_fusion,fusion,融合 034641,experimental_auto_20260818_034641.jsonl,1786996001.8310375,1786996021.8310375,79,8.449841260910034,nan,-0.3014898040122338,0.3014898040122338,-0.03946189239883771,0.8936762488864396
pid_smc_fusion,fusion,融合 034641,experimental_auto_20260818_034641.jsonl,1786996001.8310375,1786996021.8310375,80,8.550312280654907,nan,-0.7512943991461851,0.7512943991461851,-0.03788728963006153,0.9331217882049537
pid_smc_fusion,fusion,融合 034641,experimental_auto_20260818_034641.jsonl,1786996001.8310375,1786996021.8310375,81,8.650771141052246,nan,-1.0162966314193445,1.0162966314193445,-0.03227958324795661,0.9564139847171432
pid_smc_fusion,fusion,融合 034641,experimental_auto_20260818_034641.jsonl,1786996001.8310375,1786996021.8310375,82,8.80315899848938,nan,-1.332966652837908,1.332966652837908,-0.029316834675321316,0.9701677938356259
pid_smc_fusion,fusion,融合 034641,experimental_auto_20260818_034641.jsonl,1786996001.8310375,1786996021.8310375,83,8.850513219833374,nan,-1.5284752066171858,1.5284752066171858,-0.023995454921352785,0.9782892805819987
pid_smc_fusion,fusion,融合 034641,experimental_auto_20260818_034641.jsonl,1786996001.8310375,1786996021.8310375,84,8.950950384140015,nan,-1.6186045744347455,1.6186045744347455,-0.017841949548940375,0.7898585520420828
pid_smc_fusion,fusion,融合 034641,experimental_auto_20260818_034641.jsonl,1786996001.8310375,1786996021.8310375,85,9.049557447433472,nan,-1.637819506261573,1.637819506261573,-0.011607669766730184,0.4704986763953295
pid_smc_fusion,fusion,融合 034641,experimental_auto_20260818_034641.jsonl,1786996001.8310375,1786996021.8310375,86,9.200334787368774,nan,-1.5742223442471448,1.5742223442471448,-0.005049406497667831,0.2819198634246782
pid_smc_fusion,fusion,融合 034641,experimental_auto_20260818_034641.jsonl,1786996001.8310375,1786996021.8310375,87,9.24855661392212,nan,-1.5129693438954872,1.5129693438954872,4.6709762440623904e-05,0.17056596015363823
pid_smc_fusion,fusion,融合 034641,experimental_auto_20260818_034641.jsonl,1786996001.8310375,1786996021.8310375,88,9.352238178253174,nan,-1.4642214619442817,1.4642214619442817,0.0035465258098619987,0.10481259381112185
pid_smc_fusion,fusion,融合 034641,experimental_auto_20260818_034641.jsonl,1786996001.8310375,1786996021.8310375,89,9.452970266342163,nan,-1.4268420006659066,1.4268420006659066,0.004965451916986594,0.06598588851952936
pid_smc_fusion,fusion,融合 034641,experimental_auto_20260818_034641.jsonl,1786996001.8310375,1786996021.8310375,90,9.602479934692383,nan,-0.7966948800311235,0.7966948800311235,0.01895884749372031,0.043059107311896896
pid_smc_fusion,fusion,融合 034641,experimental_auto_20260818_034641.jsonl,1786996001.8310375,1786996021.8310375,91,9.647660255432129,nan,-0.30833997758193954,0.30833997758193954,0.025516061810464834,0.029521072276602
pid_smc_fusion,fusion,融合 034641,experimental_auto_20260818_034641.jsonl,1786996001.8310375,1786996021.8310375,92,9.74976372718811,nan,0.03165939348408475,0.03165939348408475,0.026473656732771772,0.021526997968610722
pid_smc_fusion,fusion,融合 034641,experimental_auto_20260818_034641.jsonl,1786996001.8310375,1786996021.8310375,93,9.851189613342285,nan,0.24164902610394057,0.24164902610394057,0.023579131756555453,0.01680657703048495
pid_smc_fusion,fusion,融合 034641,experimental_auto_20260818_034641.jsonl,1786996001.8310375,1786996021.8310375,94,10.05441927909851,nan,0.6391188995472641,0.6391188995472641,0.025807821718818066,0.014019215670731063
pid_smc_fusion,fusion,融合 034641,experimental_auto_20260818_034641.jsonl,1786996001.8310375,1786996021.8310375,95,10.149288892745972,nan,0.9222411580803835,0.9222411580803835,0.024346736262149386,0.012373306661409986
pid_smc_fusion,fusion,融合 034641,experimental_auto_20260818_034641.jsonl,1786996001.8310375,1786996021.8310375,96,10.300772190093994,nan,1.1313762192207921,1.1313762192207921,0.020211022590414483,0.011401413850495982
pid_smc_fusion,fusion,融合 034641,experimental_auto_20260818_034641.jsonl,1786996001.8310375,1786996021.8310375,97,10.45315933227539,nan,2.033710689154866,2.033710689154866,0.03258256550781951,0.010827520864579374
pid_smc_fusion,fusion,融合 034641,experimental_auto_20260818_034641.jsonl,1786996001.8310375,1786996021.8310375,98,10.60097861289978,nan,2.6939961907186505,2.6939961907186505,0.03623657415855094,0.010488642795325478
pid_smc_fusion,fusion,融合 034641,experimental_auto_20260818_034641.jsonl,1786996001.8310375,1786996021.8310375,99,10.698629379272461,nan,3.1707381639385357,3.1707381639385357,0.033529961632774774,0.010288538684211743
pid_smc_fusion,fusion,融合 034641,experimental_auto_20260818_034641.jsonl,1786996001.8310375,1786996021.8310375,100,10.85021424293518,nan,2.9862143990419643,2.9862143990419643,0.016178907613732127,0.010170379207640197
pid_smc_fusion,fusion,融合 034641,experimental_auto_20260818_034641.jsonl,1786996001.8310375,1786996021.8310375,101,10.898551940917969,nan,2.7673934114670007,2.7673934114670007,0.0032586690663855833,0.01010060721831946
pid_smc_fusion,fusion,融合 034641,experimental_auto_20260818_034641.jsonl,1786996001.8310375,1786996021.8310375,102,11.001978874206543,nan,2.5662865895481057,2.5662865895481057,-0.005301843551084781,0.010100607218319462
pid_smc_fusion,fusion,融合 034641,experimental_auto_20260818_034641.jsonl,1786996001.8310375,1786996021.8310375,103,11.103092670440674,nan,2.3934623274292965,2.3934623274292965,-0.01014658926634192,0.0100660083959394
pid_smc_fusion,fusion,融合 034641,experimental_auto_20260818_034641.jsonl,1786996001.8310375,1786996021.8310375,104,11.249737739562988,nan,1.1114977305367146,1.1114977305367146,-0.038117872793666914,0.01003897729771826
pid_smc_fusion,fusion,融合 034641,experimental_auto_20260818_034641.jsonl,1786996001.8310375,1786996021.8310375,105,11.297561883926392,nan,0.10413913558591226,0.10413913558591226,-0.05107595189524556,0.010023015704529653
pid_smc_fusion,fusion,融合 034641,experimental_auto_20260818_034641.jsonl,1786996001.8310375,1786996021.8310375,106,11.400789737701416,nan,-0.6452305248355494,0.6452305248355494,-0.05307979041009815,0.010013590543367715
pid_smc_fusion,fusion,融合 034641,experimental_auto_20260818_034641.jsonl,1786996001.8310375,1786996021.8310375,107,11.502300024032593,nan,-1.1644786196503443,1.1644786196503443,-0.04818524224597714,0.010008025079953204
pid_smc_fusion,fusion,融合 034641,experimental_auto_20260818_034641.jsonl,1786996001.8310375,1786996021.8310375,108,11.65409779548645,nan,-2.7477928176314004,2.7477928176314004,-0.06768116459155421,0.01000473872946157
pid_smc_fusion,fusion,融合 034641,experimental_auto_20260818_034641.jsonl,1786996001.8310375,1786996021.8310375,109,11.696781396865845,nan,-3.9136147821360767,3.9136147821360767,-0.07164931524303578,0.010002798172359766
pid_smc_fusion,fusion,融合 034641,experimental_auto_20260818_034641.jsonl,1786996001.8310375,1786996021.8310375,110,11.79886770248413,nan,-4.730147568060882,4.730147568060882,-0.06516056326466606,0.01000165229279672
pid_smc_fusion,fusion,融合 034641,experimental_auto_20260818_034641.jsonl,1786996001.8310375,1786996021.8310375,111,11.897200345993042,nan,-5.249464708836149,5.249464708836149,-0.052859138444191385,0.010000975662373537
pid_smc_fusion,fusion,融合 034641,experimental_auto_20260818_034641.jsonl,1786996001.8310375,1786996021.8310375,112,12.052893877029419,nan,-5.84388540446562,5.84388540446562,-0.04483387297902522,0.010000576118874949
pid_smc_fusion,fusion,融合 034641,experimental_auto_20260818_034641.jsonl,1786996001.8310375,1786996021.8310375,113,12.100151777267456,nan,-6.250538870529631,6.250538870529631,-0.03496834890845916,0.34702237799159386
pid_smc_fusion,fusion,融合 034641,experimental_auto_20260818_034641.jsonl,1786996001.8310375,1786996021.8310375,114,12.2041654586792,nan,-6.540750724819356,6.540750724819356,-0.025494918767493158,0.6103281439802563
pid_smc_fusion,fusion,融合 034641,experimental_auto_20260818_034641.jsonl,1786996001.8310375,1786996021.8310375,115,12.298823595046997,nan,-6.743908228954387,6.743908228954387,-0.017274407940783172,0.7658075657389014
pid_smc_fusion,fusion,融合 034641,experimental_auto_20260818_034641.jsonl,1786996001.8310375,1786996021.8310375,116,12.451273918151855,nan,-6.485068042255982,6.485068042255982,-0.0012884235857688019,0.6920897446769588
pid_smc_fusion,fusion,融合 034641,experimental_auto_20260818_034641.jsonl,1786996001.8310375,1786996021.8310375,117,12.499271631240845,nan,-6.245806220421191,6.245806220421191,0.009264866648034147,0.4127671733342974
pid_smc_fusion,fusion,融合 034641,experimental_auto_20260818_034641.jsonl,1786996001.8310375,1786996021.8310375,118,12.603038787841797,nan,-6.0499884339924925,6.0499884339924925,0.016017432243544717,0.2478299881821693
pid_smc_fusion,fusion,融合 034641,experimental_auto_20260818_034641.jsonl,1786996001.8310375,1786996021.8310375,119,12.703901529312134,nan,-5.907733705281048,5.907733705281048,0.019357812985024814,0.15043622972168916
pid_smc_fusion,fusion,融合 034641,experimental_auto_20260818_034641.jsonl,1786996001.8310375,1786996021.8310375,120,12.84976577758789,nan,-3.335842480297535,3.335842480297535,0.0764789104663336,0.09292618928836024
pid_smc_fusion,fusion,融合 034641,experimental_auto_20260818_034641.jsonl,1786996001.8310375,1786996021.8310375,121,12.898326396942139,nan,-1.3238026810708736,1.3238026810708736,0.10326809321144105,0.05896708551288385
pid_smc_fusion,fusion,融合 034641,experimental_auto_20260818_034641.jsonl,1786996001.8310375,1786996021.8310375,122,13.000445365905762,nan,0.12767789650700578,0.12767789650700578,0.10763656796803482,0.03891457432450279
pid_smc_fusion,fusion,融合 034641,experimental_auto_20260818_034641.jsonl,1786996001.8310375,1786996021.8310375,123,13.10214877128601,nan,1.0785988826838677,1.0785988826838677,0.09767309885249864,0.02707376699287566
pid_smc_fusion,fusion,融合 034641,experimental_auto_20260818_034641.jsonl,1786996001.8310375,1786996021.8310375,124,13.252527952194214,nan,3.1121898695234185,3.1121898695234185,0.11305504660536955,0.020081888671623156
pid_smc_fusion,fusion,融合 034641,experimental_auto_20260818_034641.jsonl,1786996001.8310375,1786996021.8310375,125,13.29719591140747,nan,4.532959527345504,4.532959527345504,0.10864871053057908,0.01595325444170676
pid_smc_fusion,fusion,融合 034641,experimental_auto_20260818_034641.jsonl,1786996001.8310375,1786996021.8310375,126,13.40049695968628,nan,5.43889404211626,5.43889404211626,0.0923033402460341,0.013515337215283425
pid_smc_fusion,fusion,融合 034641,experimental_auto_20260818_034641.jsonl,1786996001.8310375,1786996021.8310375,127,13.501246929168701,nan,5.947679941181539,5.947679941181539,0.07038441793591974,0.012075771472252712
pid_smc_fusion,fusion,融合 034641,experimental_auto_20260818_034641.jsonl,1786996001.8310375,1786996021.8310375,128,13.653311252593994,nan,6.855698279056133,6.855698279056133,0.06311410300566271,0.011225722296650507
pid_smc_fusion,fusion,融合 034641,experimental_auto_20260818_034641.jsonl,1786996001.8310375,1786996021.8310375,129,13.69987440109253,nan,7.431174995981538,7.431174995981538,0.05048484140107598,0.010723776758949165
pid_smc_fusion,fusion,融合 034641,experimental_auto_20260818_034641.jsonl,1786996001.8310375,1786996021.8310375,130,13.801805973052979,nan,7.767508532386014,7.767508532386014,0.03573840442567025,0.010427382938391894
pid_smc_fusion,fusion,融合 034641,experimental_auto_20260818_034641.jsonl,1786996001.8310375,1786996021.8310375,131,13.899479866027832,nan,7.931098971023154,7.931098971023154,0.021346094853078687,0.01025236535129103
pid_smc_fusion,fusion,融合 034641,experimental_auto_20260818_034641.jsonl,1786996001.8310375,1786996021.8310375,132,14.10305905342102,nan,8.308830666759338,8.308830666759338,0.015831923822009555,0.41146881921628387
pid_smc_fusion,fusion,融合 034641,experimental_auto_20260818_034641.jsonl,1786996001.8310375,1786996021.8310375,133,14.251206636428833,nan,8.538134786135053,8.538134786135053,0.010067483222768651,0.6483831230590235
pid_smc_fusion,fusion,融合 034641,experimental_auto_20260818_034641.jsonl,1786996001.8310375,1786996021.8310375,134,14.348555088043213,nan,8.665214610279492,8.665214610279492,0.0044822867065695046,0.7882786503351228
pid_smc_fusion,fusion,融合 034641,experimental_auto_20260818_034641.jsonl,1786996001.8310375,1786996021.8310375,135,14.500689268112183,nan,7.904459931661966,7.904459931661966,-0.019059281212454687,0.7619216585430945
pid_smc_fusion,fusion,融合 034641,experimental_auto_20260818_034641.jsonl,1786996001.8310375,1786996021.8310375,136,14.60146164894104,nan,7.2776896610816095,7.2776896610816095,-0.03248933935748647,0.46688014929353244
pid_smc_fusion,fusion,融合 034641,experimental_auto_20260818_034641.jsonl,1786996001.8310375,1786996021.8310375,137,14.753583908081055,nan,6.799304838480613,6.799304838480613,-0.03877812521315814,0.279783159356338
pid_smc_fusion,fusion,融合 034641,experimental_auto_20260818_034641.jsonl,1786996001.8310375,1786996021.8310375,138,14.899531602859497,nan,5.458883866457298,5.458883866457298,-0.06247645300198698,0.16930425776832408
pid_smc_fusion,fusion,融合 034641,experimental_auto_20260818_034641.jsonl,1786996001.8310375,1786996021.8310375,139,14.947226524353027,nan,4.472882975164061,4.472882975164061,-0.07063929321489049,0.1040675711696177
pid_smc_fusion,fusion,融合 034641,experimental_auto_20260818_034641.jsonl,1786996001.8310375,1786996021.8310375,140,15.05065107345581,nan,3.8144045438347596,3.8144045438347596,-0.06763168040063318,0.06554596009994756
pid_smc_fusion,fusion,融合 034641,experimental_auto_20260818_034641.jsonl,1786996001.8310375,1786996021.8310375,141,15.15086555480957,nan,3.4113052069080885,3.4113052069080885,-0.05859461155694623,0.04279933397941804
pid_smc_fusion,fusion,融合 034641,experimental_auto_20260818_034641.jsonl,1786996001.8310375,1786996021.8310375,142,15.303786277770996,nan,2.422034914363047,2.422034914363047,-0.06456552127536819,0.029367678721506568
pid_smc_fusion,fusion,融合 034641,experimental_auto_20260818_034641.jsonl,1786996001.8310375,1786996021.8310375,143,15.349441766738892,nan,1.7349877133875924,1.7349877133875924,-0.06162779990794596,0.02143642060826242
pid_smc_fusion,fusion,融合 034641,experimental_auto_20260818_034641.jsonl,1786996001.8310375,1786996021.8310375,144,15.450333595275879,nan,1.3064215532745949,1.3064215532745949,-0.053254978091873066,0.01675309200497288
pid_smc_fusion,fusion,融合 034641,experimental_auto_20260818_034641.jsonl,1786996001.8310375,1786996021.8310375,145,15.551384449005127,nan,1.078888768980435,1.078888768980435,-0.04252325952098036,0.01398763329801644
pid_smc_fusion,fusion,融合 034641,experimental_auto_20260818_034641.jsonl,1786996001.8310375,1786996021.8310375,146,15.70171308517456,nan,0.8639574155232865,0.8639574155232865,-0.03419227567309457,0.012354657586145727
pid_smc_fusion,fusion,融合 034641,experimental_auto_20260818_034641.jsonl,1786996001.8310375,1786996021.8310375,147,15.749252080917358,nan,0.7673272427027866,0.7673272427027866,-0.02545008833827199,0.38660348783397425
pid_smc_fusion,fusion,融合 034641,experimental_auto_20260818_034641.jsonl,1786996001.8310375,1786996021.8310375,148,15.8532555103302,nan,0.7396282090052275,0.7396282090052275,-0.01714514929849227,0.6337003935310835
pid_smc_fusion,fusion,融合 034641,experimental_auto_20260818_034641.jsonl,1786996001.8310375,1786996021.8310375,149,15.952065706253052,nan,0.7539257439671987,0.7539257439671987,-0.01022855741807468,0.7796086453761695
pid_smc_fusion,fusion,融合 034641,experimental_auto_20260818_034641.jsonl,1786996001.8310375,1786996021.8310375,150,16.09959626197815,nan,1.5303086886477857,1.5303086886477857,0.01137555896727803,0.8657660090081742
pid_smc_fusion,fusion,融合 034641,experimental_auto_20260818_034641.jsonl,1786996001.8310375,1786996021.8310375,151,16.14807629585266,nan,2.1498968978154287,2.1498968978154287,0.022350791405561527,0.9166410706592367
pid_smc_fusion,fusion,融合 034641,experimental_auto_20260818_034641.jsonl,1786996001.8310375,1786996021.8310375,152,16.251010417938232,nan,2.586695326990529,2.586695326990529,0.025886613026023998,0.9466822858135727
pid_smc_fusion,fusion,融合 034641,experimental_auto_20260818_034641.jsonl,1786996001.8310375,1786996021.8310375,153,16.352429628372192,nan,2.869484912065401,2.869484912065401,0.02393437079048329,0.9644213229500564
pid_smc_fusion,fusion,融合 034641,experimental_auto_20260818_034641.jsonl,1786996001.8310375,1786996021.8310375,154,16.500325918197632,nan,3.578624555255605,3.578624555255605,0.03163691629444593,0.9748960469887787
pid_smc_fusion,fusion,融合 034641,experimental_auto_20260818_034641.jsonl,1786996001.8310375,1786996021.8310375,155,16.546987771987915,nan,4.0800148786109265,4.0800148786109265,0.03185279094350329,0.9810812667864038
pid_smc_fusion,fusion,融合 034641,experimental_auto_20260818_034641.jsonl,1786996001.8310375,1786996021.8310375,156,16.65388321876526,nan,4.402568423457565,4.402568423457565,0.027553709507053156,0.9847335772247036
pid_smc_fusion,fusion,融合 034641,experimental_auto_20260818_034641.jsonl,1786996001.8310375,1786996021.8310375,157,16.750731706619263,nan,4.594547182353126,4.594547182353126,0.021050777895655386,0.9868902300154152
pid_smc_fusion,fusion,融合 034641,experimental_auto_20260818_034641.jsonl,1786996001.8310375,1786996021.8310375,158,16.902751684188843,nan,5.047249517100827,5.047249517100827,0.022160788477963912,0.9881637119218025
pid_smc_fusion,fusion,融合 034641,experimental_auto_20260818_034641.jsonl,1786996001.8310375,1786996021.8310375,159,16.95001482963562,nan,5.358187559676663,5.358187559676663,0.019746684953658104,0.9889156902527052
pid_smc_fusion,fusion,融合 034641,experimental_auto_20260818_034641.jsonl,1786996001.8310375,1786996021.8310375,160,17.048607349395752,nan,5.5631939683259635,5.5631939683259635,0.015424036390572039,0.9893597259373198
pid_smc_fusion,fusion,融合 034641,experimental_auto_20260818_034641.jsonl,1786996001.8310375,1786996021.8310375,161,17.153019428253174,nan,5.689196265109608,5.689196265109608,0.010531613675197324,0.9896219245687279
pid_smc_fusion,fusion,融合 034641,experimental_auto_20260818_034641.jsonl,1786996001.8310375,1786996021.8310375,162,17.297444343566895,nan,5.682969680542671,5.682969680542671,0.003986157337068158,0.989776750238588
pid_smc_fusion,fusion,融合 034641,experimental_auto_20260818_034641.jsonl,1786996001.8310375,1786996021.8310375,163,17.35051918029785,nan,5.650162846715611,5.650162846715611,-0.0010256427976556347,0.9898681732483837
pid_smc_fusion,fusion,融合 034641,experimental_auto_20260818_034641.jsonl,1786996001.8310375,1786996021.8310375,164,17.448381662368774,nan,5.615859164406234,5.615859164406234,-0.004517941425288239,0.9899221576214381
pid_smc_fusion,fusion,融合 034641,experimental_auto_20260818_034641.jsonl,1786996001.8310375,1786996021.8310375,165,17.551740884780884,nan,5.583133514360794,5.583133514360794,-0.006732909797151558,0.9609201141177388
pid_smc_fusion,fusion,融合 034641,experimental_auto_20260818_034641.jsonl,1786996001.8310375,1786996021.8310375,166,17.699475049972534,nan,5.283283770687475,5.283283770687475,-0.01421320650631016,0.841242707764628
pid_smc_fusion,fusion,融合 034641,experimental_auto_20260818_034641.jsonl,1786996001.8310375,1786996021.8310375,167,17.74824595451355,nan,5.03858745167226,5.03858745167226,-0.018285091183313004,0.7245062812102325
pid_smc_fusion,fusion,融合 034641,experimental_auto_20260818_034641.jsonl,1786996001.8310375,1786996021.8310375,168,17.846158504486084,nan,4.840776485470855,4.840776485470855,-0.020075821095252324,0.6091929461970773
pid_smc_fusion,fusion,融合 034641,experimental_auto_20260818_034641.jsonl,1786996001.8310375,1786996021.8310375,169,17.952351808547974,nan,4.689002535991548,4.689002535991548,-0.02025137559142265,0.5182770897983863
pid_smc_fusion,fusion,融合 034641,experimental_auto_20260818_034641.jsonl,1786996001.8310375,1786996021.8310375,170,18.149005889892578,nan,4.436393970578467,4.436393970578467,-0.02251782592784032,0.44921895553846825
pid_smc_fusion,fusion,融合 034641,experimental_auto_20260818_034641.jsonl,1786996001.8310375,1786996021.8310375,171,18.250726222991943,nan,4.247371638173602,4.247371638173602,-0.022497123046374478,0.503929829430065
pid_smc_fusion,fusion,融合 034641,experimental_auto_20260818_034641.jsonl,1786996001.8310375,1786996021.8310375,172,18.35140371322632,nan,4.114636892834067,4.114636892834067,-0.020588835936948786,0.6133052980732057
pid_smc_fusion,fusion,融合 034641,experimental_auto_20260818_034641.jsonl,1786996001.8310375,1786996021.8310375,173,18.549858808517456,nan,3.9430944841061133,3.9430944841061133,-0.019149914997257378,0.7151942539891858
pid_smc_fusion,fusion,融合 034641,experimental_auto_20260818_034641.jsonl,1786996001.8310375,1786996021.8310375,174,18.598253965377808,nan,3.8433294068186297,3.8433294068186297,-0.01633386519851038,0.8115371298258326
pid_smc_fusion,fusion,融合 034641,experimental_auto_20260818_034641.jsonl,1786996001.8310375,1786996021.8310375,175,18.698711156845093,nan,3.7863673068405435,3.7863673068405435,-0.012790145572174396,0.884619459790856
pid_smc_fusion,fusion,融合 034641,experimental_auto_20260818_034641.jsonl,1786996001.8310375,1786996021.8310375,176,18.801822662353516,nan,3.761043522070373,3.761043522070373,-0.009819013652464719,0.9277738448119024
pid_smc_fusion,fusion,融合 034641,experimental_auto_20260818_034641.jsonl,1786996001.8310375,1786996021.8310375,177,18.952982664108276,nan,4.102817702583161,4.102817702583161,0.0017500178983979025,0.9532560776229803
pid_smc_fusion,fusion,融合 034641,experimental_auto_20260818_034641.jsonl,1786996001.8310375,1786996021.8310375,178,19.000197410583496,nan,4.415735933023446,4.415735933023446,0.007472546351974382,0.9683030812755936
pid_smc_fusion,fusion,融合 034641,experimental_auto_20260818_034641.jsonl,1786996001.8310375,1786996021.8310375,179,19.10094690322876,nan,4.645714307441883,4.645714307441883,0.00900516554848425,0.9771881864624253
pid_smc_fusion,fusion,融合 034641,experimental_auto_20260818_034641.jsonl,1786996001.8310375,1786996021.8310375,180,19.197871685028076,nan,4.800550830968908,4.800550830968908,0.007743431793454218,0.9824347522241974
pid_smc_fusion,fusion,融合 034641,experimental_auto_20260818_034641.jsonl,1786996001.8310375,1786996021.8310375,181,19.351840019226074,nan,4.45818719850386,4.45818719850386,-0.005091628668293518,0.9855327968408663
pid_smc_fusion,fusion,融合 034641,experimental_auto_20260818_034641.jsonl,1786996001.8310375,1786996021.8310375,182,19.399672746658325,nan,4.131437819447726,4.131437819447726,-0.013270748546230293,0.9873621612065631
pid_smc_fusion,fusion,融合 034641,experimental_auto_20260818_034641.jsonl,1786996001.8310375,1786996021.8310375,183,19.504082441329956,nan,3.874652848736626,3.874652848736626,-0.017465070344143654,0.6924972337761703
pid_smc_fusion,fusion,融合 034641,experimental_auto_20260818_034641.jsonl,1786996001.8310375,1786996021.8310375,184,19.59904384613037,nan,3.6703844490186266,3.6703844490186266,-0.019845495061659068,0.41300779157249085
pid_smc_fusion,fusion,融合 034641,experimental_auto_20260818_034641.jsonl,1786996001.8310375,1786996021.8310375,185,19.751077890396118,nan,3.757282617211688,3.757282617211688,-0.015524130357761713,0.2479720708456402
pid_smc_fusion,fusion,融合 034641,experimental_auto_20260818_034641.jsonl,1786996001.8310375,1786996021.8310375,186,19.800110578536987,nan,3.823307325521197,3.823307325521197,-0.012341566967155632,0.2708048460095013
pid_smc_fusion,fusion,融合 034641,experimental_auto_20260818_034641.jsonl,1786996001.8310375,1786996021.8310375,187,19.902980089187622,nan,3.886610368427912,3.886610368427912,-0.00936925442190077,0.5613671392737523
pid_smc_fusion,fusion,融合 035124,experimental_auto_20260818_035124.jsonl,1786996284.8211083,1786996304.8211083,0,0.0,nan,-4.443358039503553,4.443358039503553,0.0,0.01
pid_smc_fusion,fusion,融合 035124,experimental_auto_20260818_035124.jsonl,1786996284.8211083,1786996304.8211083,1,0.04515719413757324,nan,-4.414026011928318,4.414026011928318,0.0012780351817271091,0.010000000000000002
pid_smc_fusion,fusion,融合 035124,experimental_auto_20260818_035124.jsonl,1786996284.8211083,1786996304.8211083,2,0.14535045623779297,nan,-4.371582816740471,4.371582816740471,0.004423885873456954,0.010000000000000004
pid_smc_fusion,fusion,融合 035124,experimental_auto_20260818_035124.jsonl,1786996284.8211083,1786996304.8211083,3,0.24566006660461426,nan,-4.31408357209675,4.31408357209675,0.007510610259748527,0.010000000000000004
pid_smc_fusion,fusion,融合 035124,experimental_auto_20260818_035124.jsonl,1786996284.8211083,1786996304.8211083,4,0.3970987796783447,nan,-4.242960898759362,4.242960898759362,0.011737529067753065,0.010000000000000004
pid_smc_fusion,fusion,融合 035124,experimental_auto_20260818_035124.jsonl,1786996284.8211083,1786996304.8211083,5,0.4487729072570801,nan,-4.140086086187289,4.140086086187289,0.013619680104113938,0.010000000000000004
pid_smc_fusion,fusion,融合 035124,experimental_auto_20260818_035124.jsonl,1786996284.8211083,1786996304.8211083,6,0.5496125221252441,nan,-4.062360318329494,4.062360318329494,0.014669409665314196,0.010000000000000004
pid_smc_fusion,fusion,融合 035124,experimental_auto_20260818_035124.jsonl,1786996284.8211083,1786996304.8211083,7,0.6529922485351562,nan,-3.989194359579773,3.989194359579773,0.01503430544179067,0.010000000000000004
pid_smc_fusion,fusion,融合 035124,experimental_auto_20260818_035124.jsonl,1786996284.8211083,1786996304.8211083,8,0.8008270263671875,nan,-4.388903761458152,4.388903761458152,0.00436770534998134,0.4113198
pid_smc_fusion,fusion,融合 035124,experimental_auto_20260818_035124.jsonl,1786996284.8211083,1786996304.8211083,9,0.8495869636535645,nan,-4.68909790003893,4.68909790003893,-0.001813497845918918,0.648295128702
pid_smc_fusion,fusion,融合 035124,experimental_auto_20260818_035124.jsonl,1786996284.8211083,1786996304.8211083,10,0.9523661136627197,nan,-4.928328143740213,4.928328143740213,-0.00440503056754363,0.7882266905472439
pid_smc_fusion,fusion,融合 035124,experimental_auto_20260818_035124.jsonl,1786996284.8211083,1786996304.8211083,11,1.054086446762085,nan,-5.103970973827055,5.103970973827055,-0.0056992774373422934,0.8708548785012421
pid_smc_fusion,fusion,融合 035124,experimental_auto_20260818_035124.jsonl,1786996284.8211083,1786996304.8211083,12,1.247267484664917,nan,-5.640960253191851,5.640960253191851,-0.014082959624317744,0.9196459972061984
pid_smc_fusion,fusion,融合 035124,experimental_auto_20260818_035124.jsonl,1786996284.8211083,1786996304.8211083,13,1.3477489948272705,nan,-6.087860015585367,6.087860015585367,-0.016540045291506877,0.948456664890288
pid_smc_fusion,fusion,融合 035124,experimental_auto_20260818_035124.jsonl,1786996284.8211083,1786996304.8211083,14,1.4475517272949219,nan,-6.405730844339963,6.405730844339963,-0.015361935594752046,0.9654690760510662
pid_smc_fusion,fusion,融合 035124,experimental_auto_20260818_035124.jsonl,1786996284.8211083,1786996304.8211083,15,1.6474528312683105,nan,-6.102697754706721,6.102697754706721,-0.0004676893561581241,0.975514734717394
pid_smc_fusion,fusion,融合 035124,experimental_auto_20260818_035124.jsonl,1786996284.8211083,1786996304.8211083,16,1.7999064922332764,nan,-5.821971796854619,5.821971796854619,0.009379738804016637,0.9814465957032739
pid_smc_fusion,fusion,融合 035124,experimental_auto_20260818_035124.jsonl,1786996284.8211083,1786996304.8211083,17,1.89969801902771,nan,-5.59336292584125,5.59336292584125,0.01508366525626562,0.955838671480586
pid_smc_fusion,fusion,融合 035124,experimental_auto_20260818_035124.jsonl,1786996284.8211083,1786996304.8211083,18,2.047110080718994,nan,-4.754399274021759,4.754399274021759,0.032670921757101956,0.5685082771225712
pid_smc_fusion,fusion,融合 035124,experimental_auto_20260818_035124.jsonl,1786996284.8211083,1786996304.8211083,19,2.0991311073303223,nan,-4.096308142065985,4.096308142065985,0.04154332019158712,0.3397935525581071
pid_smc_fusion,fusion,融合 035124,experimental_auto_20260818_035124.jsonl,1786996284.8211083,1786996304.8211083,20,2.1993563175201416,nan,-3.5991285411860807,3.5991285411860807,0.04523722019322068,0.2047397948500367
pid_smc_fusion,fusion,融合 035124,experimental_auto_20260818_035124.jsonl,1786996284.8211083,1786996304.8211083,21,2.3003249168395996,nan,-3.257736558748525,3.257736558748525,0.04311520383710647,0.12499190146099819
pid_smc_fusion,fusion,融合 035124,experimental_auto_20260818_035124.jsonl,1786996284.8211083,1786996304.8211083,22,2.447486162185669,nan,-2.789871374262809,2.789871374262809,0.04347172033423429,0.07790156789370482
pid_smc_fusion,fusion,融合 035124,experimental_auto_20260818_035124.jsonl,1786996284.8211083,1786996304.8211083,23,2.5018062591552734,nan,-2.4828896672305256,2.4828896672305256,0.03931821165410562,0.05009519682555378
pid_smc_fusion,fusion,融合 035124,experimental_auto_20260818_035124.jsonl,1786996284.8211083,1786996304.8211083,24,2.5998802185058594,nan,-2.3118379086713103,2.3118379086713103,0.03282610412938044,0.17914817514188017
pid_smc_fusion,fusion,融合 035124,experimental_auto_20260818_035124.jsonl,1786996284.8211083,1786996304.8211083,25,2.7004644870758057,nan,-2.2413286153822765,2.2413286153822765,0.02560248830528772,0.5112001059395289
pid_smc_fusion,fusion,融合 035124,experimental_auto_20260818_035124.jsonl,1786996284.8211083,1786996304.8211083,26,2.8475096225738525,nan,-0.8570819988681255,0.8570819988681255,0.049798073282571145,0.3666424418358506
pid_smc_fusion,fusion,融合 035124,experimental_auto_20260818_035124.jsonl,1786996284.8211083,1786996304.8211083,27,2.900371789932251,nan,0.19031270144178603,0.19031270144178603,0.05938554816050379,0.22059379547965147
pid_smc_fusion,fusion,融合 035124,experimental_auto_20260818_035124.jsonl,1786996284.8211083,1786996304.8211083,28,3.0010218620300293,nan,0.9147942312887514,0.9147942312887514,0.05807894537301251,0.1343535302927794
pid_smc_fusion,fusion,融合 035124,experimental_auto_20260818_035124.jsonl,1786996284.8211083,1786996304.8211083,29,3.099363327026367,nan,1.3566507496320268,1.3566507496320268,0.05035685861830023,0.08342951610258333
pid_smc_fusion,fusion,融合 035124,experimental_auto_20260818_035124.jsonl,1786996284.8211083,1786996304.8211083,30,3.2471511363983154,nan,2.324540907859751,2.324540907859751,0.05547737289305593,0.05335939496341443
pid_smc_fusion,fusion,融合 035124,experimental_auto_20260818_035124.jsonl,1786996284.8211083,1786996304.8211083,31,3.300661563873291,nan,3.012002476016351,3.012002476016351,0.05229836924250862,0.03560328913194659
pid_smc_fusion,fusion,融合 035124,experimental_auto_20260818_035124.jsonl,1786996284.8211083,1786996304.8211083,32,3.3993422985076904,nan,3.477700143657292,3.477700143657292,0.044320491599305914,0.025118486199523147
pid_smc_fusion,fusion,融合 035124,experimental_auto_20260818_035124.jsonl,1786996284.8211083,1786996304.8211083,33,3.4972949028015137,nan,3.769186768220001,3.769186768220001,0.03424080591796274,0.01892731491595643
pid_smc_fusion,fusion,融合 035124,experimental_auto_20260818_035124.jsonl,1786996284.8211083,1786996304.8211083,34,3.6487927436828613,nan,4.665061738657172,4.665061738657172,0.040438087174803884,0.015271490184723117
pid_smc_fusion,fusion,融合 035124,experimental_auto_20260818_035124.jsonl,1786996284.8211083,1786996304.8211083,35,3.697951316833496,nan,5.390601981977605,5.390601981977605,0.040870628397897166,0.013112762239177154
pid_smc_fusion,fusion,融合 035124,experimental_auto_20260818_035124.jsonl,1786996284.8211083,1786996304.8211083,36,3.7992985248565674,nan,5.956662885921437,5.956662885921437,0.037074398074792014,0.011838054974611718
pid_smc_fusion,fusion,融合 035124,experimental_auto_20260818_035124.jsonl,1786996284.8211083,1786996304.8211083,37,3.8996217250823975,nan,6.39303779186402,6.39303779186402,0.03104512292797323,0.2766653530819585
pid_smc_fusion,fusion,融合 035124,experimental_auto_20260818_035124.jsonl,1786996284.8211083,1786996304.8211083,38,4.047980070114136,nan,6.853073039247426,6.853073039247426,0.02729797069538417,0.5687830243413656
pid_smc_fusion,fusion,融合 035124,experimental_auto_20260818_035124.jsonl,1786996284.8211083,1786996304.8211083,39,4.099685192108154,nan,7.1932444731972245,7.1932444731972245,0.022204676633663652,0.7412755880433329
pid_smc_fusion,fusion,融合 035124,experimental_auto_20260818_035124.jsonl,1786996284.8211083,1786996304.8211083,40,4.197758436203003,nan,7.447952653002698,7.447952653002698,0.016734022817587325,0.8431307219837076
pid_smc_fusion,fusion,融合 035124,experimental_auto_20260818_035124.jsonl,1786996284.8211083,1786996304.8211083,41,4.298056125640869,nan,7.638480142181459,7.638480142181459,0.011461899535517017,0.9032751600241595
pid_smc_fusion,fusion,融合 035124,experimental_auto_20260818_035124.jsonl,1786996284.8211083,1786996304.8211083,42,4.4496355056762695,nan,5.989875195759997,5.989875195759997,-0.03376858166209576,0.6371116193712494
pid_smc_fusion,fusion,融合 035124,experimental_auto_20260818_035124.jsonl,1786996284.8211083,1786996304.8211083,43,4.499169826507568,nan,4.640821452884314,4.640821452884314,-0.06125470093796695,0.38030314012252914
pid_smc_fusion,fusion,融合 035124,experimental_auto_20260818_035124.jsonl,1786996284.8211083,1786996304.8211083,44,4.597258806228638,nan,3.6240763097500572,3.6240763097500572,-0.07168673788409748,0.22866030121095224
pid_smc_fusion,fusion,融合 035124,experimental_auto_20260818_035124.jsonl,1786996284.8211083,1786996304.8211083,45,4.698174715042114,nan,2.922775452398252,2.922775452398252,-0.07016962379030493,0.1391167212620552
pid_smc_fusion,fusion,融合 035124,experimental_auto_20260818_035124.jsonl,1786996284.8211083,1786996304.8211083,46,4.848829030990601,nan,1.464432880513944,1.464432880513944,-0.08460625580174827,0.08624213273803101
pid_smc_fusion,fusion,融合 035124,experimental_auto_20260818_035124.jsonl,1786996284.8211083,1786996304.8211083,47,4.899001121520996,nan,0.3870895280672415,0.3870895280672415,-0.08442286199870505,0.055020216960479935
pid_smc_fusion,fusion,融合 035124,experimental_auto_20260818_035124.jsonl,1786996284.8211083,1786996304.8211083,48,4.998600244522095,nan,-0.33858291257102824,0.33858291257102824,-0.07588719576294783,0.036583987912993804
pid_smc_fusion,fusion,融合 035124,experimental_auto_20260818_035124.jsonl,1786996284.8211083,1786996304.8211083,49,5.097248077392578,nan,-0.7753141308681655,0.7753141308681655,-0.06279701671138699,0.02569757902274372
pid_smc_fusion,fusion,融合 035124,experimental_auto_20260818_035124.jsonl,1786996284.8211083,1786996304.8211083,50,5.298219442367554,nan,-2.5490199789235946,2.5490199789235946,-0.0823441017694874,0.019269263437139944
pid_smc_fusion,fusion,融合 035124,experimental_auto_20260818_035124.jsonl,1786996284.8211083,1786996304.8211083,51,5.397233963012695,nan,-3.871543551957979,3.871543551957979,-0.08543107603141521,0.015473407366996768
pid_smc_fusion,fusion,融合 035124,experimental_auto_20260818_035124.jsonl,1786996284.8211083,1786996304.8211083,52,5.497435569763184,nan,-4.80335355272744,4.80335355272744,-0.07759799997142666,0.013231992316137923
pid_smc_fusion,fusion,融合 035124,experimental_auto_20260818_035124.jsonl,1786996284.8211083,1786996304.8211083,53,5.698840379714966,nan,-5.8110173893165085,5.8110173893165085,-0.07238437162040724,0.011908459142756282
pid_smc_fusion,fusion,融合 035124,experimental_auto_20260818_035124.jsonl,1786996284.8211083,1786996304.8211083,54,5.749496221542358,nan,-6.519769374167172,6.519769374167172,-0.06188742009643414,0.011126926039206158
pid_smc_fusion,fusion,融合 035124,experimental_auto_20260818_035124.jsonl,1786996284.8211083,1786996304.8211083,55,5.84833288192749,nan,-7.001668003774197,7.001668003774197,-0.04817584348533689,0.010665438556890845
pid_smc_fusion,fusion,融合 035124,experimental_auto_20260818_035124.jsonl,1786996284.8211083,1786996304.8211083,56,5.948855638504028,nan,-7.328259644295954,7.328259644295954,-0.03433776055598668,0.010392934813458477
pid_smc_fusion,fusion,融合 035124,experimental_auto_20260818_035124.jsonl,1786996284.8211083,1786996304.8211083,57,6.097317934036255,nan,-7.31428552496598,7.31428552496598,-0.016470208629183528,0.0102320240779991
pid_smc_fusion,fusion,融合 035124,experimental_auto_20260818_035124.jsonl,1786996284.8211083,1786996304.8211083,58,6.150428295135498,nan,-7.26885341183463,7.26885341183463,-0.003710100623824437,0.010137007897817692
pid_smc_fusion,fusion,融合 035124,experimental_auto_20260818_035124.jsonl,1786996284.8211083,1786996304.8211083,59,6.250276565551758,nan,-7.240174703321767,7.240174703321767,0.004662001557902739,0.01008090179358237
pid_smc_fusion,fusion,融合 035124,experimental_auto_20260818_035124.jsonl,1786996284.8211083,1786996304.8211083,60,6.3517327308654785,nan,-7.235394695693175,7.235394695693175,0.009554094918869232,0.010047771700092457
pid_smc_fusion,fusion,融合 035124,experimental_auto_20260818_035124.jsonl,1786996284.8211083,1786996304.8211083,61,6.497198104858398,nan,-6.076975579804622,6.076975579804622,0.03869545046483904,0.010028208711187599
pid_smc_fusion,fusion,融合 035124,experimental_auto_20260818_035124.jsonl,1786996284.8211083,1786996304.8211083,62,6.550977945327759,nan,-5.162853507865572,5.162853507865572,0.053110079017850836,0.010016656961869166
pid_smc_fusion,fusion,融合 035124,experimental_auto_20260818_035124.jsonl,1786996284.8211083,1786996304.8211083,63,6.650147438049316,nan,-4.500121612740104,4.500121612740104,0.05652751587497481,0.010009835769414128
pid_smc_fusion,fusion,融合 035124,experimental_auto_20260818_035124.jsonl,1786996284.8211083,1786996304.8211083,64,6.749818325042725,nan,-4.064083760753723,4.064083760753723,0.052533206606643554,0.010005807923481352
pid_smc_fusion,fusion,融合 035124,experimental_auto_20260818_035124.jsonl,1786996284.8211083,1786996304.8211083,65,6.8974244594573975,nan,-1.9715895115874793,1.9715895115874793,0.08644418634196592,0.010003429520736507
pid_smc_fusion,fusion,融合 035124,experimental_auto_20260818_035124.jsonl,1786996284.8211083,1786996304.8211083,66,6.950562000274658,nan,-0.39723163940212913,0.39723163940212913,0.09809738316759012,0.010002025097699704
pid_smc_fusion,fusion,融合 035124,experimental_auto_20260818_035124.jsonl,1786996284.8211083,1786996304.8211083,67,7.049255132675171,nan,0.7154083917462417,0.7154083917462417,0.0935103624440351,0.010001195799940698
pid_smc_fusion,fusion,融合 035124,experimental_auto_20260818_035124.jsonl,1786996284.8211083,1786996304.8211083,68,7.150449991226196,nan,1.3748345215054747,1.3748345215054747,0.08000710711402709,0.010000706107906984
pid_smc_fusion,fusion,融合 035124,experimental_auto_20260818_035124.jsonl,1786996284.8211083,1786996304.8211083,69,7.2971742153167725,nan,2.9512427089244286,2.9512427089244286,0.08916513101132284,0.010000416949658
pid_smc_fusion,fusion,融合 035124,experimental_auto_20260818_035124.jsonl,1786996284.8211083,1786996304.8211083,70,7.350232124328613,nan,4.030189905119119,4.030189905119119,0.08378053590028905,0.010000246204603554
pid_smc_fusion,fusion,融合 035124,experimental_auto_20260818_035124.jsonl,1786996284.8211083,1786996304.8211083,71,7.450811862945557,nan,4.714866268585627,4.714866268585627,0.06999118398710713,0.010000145381356355
pid_smc_fusion,fusion,融合 035124,experimental_auto_20260818_035124.jsonl,1786996284.8211083,1786996304.8211083,72,7.550803899765015,nan,5.095748368153663,5.095748368153663,0.05268366599190189,0.010000085846237114
pid_smc_fusion,fusion,融合 035124,experimental_auto_20260818_035124.jsonl,1786996284.8211083,1786996304.8211083,73,7.697478771209717,nan,5.406022377362096,5.406022377362096,0.0385188619852688,0.010000050691344558
pid_smc_fusion,fusion,融合 035124,experimental_auto_20260818_035124.jsonl,1786996284.8211083,1786996304.8211083,74,7.750530004501343,nan,5.590703497353933,5.590703497353933,0.025912529829020887,0.010000029932732048
pid_smc_fusion,fusion,融合 035124,experimental_auto_20260818_035124.jsonl,1786996284.8211083,1786996304.8211083,75,7.851662874221802,nan,5.703822399222258,5.703822399222258,0.015556856058796484,0.010000017674978948
pid_smc_fusion,fusion,融合 035124,experimental_auto_20260818_035124.jsonl,1786996284.8211083,1786996304.8211083,76,7.952591419219971,nan,5.785718960461406,5.785718960461406,0.0078051940009751485,0.01000001043689832
pid_smc_fusion,fusion,融合 035124,experimental_auto_20260818_035124.jsonl,1786996284.8211083,1786996304.8211083,77,8.097261667251587,nan,5.28768561716576,5.28768561716576,-0.010570564022092808,0.010000006162884094
pid_smc_fusion,fusion,融合 035124,experimental_auto_20260818_035124.jsonl,1786996284.8211083,1786996304.8211083,78,8.14961862564087,nan,4.908810692277276,4.908810692277276,-0.020620952654972744,0.01000000363912143
pid_smc_fusion,fusion,融合 035124,experimental_auto_20260818_035124.jsonl,1786996284.8211083,1786996304.8211083,79,8.250545501708984,nan,4.657299004545035,4.657299004545035,-0.02432714448706027,0.010000002148864817
pid_smc_fusion,fusion,融合 035124,experimental_auto_20260818_035124.jsonl,1786996284.8211083,1786996304.8211083,80,8.350794076919556,nan,4.523673304430009,4.523673304430009,-0.023832807532446303,0.010000001268883188
pid_smc_fusion,fusion,融合 035124,experimental_auto_20260818_035124.jsonl,1786996284.8211083,1786996304.8211083,81,8.49744462966919,nan,4.15123492711591,4.15123492711591,-0.028783901167451637,0.010000000749262834
pid_smc_fusion,fusion,融合 035124,experimental_auto_20260818_035124.jsonl,1786996284.8211083,1786996304.8211083,82,8.549965620040894,nan,3.8974324952761763,3.8974324952761763,-0.02900751089909088,0.010000000442432211
pid_smc_fusion,fusion,融合 035124,experimental_auto_20260818_035124.jsonl,1786996284.8211083,1786996304.8211083,83,8.650468587875366,nan,3.7681937996187242,3.7681937996187242,-0.026294396802155603,0.010000000261251796
pid_smc_fusion,fusion,融合 035124,experimental_auto_20260818_035124.jsonl,1786996284.8211083,1786996304.8211083,84,8.751336336135864,nan,3.710924550142247,3.710924550142247,-0.022081538149949557,0.23845602391027687
pid_smc_fusion,fusion,融合 035124,experimental_auto_20260818_035124.jsonl,1786996284.8211083,1786996304.8211083,85,8.95554256439209,nan,3.9036921384613676,3.9036921384613676,-0.012965572839109008,0.5462207975587794
pid_smc_fusion,fusion,融合 035124,experimental_auto_20260818_035124.jsonl,1786996284.8211083,1786996304.8211083,86,9.050239086151123,nan,4.097061828715187,4.097061828715187,-0.006692412595420096,0.7279528187504836
pid_smc_fusion,fusion,融合 035124,experimental_auto_20260818_035124.jsonl,1786996284.8211083,1786996304.8211083,87,9.199925661087036,nan,4.252943002379583,4.252943002379583,-0.002653074508945889,0.8352637599439731
pid_smc_fusion,fusion,融合 035124,experimental_auto_20260818_035124.jsonl,1786996284.8211083,1786996304.8211083,88,9.35413908958435,nan,4.59633101294904,4.59633101294904,0.004519289197966016,0.8986297976093167
pid_smc_fusion,fusion,融合 035124,experimental_auto_20260818_035124.jsonl,1786996284.8211083,1786996304.8211083,89,9.455193281173706,nan,4.852040160283943,4.852040160283943,0.0072199781244381015,0.9360468091903253
pid_smc_fusion,fusion,融合 035124,experimental_auto_20260818_035124.jsonl,1786996284.8211083,1786996304.8211083,90,9.599006652832031,nan,5.016877983010726,5.016877983010726,0.006889176611251635,0.9581411803587953
pid_smc_fusion,fusion,融合 035124,experimental_auto_20260818_035124.jsonl,1786996284.8211083,1786996304.8211083,91,9.752930402755737,nan,5.084369004827083,5.084369004827083,0.004299529492013286,0.9711876855900651
pid_smc_fusion,fusion,融合 035124,experimental_auto_20260818_035124.jsonl,1786996284.8211083,1786996304.8211083,92,9.801060914993286,nan,5.101643449545945,5.101643449545945,0.0014028104092767381,0.9788915164640776
pid_smc_fusion,fusion,融合 035124,experimental_auto_20260818_035124.jsonl,1786996284.8211083,1786996304.8211083,93,9.854525327682495,nan,5.0815844625225814,5.0815844625225814,-0.00163606918339066,0.9834405515568732
pid_smc_fusion,fusion,融合 035124,experimental_auto_20260818_035124.jsonl,1786996284.8211083,1786996304.8211083,94,10.002740859985352,nan,5.030618629143557,5.030618629143557,-0.004138677048638018,0.986126711288818
pid_smc_fusion,fusion,融合 035124,experimental_auto_20260818_035124.jsonl,1786996284.8211083,1786996304.8211083,95,10.149714231491089,nan,4.240290336140228,4.240290336140228,-0.022574078826502867,0.7505607256045813
pid_smc_fusion,fusion,融合 035124,experimental_auto_20260818_035124.jsonl,1786996284.8211083,1786996304.8211083,96,10.198680400848389,nan,3.6049116841087026,3.6049116841087026,-0.03369790240416368,0.44729370286224923
pid_smc_fusion,fusion,融合 035124,experimental_auto_20260818_035124.jsonl,1786996284.8211083,1786996304.8211083,97,10.299971580505371,nan,3.1235858303592545,3.1235858303592545,-0.0376311270812698,0.2682175586031296
pid_smc_fusion,fusion,融合 035124,experimental_auto_20260818_035124.jsonl,1786996284.8211083,1786996304.8211083,98,10.400525093078613,nan,2.7889290459103044,2.7889290459103044,-0.03647080910110816,0.16247488617956204
pid_smc_fusion,fusion,融合 035124,experimental_auto_20260818_035124.jsonl,1786996284.8211083,1786996304.8211083,99,10.55520749092102,nan,1.5829335724293236,1.5829335724293236,-0.054444256660417384,0.10003489554016962
pid_smc_fusion,fusion,融合 035124,experimental_auto_20260818_035124.jsonl,1786996284.8211083,1786996304.8211083,100,10.602569341659546,nan,0.6947034891934489,0.6947034891934489,-0.06118913339634357,0.06316470546751476
pid_smc_fusion,fusion,融合 035124,experimental_auto_20260818_035124.jsonl,1786996284.8211083,1786996304.8211083,101,10.703780174255371,nan,0.09740183721707041,0.09740183721707041,-0.057988710528467005,0.0413932269315128
pid_smc_fusion,fusion,融合 035124,experimental_auto_20260818_035124.jsonl,1786996284.8211083,1786996304.8211083,102,10.801098346710205,nan,-0.2656093824121797,0.2656093824121797,-0.04900245986518462,0.028537386570789
pid_smc_fusion,fusion,融合 035124,experimental_auto_20260818_035124.jsonl,1786996284.8211083,1786996304.8211083,103,10.953514575958252,nan,-1.844474495375592,1.844474495375592,-0.06905588996007488,0.0209461413961852
pid_smc_fusion,fusion,融合 035124,experimental_auto_20260818_035124.jsonl,1786996284.8211083,1786996304.8211083,104,11.004039764404297,nan,-2.979223533015718,2.979223533015718,-0.07431544469105322,0.016463587033033404
pid_smc_fusion,fusion,融合 035124,experimental_auto_20260818_035124.jsonl,1786996284.8211083,1786996304.8211083,105,11.103286266326904,nan,-3.72667811981352,3.72667811981352,-0.06775175223718083,0.013816683507135896
pid_smc_fusion,fusion,融合 035124,experimental_auto_20260818_035124.jsonl,1786996284.8211083,1786996304.8211083,106,11.199391841888428,nan,-4.161451108461012,4.161451108461012,-0.05455329940360576,0.012253713444128678
pid_smc_fusion,fusion,融合 035124,experimental_auto_20260818_035124.jsonl,1786996284.8211083,1786996304.8211083,107,11.351731538772583,nan,-4.321255821816883,4.321255821816883,-0.03806562658989567,0.011330795251623543
pid_smc_fusion,fusion,融合 035124,experimental_auto_20260818_035124.jsonl,1786996284.8211083,1786996304.8211083,108,11.399561882019043,nan,-4.332541480597407,4.332541480597407,-0.02231105150902541,0.010785821288131187
pid_smc_fusion,fusion,融合 035124,experimental_auto_20260818_035124.jsonl,1786996284.8211083,1786996304.8211083,109,11.503295421600342,nan,-4.2637299652724,4.2637299652724,-0.009298311024132967,0.3565253628706956
pid_smc_fusion,fusion,融合 035124,experimental_auto_20260818_035124.jsonl,1786996284.8211083,1786996304.8211083,110,11.604454040527344,nan,-4.164486754823738,4.164486754823738,0.00014742479933606278,0.6159395615215171
pid_smc_fusion,fusion,融合 035124,experimental_auto_20260818_035124.jsonl,1786996284.8211083,1786996304.8211083,111,11.74971318244934,nan,-3.479676734892434,3.479676734892434,0.019609317420634587,0.7691210516828406
pid_smc_fusion,fusion,融合 035124,experimental_auto_20260818_035124.jsonl,1786996284.8211083,1786996304.8211083,112,11.800188779830933,nan,-2.926938372084753,2.926938372084753,0.030482601034734838,0.5225511898082006
pid_smc_fusion,fusion,融合 035124,experimental_auto_20260818_035124.jsonl,1786996284.8211083,1786996304.8211083,113,11.90178394317627,nan,-2.536721317465751,2.536721317465751,0.03388848778096345,0.31265635206984443
pid_smc_fusion,fusion,融合 035124,experimental_auto_20260818_035124.jsonl,1786996284.8211083,1786996304.8211083,114,12.002533674240112,nan,-2.264286201624577,2.264286201624577,0.03251592919209448,0.18871554933372248
pid_smc_fusion,fusion,融合 035124,experimental_auto_20260818_035124.jsonl,1786996284.8211083,1786996304.8211083,115,12.155069828033447,nan,-1.323225105409842,1.323225105409842,0.046625429002144024,0.11552974472606982
pid_smc_fusion,fusion,融合 035124,experimental_auto_20260818_035124.jsonl,1786996284.8211083,1786996304.8211083,116,12.200379610061646,nan,-0.6142967594439552,0.6142967594439552,0.051820604669883606,0.07231425896329699
pid_smc_fusion,fusion,融合 035124,experimental_auto_20260818_035124.jsonl,1786996284.8211083,1786996304.8211083,117,12.299288749694824,nan,-0.13356122431946726,0.13356122431946726,0.04880696110196736,0.046795946775237254
pid_smc_fusion,fusion,融合 035124,experimental_auto_20260818_035124.jsonl,1786996284.8211083,1786996304.8211083,118,12.401443719863892,nan,0.15515905646364958,0.15515905646364958,0.04141324667390926,0.03172763861130985
pid_smc_fusion,fusion,融合 035124,experimental_auto_20260818_035124.jsonl,1786996284.8211083,1786996304.8211083,119,12.603554248809814,nan,0.18961987729043672,0.18961987729043672,0.02957294689535567,0.022829953323592358
pid_smc_fusion,fusion,融合 035124,experimental_auto_20260818_035124.jsonl,1786996284.8211083,1786996304.8211083,120,12.703858375549316,nan,0.14910930995548632,0.14910930995548632,0.01902753440283297,0.21290555435602287
pid_smc_fusion,fusion,融合 035124,experimental_auto_20260818_035124.jsonl,1786996284.8211083,1786996304.8211083,121,12.799832105636597,nan,0.06125408904117391,0.06125408904117391,0.010488549238002444,0.531133500791688
pid_smc_fusion,fusion,融合 035124,experimental_auto_20260818_035124.jsonl,1786996284.8211083,1786996304.8211083,122,12.95098066329956,nan,-0.7005646071113758,0.7005646071113758,-0.01061488397611611,0.7190439208824838
pid_smc_fusion,fusion,融合 035124,experimental_auto_20260818_035124.jsonl,1786996284.8211083,1786996304.8211083,123,12.999666452407837,nan,-1.3216557100345638,1.3216557100345638,-0.023532217131396027,0.8300031448418977
pid_smc_fusion,fusion,融合 035124,experimental_auto_20260818_035124.jsonl,1786996284.8211083,1786996304.8211083,124,13.107486963272095,nan,-1.7840430487967018,1.7840430487967018,-0.0284331028666982,0.8955234569976921
pid_smc_fusion,fusion,融合 035124,experimental_auto_20260818_035124.jsonl,1786996284.8211083,1786996304.8211083,125,13.20420789718628,nan,-2.092404062731734,2.092404062731734,-0.027381492139082624,0.9342125461225671
pid_smc_fusion,fusion,融合 035124,experimental_auto_20260818_035124.jsonl,1786996284.8211083,1786996304.8211083,126,13.398882389068604,nan,-2.627693644277207,2.627693644277207,-0.0314078387412641,0.9570580663599146
pid_smc_fusion,fusion,融合 035124,experimental_auto_20260818_035124.jsonl,1786996284.8211083,1786996304.8211083,127,13.499737024307251,nan,-3.0227855456180452,3.0227855456180452,-0.029844327175799403,0.9705481176048659
pid_smc_fusion,fusion,融合 035124,experimental_auto_20260818_035124.jsonl,1786996284.8211083,1786996304.8211083,128,13.601173162460327,nan,-3.2684728030258348,3.2684728030258348,-0.025190906820828814,0.9785138579644972
pid_smc_fusion,fusion,融合 035124,experimental_auto_20260818_035124.jsonl,1786996284.8211083,1786996304.8211083,129,13.801337003707886,nan,-3.0191753920807973,3.0191753920807973,-0.010562460019405752,0.9832175479894559
pid_smc_fusion,fusion,融合 035124,experimental_auto_20260818_035124.jsonl,1786996284.8211083,1786996304.8211083,130,13.947047710418701,nan,-2.7926473704874777,2.7926473704874777,-0.00019682974293414035,0.8839385255812927
pid_smc_fusion,fusion,融合 035124,experimental_auto_20260818_035124.jsonl,1786996284.8211083,1786996304.8211083,131,14.04719352722168,nan,-2.594506680212827,2.594506680212827,0.006576772172513918,0.5260519599704977
pid_smc_fusion,fusion,融合 035124,experimental_auto_20260818_035124.jsonl,1786996284.8211083,1786996304.8211083,132,14.201950788497925,nan,-1.7469803295976027,1.7469803295976027,0.02617651435651293,0.3147235218429792
pid_smc_fusion,fusion,融合 035124,experimental_auto_20260818_035124.jsonl,1786996284.8211083,1786996304.8211083,133,14.246827840805054,nan,-1.0732363499966757,1.0732363499966757,0.03714783962597764,0.1899361924130608
pid_smc_fusion,fusion,融合 035124,experimental_auto_20260818_035124.jsonl,1786996284.8211083,1786996304.8211083,134,14.347148656845093,nan,-0.5849044015305727,0.5849044015305727,0.039575764709371825,0.11625052225798832
pid_smc_fusion,fusion,融合 035124,experimental_auto_20260818_035124.jsonl,1786996284.8211083,1786996304.8211083,135,14.447008609771729,nan,-0.26502638535085277,0.26502638535085277,0.0362426545649198,0.07273987088811952
pid_smc_fusion,fusion,融合 035124,experimental_auto_20260818_035124.jsonl,1786996284.8211083,1786996304.8211083,136,14.598125696182251,nan,0.7141538360700639,0.7141538360700639,0.048801350280072084,0.047047266360725704
pid_smc_fusion,fusion,融合 035124,experimental_auto_20260818_035124.jsonl,1786996284.8211083,1786996304.8211083,137,14.648528099060059,nan,1.4365336644742044,1.4365336644742044,0.0508978734137132,0.03187604031334493
pid_smc_fusion,fusion,融合 035124,experimental_auto_20260818_035124.jsonl,1786996284.8211083,1786996304.8211083,138,14.747431993484497,nan,1.899936798376456,1.899936798376456,0.046250051105027515,0.022917583044627054
pid_smc_fusion,fusion,融合 035124,experimental_auto_20260818_035124.jsonl,1786996284.8211083,1786996304.8211083,139,14.850226402282715,nan,2.1872500028169095,2.1872500028169095,0.03741456286637179,0.017627703612021834
pid_smc_fusion,fusion,融合 035124,experimental_auto_20260818_035124.jsonl,1786996284.8211083,1786996304.8211083,140,14.999723672866821,nan,3.119341709872858,3.119341709872858,0.04455923934438994,0.014504082705862776
pid_smc_fusion,fusion,融合 035124,experimental_auto_20260818_035124.jsonl,1786996284.8211083,1786996304.8211083,141,15.049322128295898,nan,3.7560167115533782,3.7560167115533782,0.04371013352903182,0.012659615796984911
pid_smc_fusion,fusion,融合 035124,experimental_auto_20260818_035124.jsonl,1786996284.8211083,1786996304.8211083,142,15.149604558944702,nan,4.155553658104938,4.155553658104938,0.03704186357312556,0.01157047653196162
pid_smc_fusion,fusion,融合 035124,experimental_auto_20260818_035124.jsonl,1786996284.8211083,1786996304.8211083,143,15.250598907470703,nan,4.366285527615322,4.366285527615322,0.027521807980585733,0.01092735068735802
pid_smc_fusion,fusion,融合 035124,experimental_auto_20260818_035124.jsonl,1786996284.8211083,1786996304.8211083,144,15.405332565307617,nan,5.484504670594614,5.484504670594614,0.041293966130784086,0.010547591307378038
pid_smc_fusion,fusion,融合 035124,experimental_auto_20260818_035124.jsonl,1786996284.8211083,1786996304.8211083,145,15.447227954864502,nan,6.292061137788718,6.292061137788718,0.04422888488231414,0.010323347191093662
pid_smc_fusion,fusion,融合 035124,experimental_auto_20260818_035124.jsonl,1786996284.8211083,1786996304.8211083,146,15.549152851104736,nan,6.813507435332101,6.813507435332101,0.038991642898588516,0.3472341480920766
pid_smc_fusion,fusion,融合 035124,experimental_auto_20260818_035124.jsonl,1786996284.8211083,1786996304.8211083,147,15.649694681167603,nan,7.114064240335127,7.114064240335127,0.029817510775768646,0.6104531921068904
pid_smc_fusion,fusion,融合 035124,experimental_auto_20260818_035124.jsonl,1786996284.8211083,1786996304.8211083,148,15.802644968032837,nan,7.473057247471071,7.473057247471071,0.02445215885667523,0.7658814054071976
pid_smc_fusion,fusion,融合 035124,experimental_auto_20260818_035124.jsonl,1786996284.8211083,1786996304.8211083,149,15.849604845046997,nan,7.684075078760366,7.684075078760366,0.01770965758627637,0.8576602110788961
pid_smc_fusion,fusion,融合 035124,experimental_auto_20260818_035124.jsonl,1786996284.8211083,1786996304.8211083,150,15.952941656112671,nan,7.786475104214863,7.786475104214863,0.010318792429526977,0.9118546780399773
pid_smc_fusion,fusion,融合 035124,experimental_auto_20260818_035124.jsonl,1786996284.8211083,1786996304.8211083,151,16.048378944396973,nan,7.8174519639726,7.8174519639726,0.0034477623921403667,0.9438559688358262
pid_smc_fusion,fusion,融合 035124,experimental_auto_20260818_035124.jsonl,1786996284.8211083,1786996304.8211083,152,16.20223832130432,nan,7.88962977089499,7.88962977089499,-0.0003830644987329111,0.962752411037867
pid_smc_fusion,fusion,融合 035124,experimental_auto_20260818_035124.jsonl,1786996284.8211083,1786996304.8211083,153,16.248858213424683,nan,7.9342604488831014,7.9342604488831014,-0.003422331018793076,0.97391057119375
pid_smc_fusion,fusion,融合 035124,experimental_auto_20260818_035124.jsonl,1786996284.8211083,1786996304.8211083,154,16.351016521453857,nan,7.964774445876477,7.964774445876477,-0.005754225453333742,0.9804993531841975
pid_smc_fusion,fusion,融合 035124,experimental_auto_20260818_035124.jsonl,1786996284.8211083,1786996304.8211083,155,16.447588443756104,nan,7.989700957529788,7.989700957529788,-0.0073881142923111565,0.9843899630617367
pid_smc_fusion,fusion,融合 035124,experimental_auto_20260818_035124.jsonl,1786996284.8211083,1786996304.8211083,156,16.599408864974976,nan,7.556995587776038,7.556995587776038,-0.01875449996800796,0.9866873292883249
pid_smc_fusion,fusion,融合 035124,experimental_auto_20260818_035124.jsonl,1786996284.8211083,1786996304.8211083,157,16.64809536933899,nan,7.225282982812963,7.225282982812963,-0.02462748082522913,0.988043901071463
pid_smc_fusion,fusion,融合 035124,experimental_auto_20260818_035124.jsonl,1786996284.8211083,1786996304.8211083,158,16.750267505645752,nan,6.998900962651855,6.998900962651855,-0.025904278344124197,0.9040161915957935
pid_smc_fusion,fusion,融合 035124,experimental_auto_20260818_035124.jsonl,1786996284.8211083,1786996304.8211083,159,16.851886987686157,nan,6.86456725583533,6.86456725583533,-0.02466656130591146,0.7730568757392745
pid_smc_fusion,fusion,融合 035124,experimental_auto_20260818_035124.jsonl,1786996284.8211083,1786996304.8211083,160,16.99980068206787,nan,5.875080039520297,5.875080039520297,-0.043314451382613854,0.46506029990862086
pid_smc_fusion,fusion,融合 035124,experimental_auto_20260818_035124.jsonl,1786996284.8211083,1786996304.8211083,161,17.04817271232605,nan,5.112392558580103,5.112392558580103,-0.053632738433044135,0.2787085564930416
pid_smc_fusion,fusion,融合 035124,experimental_auto_20260818_035124.jsonl,1786996284.8211083,1786996304.8211083,162,17.149036645889282,nan,4.5784459444698555,4.5784459444698555,-0.05472515038985993,0.16866971552357615
pid_smc_fusion,fusion,融合 035124,experimental_auto_20260818_035124.jsonl,1786996284.8211083,1786996304.8211083,163,17.249631881713867,nan,4.246439671068936,4.246439671068936,-0.049836602440494364,0.10369288031951651
pid_smc_fusion,fusion,融合 035124,experimental_auto_20260818_035124.jsonl,1786996284.8211083,1786996304.8211083,164,17.40404486656189,nan,3.6985839577435287,3.6985839577435287,-0.05043136232212356,0.06532470889987131
pid_smc_fusion,fusion,融合 035124,experimental_auto_20260818_035124.jsonl,1786996284.8211083,1786996304.8211083,165,17.447911739349365,nan,3.3398820441679744,3.3398820441679744,-0.046456541854729014,0.042668687358285017
pid_smc_fusion,fusion,融合 035124,experimental_auto_20260818_035124.jsonl,1786996284.8211083,1786996304.8211083,166,17.547523975372314,nan,3.1393019440874914,3.1393019440874914,-0.039349131599952236,0.25267960389388133
pid_smc_fusion,fusion,融合 035124,experimental_auto_20260818_035124.jsonl,1786996284.8211083,1786996304.8211083,167,17.649491548538208,nan,3.048896939718393,3.048896939718393,-0.03000821177600347,0.5460257520432285
pid_smc_fusion,fusion,融合 035124,experimental_auto_20260818_035124.jsonl,1786996284.8211083,1786996304.8211083,168,17.851882934570312,nan,2.5666988643719746,2.5666988643719746,-0.031202308249790964,0.7234272034742056
pid_smc_fusion,fusion,融合 035124,experimental_auto_20260818_035124.jsonl,1786996284.8211083,1786996304.8211083,169,17.9989173412323,nan,2.236661291525288,2.236661291525288,-0.028232648297822113,0.8325914293794837
pid_smc_fusion,fusion,融合 035124,experimental_auto_20260818_035124.jsonl,1786996284.8211083,1786996304.8211083,170,18.100645780563354,nan,2.0433296612428875,2.0433296612428875,-0.023503033953701385,0.895379254845846
pid_smc_fusion,fusion,融合 035124,experimental_auto_20260818_035124.jsonl,1786996284.8211083,1786996304.8211083,171,18.250591278076172,nan,2.0945054727828927,2.0945054727828927,-0.014774859248850677,0.9191768381472604
pid_smc_fusion,fusion,融合 035124,experimental_auto_20260818_035124.jsonl,1786996284.8211083,1786996304.8211083,172,18.30087637901306,nan,2.191617979143179,2.191617979143179,-0.007329633038389753,0.9369868724943464
pid_smc_fusion,fusion,融合 035124,experimental_auto_20260818_035124.jsonl,1786996284.8211083,1786996304.8211083,173,18.40458607673645,nan,2.3070457225205954,2.3070457225205954,-0.002471227334098035,0.9586962783391866
pid_smc_fusion,fusion,融合 035124,experimental_auto_20260818_035124.jsonl,1786996284.8211083,1786996304.8211083,174,18.501139640808105,nan,2.4164060627997697,2.4164060627997697,0.0007966822893915909,0.9715154653965064
pid_smc_fusion,fusion,融合 035124,experimental_auto_20260818_035124.jsonl,1786996284.8211083,1786996304.8211083,175,18.647481679916382,nan,2.337437265934872,2.337437265934872,-0.001631212013419888,0.979085067161983
pid_smc_fusion,fusion,融合 035124,experimental_auto_20260818_035124.jsonl,1786996284.8211083,1786996304.8211083,176,18.70204257965088,nan,2.271560787915561,2.271560787915561,-0.0031767666308385426,0.9835548413084793
pid_smc_fusion,fusion,融合 035124,experimental_auto_20260818_035124.jsonl,1786996284.8211083,1786996304.8211083,177,18.80402898788452,nan,2.233372686799351,2.233372686799351,-0.0038941579979093824,0.9861941982442438
pid_smc_fusion,fusion,融合 035124,experimental_auto_20260818_035124.jsonl,1786996284.8211083,1786996304.8211083,178,18.949386596679688,nan,2.202093135040206,2.202093135040206,-0.003951485694470681,0.9609657446013625
pid_smc_fusion,fusion,融合 035124,experimental_auto_20260818_035124.jsonl,1786996284.8211083,1786996304.8211083,179,19.098254203796387,nan,2.2283399884518995,2.2283399884518995,-0.0026911787135824325,0.8573364746559575
pid_smc_fusion,fusion,融合 035124,experimental_auto_20260818_035124.jsonl,1786996284.8211083,1786996304.8211083,180,19.247233629226685,nan,2.2478935125358257,2.2478935125358257,-0.0024420001276852696,0.8913764510438656
pid_smc_fusion,fusion,融合 035124,experimental_auto_20260818_035124.jsonl,1786996284.8211083,1786996304.8211083,181,19.34752893447876,nan,2.2479104787114013,2.2479104787114013,-0.0021891667503001217,0.9317637805768921
pid_smc_fusion,fusion,融合 035124,experimental_auto_20260818_035124.jsonl,1786996284.8211083,1786996304.8211083,182,19.498405933380127,nan,2.2940433624311196,2.2940433624311196,-0.0007258454735703122,0.955612094792849
pid_smc_fusion,fusion,融合 035124,experimental_auto_20260818_035124.jsonl,1786996284.8211083,1786996304.8211083,183,19.55050253868103,nan,2.316974102062297,2.316974102062297,-0.00040291670578908073,0.9696942858542293
pid_smc_fusion,fusion,融合 035124,experimental_auto_20260818_035124.jsonl,1786996284.8211083,1786996304.8211083,184,19.650229454040527,nan,2.3203249488617628,2.3203249488617628,-0.0008200704614896101,0.9780096788540639
pid_smc_fusion,fusion,融合 035124,experimental_auto_20260818_035124.jsonl,1786996284.8211083,1786996304.8211083,185,19.74875020980835,nan,2.313254060048342,2.313254060048342,-0.001361002325159167,0.9829198352665361
pid_smc_fusion,fusion,融合 035124,experimental_auto_20260818_035124.jsonl,1786996284.8211083,1786996304.8211083,186,19.897324085235596,nan,2.9028996924492234,2.9028996924492234,0.011702087124779555,0.985819233526537
pid_smc_fusion,fusion,融合 035124,experimental_auto_20260818_035124.jsonl,1786996284.8211083,1786996304.8211083,187,19.949110984802246,nan,3.359276539629563,3.359276539629563,0.017881790045856383,0.9875312992050848
pid_smc_fusion,fusion,融合 035442,experimental_auto_20260818_035442.jsonl,1786996486.9625778,1786996506.9625778,0,0.0,nan,-18.760549444041395,18.760549444041395,0.0,0.01
pid_smc_fusion,fusion,融合 035442,experimental_auto_20260818_035442.jsonl,1786996486.9625778,1786996506.9625778,1,0.1016998291015625,nan,-18.78006921418717,18.78006921418717,0.0030657786078641747,0.010000000000000002
pid_smc_fusion,fusion,融合 035442,experimental_auto_20260818_035442.jsonl,1786996486.9625778,1786996506.9625778,2,0.2473897933959961,nan,-17.60133631294567,17.60133631294567,0.061983321039943716,0.010000000000000004
pid_smc_fusion,fusion,融合 035442,experimental_auto_20260818_035442.jsonl,1786996486.9625778,1786996506.9625778,3,0.3033478260040283,nan,-16.94344422161791,16.94344422161791,0.06754638780763349,0.010000000000000004
pid_smc_fusion,fusion,融合 035442,experimental_auto_20260818_035442.jsonl,1786996486.9625778,1786996506.9625778,4,0.4006626605987549,nan,-16.574413820387345,16.574413820387345,0.06095300625641145,0.010000000000000004
pid_smc_fusion,fusion,融合 035442,experimental_auto_20260818_035442.jsonl,1786996486.9625778,1786996506.9625778,5,0.500889778137207,nan,-16.317957073687428,16.317957073687428,0.05538094137761201,0.27558000000000005
pid_smc_fusion,fusion,融合 035442,experimental_auto_20260818_035442.jsonl,1786996486.9625778,1786996506.9625778,6,0.6490166187286377,nan,-12.507375298386393,12.507375298386393,0.14442963377418414,0.16682233420000006
pid_smc_fusion,fusion,融合 035442,experimental_auto_20260818_035442.jsonl,1786996486.9625778,1786996506.9625778,7,0.7029430866241455,nan,-10.030352677411303,10.030352677411303,0.171839095190238,0.10260202012175805
pid_smc_fusion,fusion,融合 035442,experimental_auto_20260818_035442.jsonl,1786996486.9625778,1786996506.9625778,8,0.8046987056732178,nan,-8.403237100690408,8.403237100690408,0.16884566734641782,0.06468056686169692
pid_smc_fusion,fusion,融合 035442,experimental_auto_20260818_035442.jsonl,1786996486.9625778,1786996506.9625778,9,0.9019510746002197,nan,-7.349572752751355,7.349572752751355,0.150514456974872,0.042288327926163424
pid_smc_fusion,fusion,融合 035442,experimental_auto_20260818_035442.jsonl,1786996486.9625778,1786996506.9625778,10,1.0494017601013184,nan,-5.594582908422174,5.594582908422174,0.14989189770047484,0.029065934757120247
pid_smc_fusion,fusion,融合 035442,experimental_auto_20260818_035442.jsonl,1786996486.9625778,1786996506.9625778,11,1.1017954349517822,nan,-4.360834154918147,4.360834154918147,0.1374123223553911,0.021258243814731938
pid_smc_fusion,fusion,融合 035442,experimental_auto_20260818_035442.jsonl,1786996486.9625778,1786996506.9625778,12,1.2026724815368652,nan,-3.5615852088569544,3.5615852088569544,0.1163074018834439,0.2552082812296389
pid_smc_fusion,fusion,融合 035442,experimental_auto_20260818_035442.jsonl,1786996486.9625778,1786996506.9625778,13,1.304943561553955,nan,-3.107703248693139,3.107703248693139,0.09186880135160601,0.5561128379832895
pid_smc_fusion,fusion,融合 035442,experimental_auto_20260818_035442.jsonl,1786996486.9625778,1786996506.9625778,14,1.5062987804412842,nan,-3.347353253644203,3.347353253644203,0.05791343138120049,0.7337939697007526
pid_smc_fusion,fusion,融合 035442,experimental_auto_20260818_035442.jsonl,1786996486.9625778,1786996506.9625778,15,1.6019203662872314,nan,-3.699833869674851,3.699833869674851,0.031607500531863265,0.8387129011685974
pid_smc_fusion,fusion,融合 035442,experimental_auto_20260818_035442.jsonl,1786996486.9625778,1786996506.9625778,16,1.7036504745483398,nan,-4.092313739012965,4.092313739012965,0.012956860354621472,0.9006664810110451
pid_smc_fusion,fusion,融合 035442,experimental_auto_20260818_035442.jsonl,1786996486.9625778,1786996506.9625778,17,1.9061036109924316,nan,-4.593055074086494,4.593055074086494,-0.0016580593062408763,0.9372494503722119
pid_smc_fusion,fusion,融合 035442,experimental_auto_20260818_035442.jsonl,1786996486.9625778,1786996506.9625778,18,2.002551555633545,nan,-5.01280816886398,5.01280816886398,-0.009306845232554905,0.9588513279502874
pid_smc_fusion,fusion,融合 035442,experimental_auto_20260818_035442.jsonl,1786996486.9625778,1786996506.9625778,19,2.102635145187378,nan,-5.341436420382639,5.341436420382639,-0.011875324288603367,0.9716070206413652
pid_smc_fusion,fusion,融合 035442,experimental_auto_20260818_035442.jsonl,1786996486.9625778,1786996506.9625778,20,2.306098461151123,nan,-6.611517293094227,6.611517293094227,-0.034318479667461536,0.9791391296185197
pid_smc_fusion,fusion,融合 035442,experimental_auto_20260818_035442.jsonl,1786996486.9625778,1786996506.9625778,21,2.449317455291748,nan,-7.5638253076840805,7.5638253076840805,-0.04259301897654448,0.9835867646484397
pid_smc_fusion,fusion,融合 035442,experimental_auto_20260818_035442.jsonl,1786996486.9625778,1786996506.9625778,22,2.5493576526641846,nan,-8.249383589501857,8.249383589501857,-0.04142155529420592,0.9862130486572572
pid_smc_fusion,fusion,融合 035442,experimental_auto_20260818_035442.jsonl,1786996486.9625778,1786996506.9625778,23,2.7034480571746826,nan,-8.888975089794437,8.888975089794437,-0.03860506308841524,0.9877638431016238
pid_smc_fusion,fusion,融合 035442,experimental_auto_20260818_035442.jsonl,1786996486.9625778,1786996506.9625778,24,2.74894118309021,nan,-9.302795395185349,9.302795395185349,-0.03193845061179465,0.9886795717130779
pid_smc_fusion,fusion,融合 035442,experimental_auto_20260818_035442.jsonl,1786996486.9625778,1786996506.9625778,25,2.849146842956543,nan,-9.541987823871057,9.541987823871057,-0.022370519620323923,0.9892203003008553
pid_smc_fusion,fusion,融合 035442,experimental_auto_20260818_035442.jsonl,1786996486.9625778,1786996506.9625778,26,2.9491498470306396,nan,-9.647528748010803,9.647528748010803,-0.012139903473806944,0.9895395951246521
pid_smc_fusion,fusion,融合 035442,experimental_auto_20260818_035442.jsonl,1786996486.9625778,1786996506.9625778,27,3.1038849353790283,nan,-8.128710175987052,8.128710175987052,0.032183175936574306,0.6948145717754943
pid_smc_fusion,fusion,融合 035442,experimental_auto_20260818_035442.jsonl,1786996486.9625778,1786996506.9625778,28,3.148946523666382,nan,-6.819098529664536,6.819098529664536,0.06083444518926775,0.41437615648771176
pid_smc_fusion,fusion,融合 035442,experimental_auto_20260818_035442.jsonl,1786996486.9625778,1786996506.9625778,29,3.2493207454681396,nan,-5.783896768677388,5.783896768677388,0.0735531848778659,0.24878007664442892
pid_smc_fusion,fusion,融合 035442,experimental_auto_20260818_035442.jsonl,1786996486.9625778,1786996506.9625778,30,3.3497836589813232,nan,-5.00932509376133,5.00932509376133,0.07483928456031237,0.15099724745776882
pid_smc_fusion,fusion,融合 035442,experimental_auto_20260818_035442.jsonl,1786996486.9625778,1786996506.9625778,31,3.500685214996338,nan,-0.9545746368571417,0.9545746368571417,0.14901295453208663,0.09325746465133794
pid_smc_fusion,fusion,融合 035442,experimental_auto_20260818_035442.jsonl,1786996486.9625778,1786996506.9625778,32,3.551583766937256,nan,2.154096106512715,2.154096106512715,0.18237412853402335,0.05916270030196855
pid_smc_fusion,fusion,融合 035442,experimental_auto_20260818_035442.jsonl,1786996486.9625778,1786996506.9625778,33,3.6557185649871826,nan,4.3397444849547,4.3397444849547,0.18340256153267387,0.03903008290130942
pid_smc_fusion,fusion,融合 035442,experimental_auto_20260818_035442.jsonl,1786996486.9625778,1786996506.9625778,34,3.7552995681762695,nan,5.700394182964175,5.700394182964175,0.16403701870085838,0.027141973652394204
pid_smc_fusion,fusion,融合 035442,experimental_auto_20260818_035442.jsonl,1786996486.9625778,1786996506.9625778,35,3.906327247619629,nan,7.645892193674719,7.645892193674719,0.1574351517012745,0.02012216402200226
pid_smc_fusion,fusion,融合 035442,experimental_auto_20260818_035442.jsonl,1786996486.9625778,1786996506.9625778,36,3.9498140811920166,nan,8.921978172957202,8.921978172957202,0.13611751837047445,0.01597703663335212
pid_smc_fusion,fusion,融合 035442,experimental_auto_20260818_035442.jsonl,1786996486.9625778,1786996506.9625778,37,4.05245566368103,nan,9.607060071366202,9.607060071366202,0.10493542638542709,0.013529380361628096
pid_smc_fusion,fusion,融合 035442,experimental_auto_20260818_035442.jsonl,1786996486.9625778,1786996506.9625778,38,4.1534974575042725,nan,9.879414294009559,9.879414294009559,0.07192210639210876,0.036858444706716245
pid_smc_fusion,fusion,融合 035442,experimental_auto_20260818_035442.jsonl,1786996486.9625778,1786996506.9625778,39,4.308156251907349,nan,9.112040724111504,9.112040724111504,0.02474172202684978,0.427179443014869
pid_smc_fusion,fusion,融合 035442,experimental_auto_20260818_035442.jsonl,1786996486.9625778,1786996506.9625778,40,4.349514961242676,nan,8.362658719412009,8.362658719412009,-0.010010607067092878,0.6576600893058501
pid_smc_fusion,fusion,融合 035442,experimental_auto_20260818_035442.jsonl,1786996486.9625778,1786996506.9625778,41,4.45145058631897,nan,7.705151135471954,7.705151135471954,-0.03022764194648364,0.7937566061342114
pid_smc_fusion,fusion,融合 035442,experimental_auto_20260818_035442.jsonl,1786996486.9625778,1786996506.9625778,42,4.553133964538574,nan,7.183443507764697,7.183443507764697,-0.03923055752222169,0.5370982383561905
pid_smc_fusion,fusion,融合 035442,experimental_auto_20260818_035442.jsonl,1786996486.9625778,1786996506.9625778,43,4.706649541854858,nan,5.156815148483851,5.156815148483851,-0.07921066282868178,0.321246238766947
pid_smc_fusion,fusion,融合 035442,experimental_auto_20260818_035442.jsonl,1786996486.9625778,1786996506.9625778,44,4.749220609664917,nan,3.595304657909526,3.595304657909526,-0.09902867531802406,0.19378779152949457
pid_smc_fusion,fusion,融合 035442,experimental_auto_20260818_035442.jsonl,1786996486.9625778,1786996506.9625778,45,4.8516998291015625,nan,2.4991995592479,2.4991995592479,-0.1002810729224804,0.11852485302025127
pid_smc_fusion,fusion,融合 035442,experimental_auto_20260818_035442.jsonl,1786996486.9625778,1786996506.9625778,46,4.952476501464844,nan,1.8127965578719096,1.8127965578719096,-0.08919701768277243,0.07408284045992818
pid_smc_fusion,fusion,融合 035442,experimental_auto_20260818_035442.jsonl,1786996486.9625778,1786996506.9625778,47,5.105548858642578,nan,0.1833649012319083,0.1833649012319083,-0.10080049411936001,0.04784027646318299
pid_smc_fusion,fusion,融合 035442,experimental_auto_20260818_035442.jsonl,1786996486.9625778,1786996506.9625778,48,5.15261697769165,nan,-0.964540627469257,0.964540627469257,-0.09891061817924834,0.03234430484874493
pid_smc_fusion,fusion,融合 035442,experimental_auto_20260818_035442.jsonl,1786996486.9625778,1786996506.9625778,49,5.254118919372559,nan,-1.7013335113873707,1.7013335113873707,-0.08575028142343002,0.023194088570135402
pid_smc_fusion,fusion,融合 035442,experimental_auto_20260818_035442.jsonl,1786996486.9625778,1786996506.9625778,50,5.350198984146118,nan,-2.1172196923411546,2.1172196923411546,-0.06684813849744092,0.01779097735977926
pid_smc_fusion,fusion,融合 035442,experimental_auto_20260818_035442.jsonl,1786996486.9625778,1786996506.9625778,51,5.505466938018799,nan,-2.862346751207867,2.862346751207867,-0.060840066138931885,0.014600494221176062
pid_smc_fusion,fusion,融合 035442,experimental_auto_20260818_035442.jsonl,1786996486.9625778,1786996506.9625778,52,5.549394369125366,nan,-3.362191066606146,3.362191066606146,-0.05056654446958145,0.012716545832662258
pid_smc_fusion,fusion,融合 035442,experimental_auto_20260818_035442.jsonl,1786996486.9625778,1786996506.9625778,53,5.655800104141235,nan,-3.663255691444345,3.663255691444345,-0.03845531517910745,0.37221293900050545
pid_smc_fusion,fusion,融合 035442,experimental_auto_20260818_035442.jsonl,1786996486.9625778,1786996506.9625778,54,5.802153825759888,nan,-3.831940903334252,3.831940903334252,-0.02660768398044654,0.6252029183504085
pid_smc_fusion,fusion,融合 035442,experimental_auto_20260818_035442.jsonl,1786996486.9625778,1786996506.9625778,55,5.954421520233154,nan,-4.337338583449657,4.337338583449657,-0.02606821143020696,0.5319297562031957
pid_smc_fusion,fusion,融合 035442,experimental_auto_20260818_035442.jsonl,1786996486.9625778,1786996506.9625778,56,6.099444627761841,nan,-4.674840117367795,4.674840117367795,-0.022111869779430415,0.33789109847796545
pid_smc_fusion,fusion,融合 035442,experimental_auto_20260818_035442.jsonl,1786996486.9625778,1786996506.9625778,57,6.19919490814209,nan,-4.882468846745147,4.882468846745147,-0.016182965409659918,0.46919641474025386
pid_smc_fusion,fusion,融合 035442,experimental_auto_20260818_035442.jsonl,1786996486.9625778,1786996506.9625778,58,6.352067708969116,nan,-5.0781511224861635,5.0781511224861635,-0.01180314616562236,0.6824706909399725
pid_smc_fusion,fusion,融合 035442,experimental_auto_20260818_035442.jsonl,1786996486.9625778,1786996506.9625778,59,6.399103164672852,nan,-5.220499819050217,5.220499819050217,-0.008093023409280661,0.8084070182931443
pid_smc_fusion,fusion,融合 035442,experimental_auto_20260818_035442.jsonl,1786996486.9625778,1786996506.9625778,60,6.499248266220093,nan,-5.328274699548752,5.328274699548752,-0.005013956901176108,0.8827711602319188
pid_smc_fusion,fusion,融合 035442,experimental_auto_20260818_035442.jsonl,1786996486.9625778,1786996506.9625778,61,6.59947943687439,nan,-5.41259847901946,5.41259847901946,-0.0024148996617738908,0.9266824424053457
pid_smc_fusion,fusion,融合 035442,experimental_auto_20260818_035442.jsonl,1786996486.9625778,1786996506.9625778,62,6.7509260177612305,nan,-6.66263833880234,6.66263833880234,-0.02713965067687556,0.9526116154159325
pid_smc_fusion,fusion,融合 035442,experimental_auto_20260818_035442.jsonl,1786996486.9625778,1786996506.9625778,63,6.799026727676392,nan,-7.680402587799184,7.680402587799184,-0.04051299740785669,0.9679225327869538
pid_smc_fusion,fusion,融合 035442,experimental_auto_20260818_035442.jsonl,1786996486.9625778,1786996506.9625778,64,6.899059057235718,nan,-8.45653354977447,8.45653354977447,-0.043270714872769254,0.9769634763853684
pid_smc_fusion,fusion,融合 035442,experimental_auto_20260818_035442.jsonl,1786996486.9625778,1786996506.9625778,65,6.999302387237549,nan,-9.016705731664398,9.016705731664398,-0.039169345873250806,0.9823020631707962
pid_smc_fusion,fusion,融合 035442,experimental_auto_20260818_035442.jsonl,1786996486.9625778,1786996506.9625778,66,7.151388883590698,nan,-10.34557526643296,10.34557526643296,-0.05281910093429994,0.9854544452817233
pid_smc_fusion,fusion,融合 035442,experimental_auto_20260818_035442.jsonl,1786996486.9625778,1786996506.9625778,67,7.198755741119385,nan,-11.321294835563256,11.321294835563256,-0.05544972860227456,0.9873158953944048
pid_smc_fusion,fusion,融合 035442,experimental_auto_20260818_035442.jsonl,1786996486.9625778,1786996506.9625778,68,7.299335479736328,nan,-11.986150211567626,11.986150211567626,-0.048767724905300264,0.9884150630714421
pid_smc_fusion,fusion,融合 035442,experimental_auto_20260818_035442.jsonl,1786996486.9625778,1786996506.9625778,69,7.401066541671753,nan,-12.402310034806852,12.402310034806852,-0.03734414076397495,0.9890641105930559
pid_smc_fusion,fusion,融合 035442,experimental_auto_20260818_035442.jsonl,1786996486.9625778,1786996506.9625778,70,7.552001237869263,nan,-12.033716062316756,12.033716062316756,-0.010982430876810109,0.9894473666640935
pid_smc_fusion,fusion,融合 035442,experimental_auto_20260818_035442.jsonl,1786996486.9625778,1786996506.9625778,71,7.599109172821045,nan,-11.687593999026857,11.687593999026857,0.0074449589132236675,0.9896736755414804
pid_smc_fusion,fusion,融合 035442,experimental_auto_20260818_035442.jsonl,1786996486.9625778,1786996506.9625778,72,7.699222564697266,nan,-11.41151431437235,11.41151431437235,0.018200615894890526,0.6620333970096757
pid_smc_fusion,fusion,融合 035442,experimental_auto_20260818_035442.jsonl,1786996486.9625778,1786996506.9625778,73,7.799456357955933,nan,-11.213305795360496,11.213305795360496,0.025079331591235057,0.39501920060024337
pid_smc_fusion,fusion,融合 035442,experimental_auto_20260818_035442.jsonl,1786996486.9625778,1786996506.9625778,74,7.951803207397461,nan,-8.417137071937775,8.417137071937775,0.0892392445017395,0.23734998776243776
pid_smc_fusion,fusion,融合 035442,experimental_auto_20260818_035442.jsonl,1786996486.9625778,1786996506.9625778,75,7.998943567276001,nan,-6.229003017217916,6.229003017217916,0.12459964931169892,0.1442478942738419
pid_smc_fusion,fusion,融合 035442,experimental_auto_20260818_035442.jsonl,1786996486.9625778,1786996506.9625778,76,8.099353790283203,nan,-4.654993509920857,4.654993509920857,0.13436813271976347,0.08927203908976093
pid_smc_fusion,fusion,融合 035442,experimental_auto_20260818_035442.jsonl,1786996486.9625778,1786996506.9625778,77,8.199300527572632,nan,-3.6279079396255742,3.6279079396255742,0.12649774058153743,0.05680934636211295
pid_smc_fusion,fusion,融合 035442,experimental_auto_20260818_035442.jsonl,1786996486.9625778,1786996506.9625778,78,8.353074550628662,nan,-0.6107362217509293,0.6107362217509293,0.16284475410326066,0.03764045093336408
pid_smc_fusion,fusion,融合 035442,experimental_auto_20260818_035442.jsonl,1786996486.9625778,1786996506.9625778,79,8.398605346679688,nan,1.649781186284205,1.649781186284205,0.1724223727115787,0.02632140987164216
pid_smc_fusion,fusion,融合 035442,experimental_auto_20260818_035442.jsonl,1786996486.9625778,1786996506.9625778,80,8.499082565307617,nan,3.193168995993101,3.193168995993101,0.1601542405419198,0.019637629315105987
pid_smc_fusion,fusion,融合 035442,experimental_auto_20260818_035442.jsonl,1786996486.9625778,1786996506.9625778,81,8.599459409713745,nan,4.164965873088633,4.164965873088633,0.13428978866093233,0.01569092373427694
pid_smc_fusion,fusion,融合 035442,experimental_auto_20260818_035442.jsonl,1786996486.9625778,1786996506.9625778,82,8.752940893173218,nan,5.7305791173479665,5.7305791173479665,0.12716923558019408,0.013360433555853191
pid_smc_fusion,fusion,融合 035442,experimental_auto_20260818_035442.jsonl,1786996486.9625778,1786996506.9625778,83,8.798777103424072,nan,6.8523025702647455,6.8523025702647455,0.11052594973932527,0.011984302410395754
pid_smc_fusion,fusion,融合 035442,experimental_auto_20260818_035442.jsonl,1786996486.9625778,1786996506.9625778,84,8.899079084396362,nan,7.585291875139022,7.585291875139022,0.08801338714231356,0.011171710730314591
pid_smc_fusion,fusion,融合 035442,experimental_auto_20260818_035442.jsonl,1786996486.9625778,1786996506.9625778,85,8.99913477897644,nan,8.034473666615105,8.034473666615105,0.06445416215855446,0.0763428751907875
pid_smc_fusion,fusion,融合 035442,experimental_auto_20260818_035442.jsonl,1786996486.9625778,1786996506.9625778,86,9.199302911758423,nan,7.780473222697026,7.780473222697026,0.03057526032401785,0.3009942233290615
pid_smc_fusion,fusion,融合 035442,experimental_auto_20260818_035442.jsonl,1786996486.9625778,1786996506.9625778,87,9.299002885818481,nan,7.478724761445454,7.478724761445454,0.006123147662627022,0.5831489789335776
pid_smc_fusion,fusion,融合 035442,experimental_auto_20260818_035442.jsonl,1786996486.9625778,1786996506.9625778,88,9.400562047958374,nan,7.2058475394138455,7.2058475394138455,-0.00943404888910825,0.7497585405704882
pid_smc_fusion,fusion,融合 035442,experimental_auto_20260818_035442.jsonl,1786996486.9625778,1786996506.9625778,89,9.55294418334961,nan,5.7809252741352175,5.7809252741352175,-0.04538671586910026,0.8481398206214675
pid_smc_fusion,fusion,融合 035442,experimental_auto_20260818_035442.jsonl,1786996486.9625778,1786996506.9625778,90,9.59978985786438,nan,4.633043965176798,4.633043965176798,-0.06497484513614699,0.9062329826787703
pid_smc_fusion,fusion,融合 035442,experimental_auto_20260818_035442.jsonl,1786996486.9625778,1786996506.9625778,91,9.699333906173706,nan,3.7905789720097505,3.7905789720097505,-0.06948465449413248,0.6035144139419871
pid_smc_fusion,fusion,融合 035442,experimental_auto_20260818_035442.jsonl,1786996486.9625778,1786996506.9625778,92,9.798898220062256,nan,3.219075582264086,3.219075582264086,-0.0651356783542953,0.36046432628860403
pid_smc_fusion,fusion,融合 035442,experimental_auto_20260818_035442.jsonl,1786996486.9625778,1786996506.9625778,93,9.999162673950195,nan,2.3848136909970785,2.3848136909970785,-0.06650221357415376,0.21694568003015785
pid_smc_fusion,fusion,融合 035442,experimental_auto_20260818_035442.jsonl,1786996486.9625778,1786996506.9625778,94,10.153480291366577,nan,1.792398951911478,1.792398951911478,-0.05985285201968519,0.1321993546010079
pid_smc_fusion,fusion,融合 035442,experimental_auto_20260818_035442.jsonl,1786996486.9625778,1786996506.9625778,95,10.25260043144226,nan,1.4413169994076047,1.4413169994076047,-0.04831590511905949,0.08215749689834917
pid_smc_fusion,fusion,融合 035442,experimental_auto_20260818_035442.jsonl,1786996486.9625778,1786996506.9625778,96,10.398989915847778,nan,0.2602918672274246,0.2602918672274246,-0.05905448757503799,0.05260828034350621
pid_smc_fusion,fusion,融合 035442,experimental_auto_20260818_035442.jsonl,1786996486.9625778,1786996506.9625778,97,10.450687646865845,nan,-0.5596058537191029,0.5596058537191029,-0.05957857019537911,0.03515976346003699
pid_smc_fusion,fusion,融合 035442,experimental_auto_20260818_035442.jsonl,1786996486.9625778,1786996506.9625778,98,10.552576541900635,nan,-1.091104458540415,1.091104458540415,-0.05238944616347024,0.02485658872551725
pid_smc_fusion,fusion,融合 035442,experimental_auto_20260818_035442.jsonl,1786996486.9625778,1786996506.9625778,99,10.653608083724976,nan,-1.3762024276465779,1.3762024276465779,-0.041726175219654264,0.018772667076530688
pid_smc_fusion,fusion,融合 035442,experimental_auto_20260818_035442.jsonl,1786996486.9625778,1786996506.9625778,100,10.799335479736328,nan,-2.008033914158902,2.008033914158902,-0.04362803671147142,0.015180172182020609
pid_smc_fusion,fusion,融合 035442,experimental_auto_20260818_035442.jsonl,1786996486.9625778,1786996506.9625778,101,10.853646278381348,nan,-2.466383728755406,2.466383728755406,-0.03957040352061959,0.013058839871761353
pid_smc_fusion,fusion,融合 035442,experimental_auto_20260818_035442.jsonl,1786996486.9625778,1786996506.9625778,102,10.954011917114258,nan,-2.7307699143856112,2.7307699143856112,-0.03182349959921018,0.011806214355876365
pid_smc_fusion,fusion,融合 035442,experimental_auto_20260818_035442.jsonl,1786996486.9625778,1786996506.9625778,103,11.054378271102905,nan,-2.85197425852477,2.85197425852477,-0.022969495751500785,0.011066551515001435
pid_smc_fusion,fusion,融合 035442,experimental_auto_20260818_035442.jsonl,1786996486.9625778,1786996506.9625778,104,11.19933557510376,nan,-2.2571967581233254,2.2571967581233254,-0.0007089695086702937,0.010629788004093196
pid_smc_fusion,fusion,融合 035442,experimental_auto_20260818_035442.jsonl,1786996486.9625778,1786996506.9625778,105,11.252406597137451,nan,-1.7575272951828702,1.7575272951828702,0.01429900841098436,0.010413203909485549
pid_smc_fusion,fusion,融合 035442,experimental_auto_20260818_035442.jsonl,1786996486.9625778,1786996506.9625778,106,11.353570222854614,nan,-1.359424714094204,1.359424714094204,0.021417821145579625,0.010243992776512122
pid_smc_fusion,fusion,融合 035442,experimental_auto_20260818_035442.jsonl,1786996486.9625778,1786996506.9625778,107,11.452171325683594,nan,-1.0918751591481146,1.0918751591481146,0.02330380475380164,0.010144075294602647
pid_smc_fusion,fusion,融合 035442,experimental_auto_20260818_035442.jsonl,1786996486.9625778,1786996506.9625778,108,11.60109567642212,nan,-0.15468633083308703,0.15468633083308703,0.0383828713441557,0.010085075020709915
pid_smc_fusion,fusion,融合 035442,experimental_auto_20260818_035442.jsonl,1786996486.9625778,1786996506.9625778,109,11.65040373802185,nan,0.5355291036109433,0.5355291036109433,0.04429201940206519,0.010050235948979
pid_smc_fusion,fusion,融合 035442,experimental_auto_20260818_035442.jsonl,1786996486.9625778,1786996506.9625778,110,11.751181602478027,nan,1.01531425510486,1.01531425510486,0.042276870580696194,0.010029663825512614
pid_smc_fusion,fusion,融合 035442,experimental_auto_20260818_035442.jsonl,1786996486.9625778,1786996506.9625778,111,11.852147102355957,nan,1.3091063122197877,1.3091063122197877,0.035645244741920656,0.010017516192326947
pid_smc_fusion,fusion,融合 035442,experimental_auto_20260818_035442.jsonl,1786996486.9625778,1786996506.9625778,112,11.999121904373169,nan,2.0353302211352897,2.0353302211352897,0.040180385999088096,0.01001034313640714
pid_smc_fusion,fusion,融合 035442,experimental_auto_20260818_035442.jsonl,1786996486.9625778,1786996506.9625778,113,12.04965329170227,nan,2.5436402418902992,2.5436402418902992,0.03858830468141082,0.010006107518617052
pid_smc_fusion,fusion,融合 035442,experimental_auto_20260818_035442.jsonl,1786996486.9625778,1786996506.9625778,114,12.150738716125488,nan,2.8635300512965367,2.8635300512965367,0.032669800666631166,0.010003606428668186
pid_smc_fusion,fusion,融合 035442,experimental_auto_20260818_035442.jsonl,1786996486.9625778,1786996506.9625778,115,12.25049352645874,nan,3.0550870966032817,3.0550870966032817,0.02504886715093249,0.010002129560064278
pid_smc_fusion,fusion,融合 035442,experimental_auto_20260818_035442.jsonl,1786996486.9625778,1786996506.9625778,116,12.399137496948242,nan,2.467387602960247,2.467387602960247,0.0009203278640959218,0.010001257483922357
pid_smc_fusion,fusion,融合 035442,experimental_auto_20260818_035442.jsonl,1786996486.9625778,1786996506.9625778,117,12.452788829803467,nan,1.9437280534862045,1.9437280534862045,-0.015112501985292362,0.17883401883155398
pid_smc_fusion,fusion,融合 035442,experimental_auto_20260818_035442.jsonl,1786996486.9625778,1786996506.9625778,118,12.549865007400513,nan,1.5390712169601417,1.5390712169601417,-0.022993297926994102,0.17883401883155398
pid_smc_fusion,fusion,融合 035442,experimental_auto_20260818_035442.jsonl,1786996486.9625778,1786996506.9625778,119,12.650362968444824,nan,1.2513599073323167,1.2513599073323167,-0.02496412091537562,0.12077199975538255
pid_smc_fusion,fusion,融合 035442,experimental_auto_20260818_035442.jsonl,1786996486.9625778,1786996506.9625778,120,12.800433158874512,nan,0.4770575194581461,0.4770575194581461,-0.036469010313785875,0.07540975813555585
pid_smc_fusion,fusion,融合 035442,experimental_auto_20260818_035442.jsonl,1786996486.9625778,1786996506.9625778,121,12.850770235061646,nan,-0.10649126298758471,0.10649126298758471,-0.039772352725311405,0.04862380808146438
pid_smc_fusion,fusion,融合 035442,experimental_auto_20260818_035442.jsonl,1786996486.9625778,1786996506.9625778,122,12.952484369277954,nan,-0.5381860607548195,0.5381860607548195,-0.03632422985700792,0.03280697243402391
pid_smc_fusion,fusion,融合 035442,experimental_auto_20260818_035442.jsonl,1786996486.9625778,1786996506.9625778,123,13.052165031433105,nan,-0.7921122951949133,0.7921122951949133,-0.029852536185512167,0.023467289152566784
pid_smc_fusion,fusion,融合 035442,experimental_auto_20260818_035442.jsonl,1786996486.9625778,1786996506.9625778,124,13.202319145202637,nan,-0.7395032658376599,0.7395032658376599,-0.016783557144233248,0.017952299571699165
pid_smc_fusion,fusion,融合 035442,experimental_auto_20260818_035442.jsonl,1786996486.9625778,1786996506.9625778,125,13.249866962432861,nan,-0.6017794213523442,0.6017794213523442,-0.007318596127815063,0.22275957964087223
pid_smc_fusion,fusion,融合 035442,experimental_auto_20260818_035442.jsonl,1786996486.9625778,1786996506.9625778,126,13.349173784255981,nan,-0.4709545328252296,0.4709545328252296,-0.0010810137008514294,0.5369522041821386
pid_smc_fusion,fusion,融合 035442,experimental_auto_20260818_035442.jsonl,1786996486.9625778,1786996506.9625778,127,13.450915575027466,nan,-0.36555273858176474,0.36555273858176474,0.003020189313437266,0.722479807047511
pid_smc_fusion,fusion,融合 035442,experimental_auto_20260818_035442.jsonl,1786996486.9625778,1786996506.9625778,128,13.649341583251953,nan,0.5811065636654789,0.5811065636654789,0.02456860285490674,0.8320320012634846
pid_smc_fusion,fusion,融合 035442,experimental_auto_20260818_035442.jsonl,1786996486.9625778,1786996506.9625778,129,13.749172925949097,nan,1.3094615397103437,1.3094615397103437,0.034881540753215735,0.8967214764260751
pid_smc_fusion,fusion,融合 035442,experimental_auto_20260818_035442.jsonl,1786996486.9625778,1786996506.9625778,130,13.849305152893066,nan,1.8486190182312123,1.8486190182312123,0.0368968381423547,0.8967214764260752
pid_smc_fusion,fusion,融合 035442,experimental_auto_20260818_035442.jsonl,1786996486.9625778,1786996506.9625778,131,14.049229860305786,nan,2.77472973003271,2.77472973003271,0.04524795138383581,0.8967214764260752
pid_smc_fusion,fusion,融合 035442,experimental_auto_20260818_035442.jsonl,1786996486.9625778,1786996506.9625778,132,14.149341821670532,nan,3.4358979479176655,3.4358979479176655,0.044545615183205586,0.8967214764260752
pid_smc_fusion,fusion,融合 035442,experimental_auto_20260818_035442.jsonl,1786996486.9625778,1786996506.9625778,133,14.302685499191284,nan,3.8457408656792036,3.8457408656792036,0.03895782253723451,0.8967214764260752
pid_smc_fusion,fusion,融合 035442,experimental_auto_20260818_035442.jsonl,1786996486.9625778,1786996506.9625778,134,14.449482917785645,nan,4.576844869231033,4.576844869231033,0.04103967961741088,0.8967214764260752
pid_smc_fusion,fusion,融合 035442,experimental_auto_20260818_035442.jsonl,1786996486.9625778,1786996506.9625778,135,14.602476596832275,nan,5.083832320478554,5.083832320478554,0.036810399549662524,0.9349199646148332
pid_smc_fusion,fusion,融合 035442,experimental_auto_20260818_035442.jsonl,1786996486.9625778,1786996506.9625778,136,14.702160120010376,nan,5.40387678045019,5.40387678045019,0.029164740727422957,0.9574757899054128
pid_smc_fusion,fusion,融合 035442,experimental_auto_20260818_035442.jsonl,1786996486.9625778,1786996506.9625778,137,14.849603176116943,nan,5.779244678499484,5.779244678499484,0.024728983135643853,0.9707947791812471
pid_smc_fusion,fusion,融合 035442,experimental_auto_20260818_035442.jsonl,1786996486.9625778,1786996506.9625778,138,14.901910066604614,nan,6.0058983976882026,6.0058983976882026,0.018839590881496494,0.9786595091587346
pid_smc_fusion,fusion,融合 035442,experimental_auto_20260818_035442.jsonl,1786996486.9625778,1786996506.9625778,139,15.001165866851807,nan,6.139857703735075,6.139857703735075,0.01233064095201457,0.9833035535631411
pid_smc_fusion,fusion,融合 035442,experimental_auto_20260818_035442.jsonl,1786996486.9625778,1786996506.9625778,140,15.101853609085083,nan,6.200509190995018,6.200509190995018,0.006165984487691139,0.9860458153434992
pid_smc_fusion,fusion,融合 035442,experimental_auto_20260818_035442.jsonl,1786996486.9625778,1786996506.9625778,141,15.24939489364624,nan,6.029711320887254,6.029711320887254,-0.003250145893733419,0.9876650935021828
pid_smc_fusion,fusion,融合 035442,experimental_auto_20260818_035442.jsonl,1786996486.9625778,1786996506.9625778,142,15.304305791854858,nan,5.864641326437303,5.864641326437303,-0.009682712678809435,0.8311619647275693
pid_smc_fusion,fusion,融合 035442,experimental_auto_20260818_035442.jsonl,1786996486.9625778,1786996506.9625778,143,15.405187129974365,nan,5.724996173396269,5.724996173396269,-0.013646282475213862,0.5752287558138612
pid_smc_fusion,fusion,融合 035442,experimental_auto_20260818_035442.jsonl,1786996486.9625778,1786996506.9625778,144,15.50247597694397,nan,5.6119876922494205,5.6119876922494205,-0.016079716821953874,0.41173077974936073
pid_smc_fusion,fusion,融合 035442,experimental_auto_20260818_035442.jsonl,1786996486.9625778,1786996506.9625778,145,15.651750802993774,nan,5.380536436939143,5.380536436939143,-0.020445115021607674,0.34826144155160776
pid_smc_fusion,fusion,融合 035442,experimental_auto_20260818_035442.jsonl,1786996486.9625778,1786996506.9625778,146,15.701950311660767,nan,5.210053080537113,5.210053080537113,-0.02255662908154276,0.4443571088045008
pid_smc_fusion,fusion,融合 035442,experimental_auto_20260818_035442.jsonl,1786996486.9625778,1786996506.9625778,147,15.803014516830444,nan,5.105471683042683,5.105471683042683,-0.02150889104347805,0.6046330104181565
pid_smc_fusion,fusion,融合 035442,experimental_auto_20260818_035442.jsonl,1786996486.9625778,1786996506.9625778,148,15.899909257888794,nan,5.062169952940043,5.062169952940043,-0.018445206758746956,0.7624446463218172
pid_smc_fusion,fusion,融合 035442,experimental_auto_20260818_035442.jsonl,1786996486.9625778,1786996506.9625778,149,16.051228284835815,nan,5.181539575490213,5.181539575490213,-0.012073707574994439,0.8556308392065698
pid_smc_fusion,fusion,融合 035442,experimental_auto_20260818_035442.jsonl,1786996486.9625778,1786996506.9625778,150,16.10173797607422,nan,5.304656221505777,5.304656221505777,-0.006808170502211622,0.9106563542430873
pid_smc_fusion,fusion,融合 035442,experimental_auto_20260818_035442.jsonl,1786996486.9625778,1786996506.9625778,151,16.202702522277832,nan,5.4164437508213865,5.4164437508213865,-0.0037376342022569543,0.9431483706170007
pid_smc_fusion,fusion,融合 035442,experimental_auto_20260818_035442.jsonl,1786996486.9625778,1786996506.9625778,152,16.3045973777771,nan,5.504077360342352,5.504077360342352,-0.0024311994809086334,0.9623345813656328
pid_smc_fusion,fusion,融合 035442,experimental_auto_20260818_035442.jsonl,1786996486.9625778,1786996506.9625778,153,16.449464559555054,nan,5.0100974134540515,5.0100974134540515,-0.014913926734296139,0.9736638469505924
pid_smc_fusion,fusion,融合 035442,experimental_auto_20260818_035442.jsonl,1786996486.9625778,1786996506.9625778,154,16.500710010528564,nan,4.598628402497152,4.598628402497152,-0.022018368330119727,0.9803536649858553
pid_smc_fusion,fusion,融合 035442,experimental_auto_20260818_035442.jsonl,1786996486.9625778,1786996506.9625778,155,16.60128617286682,nan,4.277450023511609,4.277450023511609,-0.02462296205449495,0.7392486912835871
pid_smc_fusion,fusion,融合 035442,experimental_auto_20260818_035442.jsonl,1786996486.9625778,1786996506.9625778,156,16.703699111938477,nan,4.031100055079073,4.031100055079073,-0.025147962050654074,0.44061405971604534
pid_smc_fusion,fusion,融合 035442,experimental_auto_20260818_035442.jsonl,1786996486.9625778,1786996506.9625778,157,16.85231113433838,nan,3.737842331701846,3.737842331701846,-0.027217185965978698,0.2642732961217276
pid_smc_fusion,fusion,融合 035442,experimental_auto_20260818_035442.jsonl,1786996486.9625778,1786996506.9625778,158,16.904565811157227,nan,3.5044252261144937,3.5044252261144937,-0.028235506442261166,0.16014583862691897
pid_smc_fusion,fusion,融合 035442,experimental_auto_20260818_035442.jsonl,1786996486.9625778,1786996506.9625778,159,17.001312017440796,nan,3.343183567200325,3.343183567200325,-0.026949822219398338,0.2557155844752637
pid_smc_fusion,fusion,融合 035442,experimental_auto_20260818_035442.jsonl,1786996486.9625778,1786996506.9625778,160,17.102606773376465,nan,3.2484436594391597,3.2484436594391597,-0.023593258010086722,0.4396340584254833
pid_smc_fusion,fusion,融合 035442,experimental_auto_20260818_035442.jsonl,1786996486.9625778,1786996506.9625778,161,17.306450366973877,nan,3.0884440941568947,3.0884440941568947,-0.021828385067662607,0.6054480807813379
pid_smc_fusion,fusion,融合 035442,experimental_auto_20260818_035442.jsonl,1786996486.9625778,1786996506.9625778,162,17.403899431228638,nan,2.9735453937057676,2.9735453937057676,-0.01868388407992837,0.7629259372205723
pid_smc_fusion,fusion,融合 035442,experimental_auto_20260818_035442.jsonl,1786996486.9625778,1786996506.9625778,163,17.49977159500122,nan,2.9068033680272776,2.9068033680272776,-0.014456804300423872,0.8559150366693757
pid_smc_fusion,fusion,融合 035442,experimental_auto_20260818_035442.jsonl,1786996486.9625778,1786996506.9625778,164,17.700769901275635,nan,2.7699246759630536,2.7699246759630536,-0.01223584525462251,0.9108241700028995
pid_smc_fusion,fusion,融合 035442,experimental_auto_20260818_035442.jsonl,1786996486.9625778,1786996506.9625778,165,17.806726694107056,nan,2.701238733828426,2.701238733828426,-0.009583284853717783,0.943247464145012
pid_smc_fusion,fusion,融合 035442,experimental_auto_20260818_035442.jsonl,1786996486.9625778,1786996506.9625778,166,17.904831171035767,nan,2.6650833427594334,2.6650833427594334,-0.00693027972055205,0.9623930951029882
pid_smc_fusion,fusion,融合 035442,experimental_auto_20260818_035442.jsonl,1786996486.9625778,1786996506.9625778,167,18.103277444839478,nan,2.432910570689739,2.432910570689739,-0.007887210094237485,0.9736983987273635
pid_smc_fusion,fusion,融合 035442,experimental_auto_20260818_035442.jsonl,1786996486.9625778,1786996506.9625778,168,18.20482110977173,nan,2.301331609167112,2.301331609167112,-0.007756237037523045,0.9803740674645209
pid_smc_fusion,fusion,融合 035442,experimental_auto_20260818_035442.jsonl,1786996486.9625778,1786996506.9625778,169,18.30710530281067,nan,2.2195610976052937,2.2195610976052937,-0.0072443370283540465,0.9778157626101718
pid_smc_fusion,fusion,融合 035442,experimental_auto_20260818_035442.jsonl,1786996486.9625778,1786996506.9625778,170,18.501890182495117,nan,2.1175784067097414,2.1175784067097414,-0.010142636422099777,0.8376061489540116
pid_smc_fusion,fusion,融合 035442,experimental_auto_20260818_035442.jsonl,1786996486.9625778,1786996506.9625778,171,18.55090308189392,nan,1.9734059092450962,1.9734059092450962,-0.011699450015789445,0.636334892780364
pid_smc_fusion,fusion,融合 035442,experimental_auto_20260818_035442.jsonl,1786996486.9625778,1786996506.9625778,172,18.653071880340576,nan,1.8869227286270607,1.8869227286270607,-0.01230092229772534,0.49485044280594775
pid_smc_fusion,fusion,融合 035442,experimental_auto_20260818_035442.jsonl,1786996486.9625778,1786996506.9625778,173,18.75478720664978,nan,1.8380414034244286,1.8380414034244286,-0.011850019077972002,0.42161209172966496
pid_smc_fusion,fusion,融合 035442,experimental_auto_20260818_035442.jsonl,1786996486.9625778,1786996506.9625778,174,18.904659271240234,nan,1.7055584681054614,1.7055584681054614,-0.013333326196265038,0.3682422821063691
pid_smc_fusion,fusion,融合 035442,experimental_auto_20260818_035442.jsonl,1786996486.9625778,1786996506.9625778,175,18.95018696784973,nan,1.590603517387501,1.590603517387501,-0.013636824839713664,0.3791359388028433
pid_smc_fusion,fusion,融合 035442,experimental_auto_20260818_035442.jsonl,1786996486.9625778,1786996506.9625778,176,19.05226755142212,nan,1.5358302778577193,1.5358302778577193,-0.012513973800127448,0.41969450996371316
pid_smc_fusion,fusion,融合 035442,experimental_auto_20260818_035442.jsonl,1786996486.9625778,1786996506.9625778,177,19.154081344604492,nan,1.5250983770705329,1.5250983770705329,-0.01034034112673403,0.47897728878898393
pid_smc_fusion,fusion,融合 035442,experimental_auto_20260818_035442.jsonl,1786996486.9625778,1786996506.9625778,178,19.304269313812256,nan,1.4533259033267854,1.4533259033267854,-0.008886745785641578,0.5423914313860375
pid_smc_fusion,fusion,融合 035442,experimental_auto_20260818_035442.jsonl,1786996486.9625778,1786996506.9625778,179,19.349806547164917,nan,1.413379668203052,1.413379668203052,-0.00695214811665698,0.6673011378818239
pid_smc_fusion,fusion,融合 035442,experimental_auto_20260818_035442.jsonl,1786996486.9625778,1786996506.9625778,180,19.452229261398315,nan,1.3729401986894985,1.3729401986894985,-0.004025932454408795,0.7994495489078381
pid_smc_fusion,fusion,融合 035442,experimental_auto_20260818_035442.jsonl,1786996486.9625778,1786996506.9625778,181,19.553702354431152,nan,1.3617829423817174,1.3617829423817174,-0.0017959025149895023,0.8774818641345893
pid_smc_fusion,fusion,融合 035442,experimental_auto_20260818_035442.jsonl,1786996486.9625778,1786996506.9625778,182,19.710991859436035,nan,1.7754335763654594,1.7754335763654594,0.009321568941311205,0.9235591659528336
pid_smc_fusion,fusion,融合 035442,experimental_auto_20260818_035442.jsonl,1786996486.9625778,1786996506.9625778,183,19.752594709396362,nan,2.118427899483477,2.118427899483477,0.015324946247399671,0.9507673519034887
pid_smc_fusion,fusion,融合 035442,experimental_auto_20260818_035442.jsonl,1786996486.9625778,1786996506.9625778,184,19.85664391517639,nan,2.3625447520462473,2.3625447520462473,0.016534001913146586,0.966833513625491
pid_smc_fusion,fusion,融合 035442,experimental_auto_20260818_035442.jsonl,1786996486.9625778,1786996506.9625778,185,19.95259380340576,nan,2.50784586765761,2.50784586765761,0.014912504986864106,0.9763204214607161
