figure,method,case,source,window_start_host_time_s,window_end_host_time_s,sample_index,time_s,forward_m,signed_error_cm,absolute_error_cm,velocity_m_s,model1_weight
fusion_fixed,fusion,融合 034641,experimental_auto_20260818_034641.jsonl,1786996001.8310375,1786996021.8310375,0,0.0,nan,2.5643815591610997,2.5643815591610997,0.0,0.01
fusion_fixed,fusion,融合 034641,experimental_auto_20260818_034641.jsonl,1786996001.8310375,1786996021.8310375,1,0.09660696983337402,nan,2.777103722313845,2.777103722313845,0.004860634300227662,0.010000000000000002
fusion_fixed,fusion,融合 034641,experimental_auto_20260818_034641.jsonl,1786996001.8310375,1786996021.8310375,2,0.29607391357421875,nan,4.4252850223089,4.4252850223089,0.08049212034269337,0.010000000000000004
fusion_fixed,fusion,融合 034641,experimental_auto_20260818_034641.jsonl,1786996001.8310375,1786996021.8310375,3,0.3955211639404297,nan,5.330957944152958,5.330957944152958,0.0797072721617063,0.010000000000000004
fusion_fixed,fusion,融合 034641,experimental_auto_20260818_034641.jsonl,1786996001.8310375,1786996021.8310375,4,0.49822068214416504,nan,5.75230962980573,5.75230962980573,0.05904145336818116,0.010000000000000004
fusion_fixed,fusion,融合 034641,experimental_auto_20260818_034641.jsonl,1786996001.8310375,1786996021.8310375,5,0.6461780071258545,nan,6.624871517085207,6.624871517085207,0.05933073862137558,0.010000000000000004
fusion_fixed,fusion,融合 034641,experimental_auto_20260818_034641.jsonl,1786996001.8310375,1786996021.8310375,6,0.6991045475006104,nan,7.0956595745951585,7.0956595745951585,0.04694033674753398,0.010000000000000004
fusion_fixed,fusion,融合 034641,experimental_auto_20260818_034641.jsonl,1786996001.8310375,1786996021.8310375,7,0.8000562191009521,nan,7.327439258478218,7.327439258478218,0.032132281446745126,0.34702200000000005
fusion_fixed,fusion,融合 034641,experimental_auto_20260818_034641.jsonl,1786996001.8310375,1786996021.8310375,8,0.9012258052825928,nan,7.431172292437727,7.431172292437727,0.01911276419044646,0.61032792078
fusion_fixed,fusion,融合 034641,experimental_auto_20260818_034641.jsonl,1786996001.8310375,1786996021.8310375,9,1.0988996028900146,nan,5.612509485119121,5.612509485119121,-0.032250460506111606,0.3644876339413823
fusion_fixed,fusion,融合 034641,experimental_auto_20260818_034641.jsonl,1786996001.8310375,1786996021.8310375,10,1.2468445301055908,nan,4.236864337277357,4.236864337277357,-0.05900233152512862,0.21932140296604685
fusion_fixed,fusion,融合 034641,experimental_auto_20260818_034641.jsonl,1786996001.8310375,1786996021.8310375,11,1.3465845584869385,nan,3.237788393645291,3.237788393645291,-0.06840320702508157,0.13360219523742103
fusion_fixed,fusion,融合 034641,experimental_auto_20260818_034641.jsonl,1786996001.8310375,1786996021.8310375,12,1.4976255893707275,nan,0.7272188888050146,0.7272188888050146,-0.1075943904108772,0.08298586026574477
fusion_fixed,fusion,融合 034641,experimental_auto_20260818_034641.jsonl,1786996001.8310375,1786996021.8310375,13,1.5461177825927734,nan,-1.1118227034466521,1.1118227034466521,-0.11870637549983129,0.05309742062831964
fusion_fixed,fusion,融合 034641,experimental_auto_20260818_034641.jsonl,1786996001.8310375,1786996021.8310375,14,1.6459524631500244,nan,-2.3698036621113694,2.3698036621113694,-0.11119640540836971,0.03544859590681647
fusion_fixed,fusion,融合 034641,experimental_auto_20260818_034641.jsonl,1786996001.8310375,1786996021.8310375,15,1.7465808391571045,nan,-3.152523377122418,3.152523377122418,-0.09305434774787018,0.02502714139701606
fusion_fixed,fusion,融合 034641,experimental_auto_20260818_034641.jsonl,1786996001.8310375,1786996021.8310375,16,1.8979268074035645,nan,-5.203621878837983,5.203621878837983,-0.10751859089023116,0.01887337672352402
fusion_fixed,fusion,融合 034641,experimental_auto_20260818_034641.jsonl,1786996001.8310375,1786996021.8310375,17,1.9461753368377686,nan,-6.662163331066018,6.662163331066018,-0.10364803357463317,0.0152396402214737
fusion_fixed,fusion,融合 034641,experimental_auto_20260818_034641.jsonl,1786996001.8310375,1786996021.8310375,18,2.0461418628692627,nan,-7.642206036717891,7.642206036717891,-0.08887261489226005,0.013093955154378008
fusion_fixed,fusion,融合 034641,experimental_auto_20260818_034641.jsonl,1786996001.8310375,1786996021.8310375,19,2.146428346633911,nan,-8.250617058268716,8.250617058268716,-0.06907320178488716,0.01182694957910867
fusion_fixed,fusion,融合 034641,experimental_auto_20260818_034641.jsonl,1786996001.8310375,1786996021.8310375,20,2.299726724624634,nan,-8.881203385588032,8.881203385588032,-0.05497322406267295,0.011078795456967879
fusion_fixed,fusion,融合 034641,experimental_auto_20260818_034641.jsonl,1786996001.8310375,1786996021.8310375,21,2.3460235595703125,nan,-9.28735142788456,9.28735142788456,-0.03953455365150224,0.010637017929384963
fusion_fixed,fusion,融合 034641,experimental_auto_20260818_034641.jsonl,1786996001.8310375,1786996021.8310375,22,2.446274757385254,nan,-9.54372260881664,9.54372260881664,-0.02513219928712996,0.010376152717122528
fusion_fixed,fusion,融合 034641,experimental_auto_20260818_034641.jsonl,1786996001.8310375,1786996021.8310375,23,2.546792984008789,nan,-9.704734680596495,9.704734680596495,-0.012856540579752912,0.19664900460701576
fusion_fixed,fusion,融合 034641,experimental_auto_20260818_034641.jsonl,1786996001.8310375,1786996021.8310375,24,2.699601173400879,nan,-8.688562942570888,8.688562942570888,0.021670967666321466,0.12021437073039676
fusion_fixed,fusion,融合 034641,experimental_auto_20260818_034641.jsonl,1786996001.8310375,1786996021.8310375,25,2.746699333190918,nan,-7.875160845634954,7.875160845634954,0.041268389822290974,0.07508048377259201
fusion_fixed,fusion,融合 034641,experimental_auto_20260818_034641.jsonl,1786996001.8310375,1786996021.8310375,26,2.850137948989868,nan,-7.278297947686097,7.278297947686097,0.04933494573885715,0.048429374862877864
fusion_fixed,fusion,融合 034641,experimental_auto_20260818_034641.jsonl,1786996001.8310375,1786996021.8310375,27,2.9512267112731934,nan,-6.886718034206007,6.886718034206007,0.049427437801828074,0.03269216156278076
fusion_fixed,fusion,融合 034641,experimental_auto_20260818_034641.jsonl,1786996001.8310375,1786996021.8310375,28,3.1032052040100098,nan,-5.362141859378999,5.362141859378999,0.07420170914573483,0.023399494481206415
fusion_fixed,fusion,融合 034641,experimental_auto_20260818_034641.jsonl,1786996001.8310375,1786996021.8310375,29,3.1500844955444336,nan,-4.223116144737227,4.223116144737227,0.08183794413752735,0.01791226749620758
fusion_fixed,fusion,融合 034641,experimental_auto_20260818_034641.jsonl,1786996001.8310375,1786996021.8310375,30,3.2515618801116943,nan,-3.4422479619806046,3.4422479619806046,0.07716118947598363,0.014672114833835615
fusion_fixed,fusion,融合 034641,experimental_auto_20260818_034641.jsonl,1786996001.8310375,1786996021.8310375,31,3.3495914936065674,nan,-2.971130704744507,2.971130704744507,0.06639679475370543,0.012758837088231594
fusion_fixed,fusion,融合 034641,experimental_auto_20260818_034641.jsonl,1786996001.8310375,1786996021.8310375,32,3.5022404193878174,nan,-2.864630617873387,2.864630617873387,0.049746134497509815,0.011629065712229873
fusion_fixed,fusion,融合 034641,experimental_auto_20260818_034641.jsonl,1786996001.8310375,1786996021.8310375,33,3.5503015518188477,nan,-2.8884578474574263,2.8884578474574263,0.034700938797738896,0.11980145773106554
fusion_fixed,fusion,融合 034641,experimental_auto_20260818_034641.jsonl,1786996001.8310375,1786996021.8310375,34,3.653409719467163,nan,-2.986485177992071,2.986485177992071,0.02229318163352694,0.47615646277561696
fusion_fixed,fusion,融合 034641,experimental_auto_20260818_034641.jsonl,1786996001.8310375,1786996021.8310375,35,3.7489185333251953,nan,-3.1189496411300754,3.1189496411300754,0.012546010093368226,0.6865805297043741
fusion_fixed,fusion,融合 034641,experimental_auto_20260818_034641.jsonl,1786996001.8310375,1786996021.8310375,36,3.9015614986419678,nan,-3.2709243314315017,3.2709243314315017,0.005313182351266941,0.8108338369851359
fusion_fixed,fusion,融合 034641,experimental_auto_20260818_034641.jsonl,1786996001.8310375,1786996021.8310375,37,3.950103282928467,nan,-3.408391537484301,3.408391537484301,0.0011008001772269517,0.884204172401353
fusion_fixed,fusion,融合 034641,experimental_auto_20260818_034641.jsonl,1786996001.8310375,1786996021.8310375,38,4.0536980628967285,nan,-3.5047169511536858,3.5047169511536858,-0.0011436703556750964,0.9275286217612748
fusion_fixed,fusion,融合 034641,experimental_auto_20260818_034641.jsonl,1786996001.8310375,1786996021.8310375,39,4.149484634399414,nan,-3.572883144767991,3.572883144767991,-0.0016694063573174389,0.9531112758638152
fusion_fixed,fusion,融合 034641,experimental_auto_20260818_034641.jsonl,1786996001.8310375,1786996021.8310375,40,4.351028919219971,nan,-3.3333895353298892,3.3333895353298892,0.005911268340722779,0.9682175772848242
fusion_fixed,fusion,融合 034641,experimental_auto_20260818_034641.jsonl,1786996001.8310375,1786996021.8310375,41,4.502964973449707,nan,-3.0997025964815905,3.0997025964815905,0.01051201595391308,0.9771376972109157
fusion_fixed,fusion,融合 034641,experimental_auto_20260818_034641.jsonl,1786996001.8310375,1786996021.8310375,42,4.5997114181518555,nan,-2.917233423821719,2.917233423821719,0.012579290694807376,0.8015445806357098
fusion_fixed,fusion,融合 034641,experimental_auto_20260818_034641.jsonl,1786996001.8310375,1786996021.8310375,43,4.7493064403533936,nan,-2.576118136643024,2.576118136643024,0.017620582042364993,0.47739915941958033
fusion_fixed,fusion,融合 034641,experimental_auto_20260818_034641.jsonl,1786996001.8310375,1786996021.8310375,44,4.79841685295105,nan,-2.302781654474817,2.302781654474817,0.01999188197728913,0.28599452964566796
fusion_fixed,fusion,融合 034641,experimental_auto_20260818_034641.jsonl,1786996001.8310375,1786996021.8310375,45,4.901309967041016,nan,-2.0833125936504215,2.0833125936504215,0.020319129252895113,0.1729720098104705
fusion_fixed,fusion,融合 034641,experimental_auto_20260818_034641.jsonl,1786996001.8310375,1786996021.8310375,46,5.004263162612915,nan,-1.9199439182143951,1.9199439182143951,0.019078035633530725,0.10623334207298475
fusion_fixed,fusion,融合 034641,experimental_auto_20260818_034641.jsonl,1786996001.8310375,1786996021.8310375,47,5.1530983448028564,nan,-1.6314104786619987,1.6314104786619987,0.021593776717697993,0.06682482616067677
fusion_fixed,fusion,融合 034641,experimental_auto_20260818_034641.jsonl,1786996001.8310375,1786996021.8310375,48,5.197355508804321,nan,-1.4143670109537654,1.4143670109537654,0.021691174694170968,0.043554491599618037
fusion_fixed,fusion,融合 034641,experimental_auto_20260818_034641.jsonl,1786996001.8310375,1786996021.8310375,49,5.299909830093384,nan,-1.2672143554986581,1.2672143554986581,0.01965613048660551,0.029813591744658453
fusion_fixed,fusion,融合 034641,experimental_auto_20260818_034641.jsonl,1786996001.8310375,1786996021.8310375,50,5.400800943374634,nan,-1.177842744763924,1.177842744763924,0.01653082022445366,0.021699727789303375
fusion_fixed,fusion,融合 034641,experimental_auto_20260818_034641.jsonl,1786996001.8310375,1786996021.8310375,51,5.552076578140259,nan,-1.3040119106078274,1.3040119106078274,0.009820919136310478,0.1812886293703008
fusion_fixed,fusion,融合 034641,experimental_auto_20260818_034641.jsonl,1786996001.8310375,1786996021.8310375,52,5.599617004394531,nan,-1.4187266223995687,1.4187266223995687,0.004528071814872829,0.512464022756869
fusion_fixed,fusion,融合 034641,experimental_auto_20260818_034641.jsonl,1786996001.8310375,1786996021.8310375,53,5.70236349105835,nan,-1.5288281001649473,1.5288281001649473,0.0007084630964205199,0.7080197807977036
fusion_fixed,fusion,融合 034641,experimental_auto_20260818_034641.jsonl,1786996001.8310375,1786996021.8310375,54,5.850109577178955,nan,-1.6144311936073574,1.6144311936073574,-0.001559256042159121,0.823493500363236
fusion_fixed,fusion,融合 034641,experimental_auto_20260818_034641.jsonl,1786996001.8310375,1786996021.8310375,55,6.0030529499053955,nan,-1.5327413749948948,1.5327413749948948,0.0008234310918034332,0.8916795770294872
fusion_fixed,fusion,融合 034641,experimental_auto_20260818_034641.jsonl,1786996001.8310375,1786996021.8310375,56,6.1039674282073975,nan,-1.4618266988808526,1.4618266988808526,0.0023262830421009587,0.9319427734401419
fusion_fixed,fusion,融合 034641,experimental_auto_20260818_034641.jsonl,1786996001.8310375,1786996021.8310375,57,6.248725414276123,nan,-1.4099707055330035,1.4099707055330035,0.003359475740755077,0.9557177882886693
fusion_fixed,fusion,融合 034641,experimental_auto_20260818_034641.jsonl,1786996001.8310375,1786996021.8310375,58,6.402214765548706,nan,-0.6633924589061091,0.6633924589061091,0.019827503534902195,0.5684368968065764
fusion_fixed,fusion,融合 034641,experimental_auto_20260818_034641.jsonl,1786996001.8310375,1786996021.8310375,59,6.449039459228516,nan,-0.0320820940437061,0.0320820940437061,0.028884191041810198,0.33975140319531527
fusion_fixed,fusion,融合 034641,experimental_auto_20260818_034641.jsonl,1786996001.8310375,1786996021.8310375,60,6.553144931793213,nan,0.4706833858042492,0.4706833858042492,0.03238728042814861,0.20471490607280174
fusion_fixed,fusion,融合 034641,experimental_auto_20260818_034641.jsonl,1786996001.8310375,1786996021.8310375,61,6.652239084243774,nan,0.8633234152968905,0.8633234152968905,0.03177936607654538,0.1249772048869287
fusion_fixed,fusion,融合 034641,experimental_auto_20260818_034641.jsonl,1786996001.8310375,1786996021.8310375,62,6.800149440765381,nan,1.2157583042406883,1.2157583042406883,0.02937914730921444,0.07789288971368255
fusion_fixed,fusion,融合 034641,experimental_auto_20260818_034641.jsonl,1786996001.8310375,1786996021.8310375,63,6.848613023757935,nan,1.4465317333374639,1.4465317333374639,0.02456176430544931,0.05009007244703242
fusion_fixed,fusion,融合 034641,experimental_auto_20260818_034641.jsonl,1786996001.8310375,1786996021.8310375,64,6.951928377151489,nan,1.5833372836015713,1.5833372836015713,0.018359238009243547,0.03367278687924818
fusion_fixed,fusion,融合 034641,experimental_auto_20260818_034641.jsonl,1786996001.8310375,1786996021.8310375,65,7.053986072540283,nan,1.6497788101976107,1.6497788101976107,0.012627741218078747,0.023978543924327266
fusion_fixed,fusion,融合 034641,experimental_auto_20260818_034641.jsonl,1786996001.8310375,1786996021.8310375,66,7.198606967926025,nan,1.7606593331935705,1.7606593331935705,0.00924550774123374,0.17542164309590857
fusion_fixed,fusion,融合 034641,experimental_auto_20260818_034641.jsonl,1786996001.8310375,1786996021.8310375,67,7.248142242431641,nan,1.8082011531872388,1.8082011531872388,0.00597705162850995,0.5089996260317031
fusion_fixed,fusion,融合 034641,experimental_auto_20260818_034641.jsonl,1786996001.8310375,1786996021.8310375,68,7.351161241531372,nan,1.8194497264689913,1.8194497264689913,0.0031007842731828627,0.7059740891754603
fusion_fixed,fusion,融合 034641,experimental_auto_20260818_034641.jsonl,1786996001.8310375,1786996021.8310375,69,7.452078819274902,nan,1.803917349276507,1.803917349276507,0.0005766227313376138,0.8222855399172175
fusion_fixed,fusion,融合 034641,experimental_auto_20260818_034641.jsonl,1786996001.8310375,1786996021.8310375,70,7.604311466217041,nan,2.053092111523014,2.053092111523014,0.0052720770542100046,0.5060111804870798
fusion_fixed,fusion,融合 034641,experimental_auto_20260818_034641.jsonl,1786996001.8310375,1786996021.8310375,71,7.646928548812866,nan,2.2491370266727206,2.2491370266727206,0.00710523742730974,0.3028896419658158
fusion_fixed,fusion,融合 034641,experimental_auto_20260818_034641.jsonl,1786996001.8310375,1786996021.8310375,72,7.749677896499634,nan,2.376007936437985,2.376007936437985,0.006957567358445451,0.1829484046843946
fusion_fixed,fusion,融合 034641,experimental_auto_20260818_034641.jsonl,1786996001.8310375,1786996021.8310375,73,7.85138463973999,nan,2.4521421303727364,2.4521421303727364,0.005609996604860253,0.11212430348208818
fusion_fixed,fusion,融合 034641,experimental_auto_20260818_034641.jsonl,1786996001.8310375,1786996021.8310375,74,8.003715991973877,nan,2.0164136679543643,2.0164136679543643,-0.006846244807618024,0.07030337996313826
fusion_fixed,fusion,融合 034641,experimental_auto_20260818_034641.jsonl,1786996001.8310375,1786996021.8310375,75,8.047353267669678,nan,1.6608990415560076,1.6608990415560076,-0.014307975193067462,0.19771178119724112
fusion_fixed,fusion,融合 034641,experimental_auto_20260818_034641.jsonl,1786996001.8310375,1786996021.8310375,76,8.149386644363403,nan,1.3834649860266834,1.3834649860266834,-0.01771924854143363,0.522161729679159
fusion_fixed,fusion,融合 034641,experimental_auto_20260818_034641.jsonl,1786996001.8310375,1786996021.8310375,77,8.250628232955933,nan,1.1881662544145688,1.1881662544145688,-0.018071160795489555,0.7137461797582466
fusion_fixed,fusion,融合 034641,experimental_auto_20260818_034641.jsonl,1786996001.8310375,1786996021.8310375,78,8.403483629226685,nan,0.3523844443185653,0.3523844443185653,-0.03375019148440739,0.8268748816854471
fusion_fixed,fusion,融合 034641,experimental_auto_20260818_034641.jsonl,1786996001.8310375,1786996021.8310375,79,8.449841260910034,nan,-0.3014898040122338,0.3014898040122338,-0.03946189239883771,0.8936762488864396
fusion_fixed,fusion,融合 034641,experimental_auto_20260818_034641.jsonl,1786996001.8310375,1786996021.8310375,80,8.550312280654907,nan,-0.7512943991461851,0.7512943991461851,-0.03788728963006153,0.9331217882049537
fusion_fixed,fusion,融合 034641,experimental_auto_20260818_034641.jsonl,1786996001.8310375,1786996021.8310375,81,8.650771141052246,nan,-1.0162966314193445,1.0162966314193445,-0.03227958324795661,0.9564139847171432
fusion_fixed,fusion,融合 034641,experimental_auto_20260818_034641.jsonl,1786996001.8310375,1786996021.8310375,82,8.80315899848938,nan,-1.332966652837908,1.332966652837908,-0.029316834675321316,0.9701677938356259
fusion_fixed,fusion,融合 034641,experimental_auto_20260818_034641.jsonl,1786996001.8310375,1786996021.8310375,83,8.850513219833374,nan,-1.5284752066171858,1.5284752066171858,-0.023995454921352785,0.9782892805819987
fusion_fixed,fusion,融合 034641,experimental_auto_20260818_034641.jsonl,1786996001.8310375,1786996021.8310375,84,8.950950384140015,nan,-1.6186045744347455,1.6186045744347455,-0.017841949548940375,0.7898585520420828
fusion_fixed,fusion,融合 034641,experimental_auto_20260818_034641.jsonl,1786996001.8310375,1786996021.8310375,85,9.049557447433472,nan,-1.637819506261573,1.637819506261573,-0.011607669766730184,0.4704986763953295
fusion_fixed,fusion,融合 034641,experimental_auto_20260818_034641.jsonl,1786996001.8310375,1786996021.8310375,86,9.200334787368774,nan,-1.5742223442471448,1.5742223442471448,-0.005049406497667831,0.2819198634246782
fusion_fixed,fusion,融合 034641,experimental_auto_20260818_034641.jsonl,1786996001.8310375,1786996021.8310375,87,9.24855661392212,nan,-1.5129693438954872,1.5129693438954872,4.6709762440623904e-05,0.17056596015363823
fusion_fixed,fusion,融合 034641,experimental_auto_20260818_034641.jsonl,1786996001.8310375,1786996021.8310375,88,9.352238178253174,nan,-1.4642214619442817,1.4642214619442817,0.0035465258098619987,0.10481259381112185
fusion_fixed,fusion,融合 034641,experimental_auto_20260818_034641.jsonl,1786996001.8310375,1786996021.8310375,89,9.452970266342163,nan,-1.4268420006659066,1.4268420006659066,0.004965451916986594,0.06598588851952936
fusion_fixed,fusion,融合 034641,experimental_auto_20260818_034641.jsonl,1786996001.8310375,1786996021.8310375,90,9.602479934692383,nan,-0.7966948800311235,0.7966948800311235,0.01895884749372031,0.043059107311896896
fusion_fixed,fusion,融合 034641,experimental_auto_20260818_034641.jsonl,1786996001.8310375,1786996021.8310375,91,9.647660255432129,nan,-0.30833997758193954,0.30833997758193954,0.025516061810464834,0.029521072276602
fusion_fixed,fusion,融合 034641,experimental_auto_20260818_034641.jsonl,1786996001.8310375,1786996021.8310375,92,9.74976372718811,nan,0.03165939348408475,0.03165939348408475,0.026473656732771772,0.021526997968610722
fusion_fixed,fusion,融合 034641,experimental_auto_20260818_034641.jsonl,1786996001.8310375,1786996021.8310375,93,9.851189613342285,nan,0.24164902610394057,0.24164902610394057,0.023579131756555453,0.01680657703048495
fusion_fixed,fusion,融合 034641,experimental_auto_20260818_034641.jsonl,1786996001.8310375,1786996021.8310375,94,10.05441927909851,nan,0.6391188995472641,0.6391188995472641,0.025807821718818066,0.014019215670731063
fusion_fixed,fusion,融合 034641,experimental_auto_20260818_034641.jsonl,1786996001.8310375,1786996021.8310375,95,10.149288892745972,nan,0.9222411580803835,0.9222411580803835,0.024346736262149386,0.012373306661409986
fusion_fixed,fusion,融合 034641,experimental_auto_20260818_034641.jsonl,1786996001.8310375,1786996021.8310375,96,10.300772190093994,nan,1.1313762192207921,1.1313762192207921,0.020211022590414483,0.011401413850495982
fusion_fixed,fusion,融合 034641,experimental_auto_20260818_034641.jsonl,1786996001.8310375,1786996021.8310375,97,10.45315933227539,nan,2.033710689154866,2.033710689154866,0.03258256550781951,0.010827520864579374
fusion_fixed,fusion,融合 034641,experimental_auto_20260818_034641.jsonl,1786996001.8310375,1786996021.8310375,98,10.60097861289978,nan,2.6939961907186505,2.6939961907186505,0.03623657415855094,0.010488642795325478
fusion_fixed,fusion,融合 034641,experimental_auto_20260818_034641.jsonl,1786996001.8310375,1786996021.8310375,99,10.698629379272461,nan,3.1707381639385357,3.1707381639385357,0.033529961632774774,0.010288538684211743
fusion_fixed,fusion,融合 034641,experimental_auto_20260818_034641.jsonl,1786996001.8310375,1786996021.8310375,100,10.85021424293518,nan,2.9862143990419643,2.9862143990419643,0.016178907613732127,0.010170379207640197
fusion_fixed,fusion,融合 034641,experimental_auto_20260818_034641.jsonl,1786996001.8310375,1786996021.8310375,101,10.898551940917969,nan,2.7673934114670007,2.7673934114670007,0.0032586690663855833,0.01010060721831946
fusion_fixed,fusion,融合 034641,experimental_auto_20260818_034641.jsonl,1786996001.8310375,1786996021.8310375,102,11.001978874206543,nan,2.5662865895481057,2.5662865895481057,-0.005301843551084781,0.010100607218319462
fusion_fixed,fusion,融合 034641,experimental_auto_20260818_034641.jsonl,1786996001.8310375,1786996021.8310375,103,11.103092670440674,nan,2.3934623274292965,2.3934623274292965,-0.01014658926634192,0.0100660083959394
fusion_fixed,fusion,融合 034641,experimental_auto_20260818_034641.jsonl,1786996001.8310375,1786996021.8310375,104,11.249737739562988,nan,1.1114977305367146,1.1114977305367146,-0.038117872793666914,0.01003897729771826
fusion_fixed,fusion,融合 034641,experimental_auto_20260818_034641.jsonl,1786996001.8310375,1786996021.8310375,105,11.297561883926392,nan,0.10413913558591226,0.10413913558591226,-0.05107595189524556,0.010023015704529653
fusion_fixed,fusion,融合 034641,experimental_auto_20260818_034641.jsonl,1786996001.8310375,1786996021.8310375,106,11.400789737701416,nan,-0.6452305248355494,0.6452305248355494,-0.05307979041009815,0.010013590543367715
fusion_fixed,fusion,融合 034641,experimental_auto_20260818_034641.jsonl,1786996001.8310375,1786996021.8310375,107,11.502300024032593,nan,-1.1644786196503443,1.1644786196503443,-0.04818524224597714,0.010008025079953204
fusion_fixed,fusion,融合 034641,experimental_auto_20260818_034641.jsonl,1786996001.8310375,1786996021.8310375,108,11.65409779548645,nan,-2.7477928176314004,2.7477928176314004,-0.06768116459155421,0.01000473872946157
fusion_fixed,fusion,融合 034641,experimental_auto_20260818_034641.jsonl,1786996001.8310375,1786996021.8310375,109,11.696781396865845,nan,-3.9136147821360767,3.9136147821360767,-0.07164931524303578,0.010002798172359766
fusion_fixed,fusion,融合 034641,experimental_auto_20260818_034641.jsonl,1786996001.8310375,1786996021.8310375,110,11.79886770248413,nan,-4.730147568060882,4.730147568060882,-0.06516056326466606,0.01000165229279672
fusion_fixed,fusion,融合 034641,experimental_auto_20260818_034641.jsonl,1786996001.8310375,1786996021.8310375,111,11.897200345993042,nan,-5.249464708836149,5.249464708836149,-0.052859138444191385,0.010000975662373537
fusion_fixed,fusion,融合 034641,experimental_auto_20260818_034641.jsonl,1786996001.8310375,1786996021.8310375,112,12.052893877029419,nan,-5.84388540446562,5.84388540446562,-0.04483387297902522,0.010000576118874949
fusion_fixed,fusion,融合 034641,experimental_auto_20260818_034641.jsonl,1786996001.8310375,1786996021.8310375,113,12.100151777267456,nan,-6.250538870529631,6.250538870529631,-0.03496834890845916,0.34702237799159386
fusion_fixed,fusion,融合 034641,experimental_auto_20260818_034641.jsonl,1786996001.8310375,1786996021.8310375,114,12.2041654586792,nan,-6.540750724819356,6.540750724819356,-0.025494918767493158,0.6103281439802563
fusion_fixed,fusion,融合 034641,experimental_auto_20260818_034641.jsonl,1786996001.8310375,1786996021.8310375,115,12.298823595046997,nan,-6.743908228954387,6.743908228954387,-0.017274407940783172,0.7658075657389014
fusion_fixed,fusion,融合 034641,experimental_auto_20260818_034641.jsonl,1786996001.8310375,1786996021.8310375,116,12.451273918151855,nan,-6.485068042255982,6.485068042255982,-0.0012884235857688019,0.6920897446769588
fusion_fixed,fusion,融合 034641,experimental_auto_20260818_034641.jsonl,1786996001.8310375,1786996021.8310375,117,12.499271631240845,nan,-6.245806220421191,6.245806220421191,0.009264866648034147,0.4127671733342974
fusion_fixed,fusion,融合 034641,experimental_auto_20260818_034641.jsonl,1786996001.8310375,1786996021.8310375,118,12.603038787841797,nan,-6.0499884339924925,6.0499884339924925,0.016017432243544717,0.2478299881821693
fusion_fixed,fusion,融合 034641,experimental_auto_20260818_034641.jsonl,1786996001.8310375,1786996021.8310375,119,12.703901529312134,nan,-5.907733705281048,5.907733705281048,0.019357812985024814,0.15043622972168916
fusion_fixed,fusion,融合 034641,experimental_auto_20260818_034641.jsonl,1786996001.8310375,1786996021.8310375,120,12.84976577758789,nan,-3.335842480297535,3.335842480297535,0.0764789104663336,0.09292618928836024
fusion_fixed,fusion,融合 034641,experimental_auto_20260818_034641.jsonl,1786996001.8310375,1786996021.8310375,121,12.898326396942139,nan,-1.3238026810708736,1.3238026810708736,0.10326809321144105,0.05896708551288385
fusion_fixed,fusion,融合 034641,experimental_auto_20260818_034641.jsonl,1786996001.8310375,1786996021.8310375,122,13.000445365905762,nan,0.12767789650700578,0.12767789650700578,0.10763656796803482,0.03891457432450279
fusion_fixed,fusion,融合 034641,experimental_auto_20260818_034641.jsonl,1786996001.8310375,1786996021.8310375,123,13.10214877128601,nan,1.0785988826838677,1.0785988826838677,0.09767309885249864,0.02707376699287566
fusion_fixed,fusion,融合 034641,experimental_auto_20260818_034641.jsonl,1786996001.8310375,1786996021.8310375,124,13.252527952194214,nan,3.1121898695234185,3.1121898695234185,0.11305504660536955,0.020081888671623156
fusion_fixed,fusion,融合 034641,experimental_auto_20260818_034641.jsonl,1786996001.8310375,1786996021.8310375,125,13.29719591140747,nan,4.532959527345504,4.532959527345504,0.10864871053057908,0.01595325444170676
fusion_fixed,fusion,融合 034641,experimental_auto_20260818_034641.jsonl,1786996001.8310375,1786996021.8310375,126,13.40049695968628,nan,5.43889404211626,5.43889404211626,0.0923033402460341,0.013515337215283425
fusion_fixed,fusion,融合 034641,experimental_auto_20260818_034641.jsonl,1786996001.8310375,1786996021.8310375,127,13.501246929168701,nan,5.947679941181539,5.947679941181539,0.07038441793591974,0.012075771472252712
fusion_fixed,fusion,融合 034641,experimental_auto_20260818_034641.jsonl,1786996001.8310375,1786996021.8310375,128,13.653311252593994,nan,6.855698279056133,6.855698279056133,0.06311410300566271,0.011225722296650507
fusion_fixed,fusion,融合 034641,experimental_auto_20260818_034641.jsonl,1786996001.8310375,1786996021.8310375,129,13.69987440109253,nan,7.431174995981538,7.431174995981538,0.05048484140107598,0.010723776758949165
fusion_fixed,fusion,融合 034641,experimental_auto_20260818_034641.jsonl,1786996001.8310375,1786996021.8310375,130,13.801805973052979,nan,7.767508532386014,7.767508532386014,0.03573840442567025,0.010427382938391894
fusion_fixed,fusion,融合 034641,experimental_auto_20260818_034641.jsonl,1786996001.8310375,1786996021.8310375,131,13.899479866027832,nan,7.931098971023154,7.931098971023154,0.021346094853078687,0.01025236535129103
fusion_fixed,fusion,融合 034641,experimental_auto_20260818_034641.jsonl,1786996001.8310375,1786996021.8310375,132,14.10305905342102,nan,8.308830666759338,8.308830666759338,0.015831923822009555,0.41146881921628387
fusion_fixed,fusion,融合 034641,experimental_auto_20260818_034641.jsonl,1786996001.8310375,1786996021.8310375,133,14.251206636428833,nan,8.538134786135053,8.538134786135053,0.010067483222768651,0.6483831230590235
fusion_fixed,fusion,融合 034641,experimental_auto_20260818_034641.jsonl,1786996001.8310375,1786996021.8310375,134,14.348555088043213,nan,8.665214610279492,8.665214610279492,0.0044822867065695046,0.7882786503351228
fusion_fixed,fusion,融合 034641,experimental_auto_20260818_034641.jsonl,1786996001.8310375,1786996021.8310375,135,14.500689268112183,nan,7.904459931661966,7.904459931661966,-0.019059281212454687,0.7619216585430945
fusion_fixed,fusion,融合 034641,experimental_auto_20260818_034641.jsonl,1786996001.8310375,1786996021.8310375,136,14.60146164894104,nan,7.2776896610816095,7.2776896610816095,-0.03248933935748647,0.46688014929353244
fusion_fixed,fusion,融合 034641,experimental_auto_20260818_034641.jsonl,1786996001.8310375,1786996021.8310375,137,14.753583908081055,nan,6.799304838480613,6.799304838480613,-0.03877812521315814,0.279783159356338
fusion_fixed,fusion,融合 034641,experimental_auto_20260818_034641.jsonl,1786996001.8310375,1786996021.8310375,138,14.899531602859497,nan,5.458883866457298,5.458883866457298,-0.06247645300198698,0.16930425776832408
fusion_fixed,fusion,融合 034641,experimental_auto_20260818_034641.jsonl,1786996001.8310375,1786996021.8310375,139,14.947226524353027,nan,4.472882975164061,4.472882975164061,-0.07063929321489049,0.1040675711696177
fusion_fixed,fusion,融合 034641,experimental_auto_20260818_034641.jsonl,1786996001.8310375,1786996021.8310375,140,15.05065107345581,nan,3.8144045438347596,3.8144045438347596,-0.06763168040063318,0.06554596009994756
fusion_fixed,fusion,融合 034641,experimental_auto_20260818_034641.jsonl,1786996001.8310375,1786996021.8310375,141,15.15086555480957,nan,3.4113052069080885,3.4113052069080885,-0.05859461155694623,0.04279933397941804
fusion_fixed,fusion,融合 034641,experimental_auto_20260818_034641.jsonl,1786996001.8310375,1786996021.8310375,142,15.303786277770996,nan,2.422034914363047,2.422034914363047,-0.06456552127536819,0.029367678721506568
fusion_fixed,fusion,融合 034641,experimental_auto_20260818_034641.jsonl,1786996001.8310375,1786996021.8310375,143,15.349441766738892,nan,1.7349877133875924,1.7349877133875924,-0.06162779990794596,0.02143642060826242
fusion_fixed,fusion,融合 034641,experimental_auto_20260818_034641.jsonl,1786996001.8310375,1786996021.8310375,144,15.450333595275879,nan,1.3064215532745949,1.3064215532745949,-0.053254978091873066,0.01675309200497288
fusion_fixed,fusion,融合 034641,experimental_auto_20260818_034641.jsonl,1786996001.8310375,1786996021.8310375,145,15.551384449005127,nan,1.078888768980435,1.078888768980435,-0.04252325952098036,0.01398763329801644
fusion_fixed,fusion,融合 034641,experimental_auto_20260818_034641.jsonl,1786996001.8310375,1786996021.8310375,146,15.70171308517456,nan,0.8639574155232865,0.8639574155232865,-0.03419227567309457,0.012354657586145727
fusion_fixed,fusion,融合 034641,experimental_auto_20260818_034641.jsonl,1786996001.8310375,1786996021.8310375,147,15.749252080917358,nan,0.7673272427027866,0.7673272427027866,-0.02545008833827199,0.38660348783397425
fusion_fixed,fusion,融合 034641,experimental_auto_20260818_034641.jsonl,1786996001.8310375,1786996021.8310375,148,15.8532555103302,nan,0.7396282090052275,0.7396282090052275,-0.01714514929849227,0.6337003935310835
fusion_fixed,fusion,融合 034641,experimental_auto_20260818_034641.jsonl,1786996001.8310375,1786996021.8310375,149,15.952065706253052,nan,0.7539257439671987,0.7539257439671987,-0.01022855741807468,0.7796086453761695
fusion_fixed,fusion,融合 034641,experimental_auto_20260818_034641.jsonl,1786996001.8310375,1786996021.8310375,150,16.09959626197815,nan,1.5303086886477857,1.5303086886477857,0.01137555896727803,0.8657660090081742
fusion_fixed,fusion,融合 034641,experimental_auto_20260818_034641.jsonl,1786996001.8310375,1786996021.8310375,151,16.14807629585266,nan,2.1498968978154287,2.1498968978154287,0.022350791405561527,0.9166410706592367
fusion_fixed,fusion,融合 034641,experimental_auto_20260818_034641.jsonl,1786996001.8310375,1786996021.8310375,152,16.251010417938232,nan,2.586695326990529,2.586695326990529,0.025886613026023998,0.9466822858135727
fusion_fixed,fusion,融合 034641,experimental_auto_20260818_034641.jsonl,1786996001.8310375,1786996021.8310375,153,16.352429628372192,nan,2.869484912065401,2.869484912065401,0.02393437079048329,0.9644213229500564
fusion_fixed,fusion,融合 034641,experimental_auto_20260818_034641.jsonl,1786996001.8310375,1786996021.8310375,154,16.500325918197632,nan,3.578624555255605,3.578624555255605,0.03163691629444593,0.9748960469887787
fusion_fixed,fusion,融合 034641,experimental_auto_20260818_034641.jsonl,1786996001.8310375,1786996021.8310375,155,16.546987771987915,nan,4.0800148786109265,4.0800148786109265,0.03185279094350329,0.9810812667864038
fusion_fixed,fusion,融合 034641,experimental_auto_20260818_034641.jsonl,1786996001.8310375,1786996021.8310375,156,16.65388321876526,nan,4.402568423457565,4.402568423457565,0.027553709507053156,0.9847335772247036
fusion_fixed,fusion,融合 034641,experimental_auto_20260818_034641.jsonl,1786996001.8310375,1786996021.8310375,157,16.750731706619263,nan,4.594547182353126,4.594547182353126,0.021050777895655386,0.9868902300154152
fusion_fixed,fusion,融合 034641,experimental_auto_20260818_034641.jsonl,1786996001.8310375,1786996021.8310375,158,16.902751684188843,nan,5.047249517100827,5.047249517100827,0.022160788477963912,0.9881637119218025
fusion_fixed,fusion,融合 034641,experimental_auto_20260818_034641.jsonl,1786996001.8310375,1786996021.8310375,159,16.95001482963562,nan,5.358187559676663,5.358187559676663,0.019746684953658104,0.9889156902527052
fusion_fixed,fusion,融合 034641,experimental_auto_20260818_034641.jsonl,1786996001.8310375,1786996021.8310375,160,17.048607349395752,nan,5.5631939683259635,5.5631939683259635,0.015424036390572039,0.9893597259373198
fusion_fixed,fusion,融合 034641,experimental_auto_20260818_034641.jsonl,1786996001.8310375,1786996021.8310375,161,17.153019428253174,nan,5.689196265109608,5.689196265109608,0.010531613675197324,0.9896219245687279
fusion_fixed,fusion,融合 034641,experimental_auto_20260818_034641.jsonl,1786996001.8310375,1786996021.8310375,162,17.297444343566895,nan,5.682969680542671,5.682969680542671,0.003986157337068158,0.989776750238588
fusion_fixed,fusion,融合 034641,experimental_auto_20260818_034641.jsonl,1786996001.8310375,1786996021.8310375,163,17.35051918029785,nan,5.650162846715611,5.650162846715611,-0.0010256427976556347,0.9898681732483837
fusion_fixed,fusion,融合 034641,experimental_auto_20260818_034641.jsonl,1786996001.8310375,1786996021.8310375,164,17.448381662368774,nan,5.615859164406234,5.615859164406234,-0.004517941425288239,0.9899221576214381
fusion_fixed,fusion,融合 034641,experimental_auto_20260818_034641.jsonl,1786996001.8310375,1786996021.8310375,165,17.551740884780884,nan,5.583133514360794,5.583133514360794,-0.006732909797151558,0.9609201141177388
fusion_fixed,fusion,融合 034641,experimental_auto_20260818_034641.jsonl,1786996001.8310375,1786996021.8310375,166,17.699475049972534,nan,5.283283770687475,5.283283770687475,-0.01421320650631016,0.841242707764628
fusion_fixed,fusion,融合 034641,experimental_auto_20260818_034641.jsonl,1786996001.8310375,1786996021.8310375,167,17.74824595451355,nan,5.03858745167226,5.03858745167226,-0.018285091183313004,0.7245062812102325
fusion_fixed,fusion,融合 034641,experimental_auto_20260818_034641.jsonl,1786996001.8310375,1786996021.8310375,168,17.846158504486084,nan,4.840776485470855,4.840776485470855,-0.020075821095252324,0.6091929461970773
fusion_fixed,fusion,融合 034641,experimental_auto_20260818_034641.jsonl,1786996001.8310375,1786996021.8310375,169,17.952351808547974,nan,4.689002535991548,4.689002535991548,-0.02025137559142265,0.5182770897983863
fusion_fixed,fusion,融合 034641,experimental_auto_20260818_034641.jsonl,1786996001.8310375,1786996021.8310375,170,18.149005889892578,nan,4.436393970578467,4.436393970578467,-0.02251782592784032,0.44921895553846825
fusion_fixed,fusion,融合 034641,experimental_auto_20260818_034641.jsonl,1786996001.8310375,1786996021.8310375,171,18.250726222991943,nan,4.247371638173602,4.247371638173602,-0.022497123046374478,0.503929829430065
fusion_fixed,fusion,融合 034641,experimental_auto_20260818_034641.jsonl,1786996001.8310375,1786996021.8310375,172,18.35140371322632,nan,4.114636892834067,4.114636892834067,-0.020588835936948786,0.6133052980732057
fusion_fixed,fusion,融合 034641,experimental_auto_20260818_034641.jsonl,1786996001.8310375,1786996021.8310375,173,18.549858808517456,nan,3.9430944841061133,3.9430944841061133,-0.019149914997257378,0.7151942539891858
fusion_fixed,fusion,融合 034641,experimental_auto_20260818_034641.jsonl,1786996001.8310375,1786996021.8310375,174,18.598253965377808,nan,3.8433294068186297,3.8433294068186297,-0.01633386519851038,0.8115371298258326
fusion_fixed,fusion,融合 034641,experimental_auto_20260818_034641.jsonl,1786996001.8310375,1786996021.8310375,175,18.698711156845093,nan,3.7863673068405435,3.7863673068405435,-0.012790145572174396,0.884619459790856
fusion_fixed,fusion,融合 034641,experimental_auto_20260818_034641.jsonl,1786996001.8310375,1786996021.8310375,176,18.801822662353516,nan,3.761043522070373,3.761043522070373,-0.009819013652464719,0.9277738448119024
fusion_fixed,fusion,融合 034641,experimental_auto_20260818_034641.jsonl,1786996001.8310375,1786996021.8310375,177,18.952982664108276,nan,4.102817702583161,4.102817702583161,0.0017500178983979025,0.9532560776229803
fusion_fixed,fusion,融合 034641,experimental_auto_20260818_034641.jsonl,1786996001.8310375,1786996021.8310375,178,19.000197410583496,nan,4.415735933023446,4.415735933023446,0.007472546351974382,0.9683030812755936
fusion_fixed,fusion,融合 034641,experimental_auto_20260818_034641.jsonl,1786996001.8310375,1786996021.8310375,179,19.10094690322876,nan,4.645714307441883,4.645714307441883,0.00900516554848425,0.9771881864624253
fusion_fixed,fusion,融合 034641,experimental_auto_20260818_034641.jsonl,1786996001.8310375,1786996021.8310375,180,19.197871685028076,nan,4.800550830968908,4.800550830968908,0.007743431793454218,0.9824347522241974
fusion_fixed,fusion,融合 034641,experimental_auto_20260818_034641.jsonl,1786996001.8310375,1786996021.8310375,181,19.351840019226074,nan,4.45818719850386,4.45818719850386,-0.005091628668293518,0.9855327968408663
fusion_fixed,fusion,融合 034641,experimental_auto_20260818_034641.jsonl,1786996001.8310375,1786996021.8310375,182,19.399672746658325,nan,4.131437819447726,4.131437819447726,-0.013270748546230293,0.9873621612065631
fusion_fixed,fusion,融合 034641,experimental_auto_20260818_034641.jsonl,1786996001.8310375,1786996021.8310375,183,19.504082441329956,nan,3.874652848736626,3.874652848736626,-0.017465070344143654,0.6924972337761703
fusion_fixed,fusion,融合 034641,experimental_auto_20260818_034641.jsonl,1786996001.8310375,1786996021.8310375,184,19.59904384613037,nan,3.6703844490186266,3.6703844490186266,-0.019845495061659068,0.41300779157249085
fusion_fixed,fusion,融合 034641,experimental_auto_20260818_034641.jsonl,1786996001.8310375,1786996021.8310375,185,19.751077890396118,nan,3.757282617211688,3.757282617211688,-0.015524130357761713,0.2479720708456402
fusion_fixed,fusion,融合 034641,experimental_auto_20260818_034641.jsonl,1786996001.8310375,1786996021.8310375,186,19.800110578536987,nan,3.823307325521197,3.823307325521197,-0.012341566967155632,0.2708048460095013
fusion_fixed,fusion,融合 034641,experimental_auto_20260818_034641.jsonl,1786996001.8310375,1786996021.8310375,187,19.902980089187622,nan,3.886610368427912,3.886610368427912,-0.00936925442190077,0.5613671392737523
fusion_fixed,fusion,融合 035124,experimental_auto_20260818_035124.jsonl,1786996284.8211083,1786996304.8211083,0,0.0,nan,-4.443358039503553,4.443358039503553,0.0,0.01
fusion_fixed,fusion,融合 035124,experimental_auto_20260818_035124.jsonl,1786996284.8211083,1786996304.8211083,1,0.04515719413757324,nan,-4.414026011928318,4.414026011928318,0.0012780351817271091,0.010000000000000002
fusion_fixed,fusion,融合 035124,experimental_auto_20260818_035124.jsonl,1786996284.8211083,1786996304.8211083,2,0.14535045623779297,nan,-4.371582816740471,4.371582816740471,0.004423885873456954,0.010000000000000004
fusion_fixed,fusion,融合 035124,experimental_auto_20260818_035124.jsonl,1786996284.8211083,1786996304.8211083,3,0.24566006660461426,nan,-4.31408357209675,4.31408357209675,0.007510610259748527,0.010000000000000004
fusion_fixed,fusion,融合 035124,experimental_auto_20260818_035124.jsonl,1786996284.8211083,1786996304.8211083,4,0.3970987796783447,nan,-4.242960898759362,4.242960898759362,0.011737529067753065,0.010000000000000004
fusion_fixed,fusion,融合 035124,experimental_auto_20260818_035124.jsonl,1786996284.8211083,1786996304.8211083,5,0.4487729072570801,nan,-4.140086086187289,4.140086086187289,0.013619680104113938,0.010000000000000004
fusion_fixed,fusion,融合 035124,experimental_auto_20260818_035124.jsonl,1786996284.8211083,1786996304.8211083,6,0.5496125221252441,nan,-4.062360318329494,4.062360318329494,0.014669409665314196,0.010000000000000004
fusion_fixed,fusion,融合 035124,experimental_auto_20260818_035124.jsonl,1786996284.8211083,1786996304.8211083,7,0.6529922485351562,nan,-3.989194359579773,3.989194359579773,0.01503430544179067,0.010000000000000004
fusion_fixed,fusion,融合 035124,experimental_auto_20260818_035124.jsonl,1786996284.8211083,1786996304.8211083,8,0.8008270263671875,nan,-4.388903761458152,4.388903761458152,0.00436770534998134,0.4113198
fusion_fixed,fusion,融合 035124,experimental_auto_20260818_035124.jsonl,1786996284.8211083,1786996304.8211083,9,0.8495869636535645,nan,-4.68909790003893,4.68909790003893,-0.001813497845918918,0.648295128702
fusion_fixed,fusion,融合 035124,experimental_auto_20260818_035124.jsonl,1786996284.8211083,1786996304.8211083,10,0.9523661136627197,nan,-4.928328143740213,4.928328143740213,-0.00440503056754363,0.7882266905472439
fusion_fixed,fusion,融合 035124,experimental_auto_20260818_035124.jsonl,1786996284.8211083,1786996304.8211083,11,1.054086446762085,nan,-5.103970973827055,5.103970973827055,-0.0056992774373422934,0.8708548785012421
fusion_fixed,fusion,融合 035124,experimental_auto_20260818_035124.jsonl,1786996284.8211083,1786996304.8211083,12,1.247267484664917,nan,-5.640960253191851,5.640960253191851,-0.014082959624317744,0.9196459972061984
fusion_fixed,fusion,融合 035124,experimental_auto_20260818_035124.jsonl,1786996284.8211083,1786996304.8211083,13,1.3477489948272705,nan,-6.087860015585367,6.087860015585367,-0.016540045291506877,0.948456664890288
fusion_fixed,fusion,融合 035124,experimental_auto_20260818_035124.jsonl,1786996284.8211083,1786996304.8211083,14,1.4475517272949219,nan,-6.405730844339963,6.405730844339963,-0.015361935594752046,0.9654690760510662
fusion_fixed,fusion,融合 035124,experimental_auto_20260818_035124.jsonl,1786996284.8211083,1786996304.8211083,15,1.6474528312683105,nan,-6.102697754706721,6.102697754706721,-0.0004676893561581241,0.975514734717394
fusion_fixed,fusion,融合 035124,experimental_auto_20260818_035124.jsonl,1786996284.8211083,1786996304.8211083,16,1.7999064922332764,nan,-5.821971796854619,5.821971796854619,0.009379738804016637,0.9814465957032739
fusion_fixed,fusion,融合 035124,experimental_auto_20260818_035124.jsonl,1786996284.8211083,1786996304.8211083,17,1.89969801902771,nan,-5.59336292584125,5.59336292584125,0.01508366525626562,0.955838671480586
fusion_fixed,fusion,融合 035124,experimental_auto_20260818_035124.jsonl,1786996284.8211083,1786996304.8211083,18,2.047110080718994,nan,-4.754399274021759,4.754399274021759,0.032670921757101956,0.5685082771225712
fusion_fixed,fusion,融合 035124,experimental_auto_20260818_035124.jsonl,1786996284.8211083,1786996304.8211083,19,2.0991311073303223,nan,-4.096308142065985,4.096308142065985,0.04154332019158712,0.3397935525581071
fusion_fixed,fusion,融合 035124,experimental_auto_20260818_035124.jsonl,1786996284.8211083,1786996304.8211083,20,2.1993563175201416,nan,-3.5991285411860807,3.5991285411860807,0.04523722019322068,0.2047397948500367
fusion_fixed,fusion,融合 035124,experimental_auto_20260818_035124.jsonl,1786996284.8211083,1786996304.8211083,21,2.3003249168395996,nan,-3.257736558748525,3.257736558748525,0.04311520383710647,0.12499190146099819
fusion_fixed,fusion,融合 035124,experimental_auto_20260818_035124.jsonl,1786996284.8211083,1786996304.8211083,22,2.447486162185669,nan,-2.789871374262809,2.789871374262809,0.04347172033423429,0.07790156789370482
fusion_fixed,fusion,融合 035124,experimental_auto_20260818_035124.jsonl,1786996284.8211083,1786996304.8211083,23,2.5018062591552734,nan,-2.4828896672305256,2.4828896672305256,0.03931821165410562,0.05009519682555378
fusion_fixed,fusion,融合 035124,experimental_auto_20260818_035124.jsonl,1786996284.8211083,1786996304.8211083,24,2.5998802185058594,nan,-2.3118379086713103,2.3118379086713103,0.03282610412938044,0.17914817514188017
fusion_fixed,fusion,融合 035124,experimental_auto_20260818_035124.jsonl,1786996284.8211083,1786996304.8211083,25,2.7004644870758057,nan,-2.2413286153822765,2.2413286153822765,0.02560248830528772,0.5112001059395289
fusion_fixed,fusion,融合 035124,experimental_auto_20260818_035124.jsonl,1786996284.8211083,1786996304.8211083,26,2.8475096225738525,nan,-0.8570819988681255,0.8570819988681255,0.049798073282571145,0.3666424418358506
fusion_fixed,fusion,融合 035124,experimental_auto_20260818_035124.jsonl,1786996284.8211083,1786996304.8211083,27,2.900371789932251,nan,0.19031270144178603,0.19031270144178603,0.05938554816050379,0.22059379547965147
fusion_fixed,fusion,融合 035124,experimental_auto_20260818_035124.jsonl,1786996284.8211083,1786996304.8211083,28,3.0010218620300293,nan,0.9147942312887514,0.9147942312887514,0.05807894537301251,0.1343535302927794
fusion_fixed,fusion,融合 035124,experimental_auto_20260818_035124.jsonl,1786996284.8211083,1786996304.8211083,29,3.099363327026367,nan,1.3566507496320268,1.3566507496320268,0.05035685861830023,0.08342951610258333
fusion_fixed,fusion,融合 035124,experimental_auto_20260818_035124.jsonl,1786996284.8211083,1786996304.8211083,30,3.2471511363983154,nan,2.324540907859751,2.324540907859751,0.05547737289305593,0.05335939496341443
fusion_fixed,fusion,融合 035124,experimental_auto_20260818_035124.jsonl,1786996284.8211083,1786996304.8211083,31,3.300661563873291,nan,3.012002476016351,3.012002476016351,0.05229836924250862,0.03560328913194659
fusion_fixed,fusion,融合 035124,experimental_auto_20260818_035124.jsonl,1786996284.8211083,1786996304.8211083,32,3.3993422985076904,nan,3.477700143657292,3.477700143657292,0.044320491599305914,0.025118486199523147
fusion_fixed,fusion,融合 035124,experimental_auto_20260818_035124.jsonl,1786996284.8211083,1786996304.8211083,33,3.4972949028015137,nan,3.769186768220001,3.769186768220001,0.03424080591796274,0.01892731491595643
fusion_fixed,fusion,融合 035124,experimental_auto_20260818_035124.jsonl,1786996284.8211083,1786996304.8211083,34,3.6487927436828613,nan,4.665061738657172,4.665061738657172,0.040438087174803884,0.015271490184723117
fusion_fixed,fusion,融合 035124,experimental_auto_20260818_035124.jsonl,1786996284.8211083,1786996304.8211083,35,3.697951316833496,nan,5.390601981977605,5.390601981977605,0.040870628397897166,0.013112762239177154
fusion_fixed,fusion,融合 035124,experimental_auto_20260818_035124.jsonl,1786996284.8211083,1786996304.8211083,36,3.7992985248565674,nan,5.956662885921437,5.956662885921437,0.037074398074792014,0.011838054974611718
fusion_fixed,fusion,融合 035124,experimental_auto_20260818_035124.jsonl,1786996284.8211083,1786996304.8211083,37,3.8996217250823975,nan,6.39303779186402,6.39303779186402,0.03104512292797323,0.2766653530819585
fusion_fixed,fusion,融合 035124,experimental_auto_20260818_035124.jsonl,1786996284.8211083,1786996304.8211083,38,4.047980070114136,nan,6.853073039247426,6.853073039247426,0.02729797069538417,0.5687830243413656
fusion_fixed,fusion,融合 035124,experimental_auto_20260818_035124.jsonl,1786996284.8211083,1786996304.8211083,39,4.099685192108154,nan,7.1932444731972245,7.1932444731972245,0.022204676633663652,0.7412755880433329
fusion_fixed,fusion,融合 035124,experimental_auto_20260818_035124.jsonl,1786996284.8211083,1786996304.8211083,40,4.197758436203003,nan,7.447952653002698,7.447952653002698,0.016734022817587325,0.8431307219837076
fusion_fixed,fusion,融合 035124,experimental_auto_20260818_035124.jsonl,1786996284.8211083,1786996304.8211083,41,4.298056125640869,nan,7.638480142181459,7.638480142181459,0.011461899535517017,0.9032751600241595
fusion_fixed,fusion,融合 035124,experimental_auto_20260818_035124.jsonl,1786996284.8211083,1786996304.8211083,42,4.4496355056762695,nan,5.989875195759997,5.989875195759997,-0.03376858166209576,0.6371116193712494
fusion_fixed,fusion,融合 035124,experimental_auto_20260818_035124.jsonl,1786996284.8211083,1786996304.8211083,43,4.499169826507568,nan,4.640821452884314,4.640821452884314,-0.06125470093796695,0.38030314012252914
fusion_fixed,fusion,融合 035124,experimental_auto_20260818_035124.jsonl,1786996284.8211083,1786996304.8211083,44,4.597258806228638,nan,3.6240763097500572,3.6240763097500572,-0.07168673788409748,0.22866030121095224
fusion_fixed,fusion,融合 035124,experimental_auto_20260818_035124.jsonl,1786996284.8211083,1786996304.8211083,45,4.698174715042114,nan,2.922775452398252,2.922775452398252,-0.07016962379030493,0.1391167212620552
fusion_fixed,fusion,融合 035124,experimental_auto_20260818_035124.jsonl,1786996284.8211083,1786996304.8211083,46,4.848829030990601,nan,1.464432880513944,1.464432880513944,-0.08460625580174827,0.08624213273803101
fusion_fixed,fusion,融合 035124,experimental_auto_20260818_035124.jsonl,1786996284.8211083,1786996304.8211083,47,4.899001121520996,nan,0.3870895280672415,0.3870895280672415,-0.08442286199870505,0.055020216960479935
fusion_fixed,fusion,融合 035124,experimental_auto_20260818_035124.jsonl,1786996284.8211083,1786996304.8211083,48,4.998600244522095,nan,-0.33858291257102824,0.33858291257102824,-0.07588719576294783,0.036583987912993804
fusion_fixed,fusion,融合 035124,experimental_auto_20260818_035124.jsonl,1786996284.8211083,1786996304.8211083,49,5.097248077392578,nan,-0.7753141308681655,0.7753141308681655,-0.06279701671138699,0.02569757902274372
fusion_fixed,fusion,融合 035124,experimental_auto_20260818_035124.jsonl,1786996284.8211083,1786996304.8211083,50,5.298219442367554,nan,-2.5490199789235946,2.5490199789235946,-0.0823441017694874,0.019269263437139944
fusion_fixed,fusion,融合 035124,experimental_auto_20260818_035124.jsonl,1786996284.8211083,1786996304.8211083,51,5.397233963012695,nan,-3.871543551957979,3.871543551957979,-0.08543107603141521,0.015473407366996768
fusion_fixed,fusion,融合 035124,experimental_auto_20260818_035124.jsonl,1786996284.8211083,1786996304.8211083,52,5.497435569763184,nan,-4.80335355272744,4.80335355272744,-0.07759799997142666,0.013231992316137923
fusion_fixed,fusion,融合 035124,experimental_auto_20260818_035124.jsonl,1786996284.8211083,1786996304.8211083,53,5.698840379714966,nan,-5.8110173893165085,5.8110173893165085,-0.07238437162040724,0.011908459142756282
fusion_fixed,fusion,融合 035124,experimental_auto_20260818_035124.jsonl,1786996284.8211083,1786996304.8211083,54,5.749496221542358,nan,-6.519769374167172,6.519769374167172,-0.06188742009643414,0.011126926039206158
fusion_fixed,fusion,融合 035124,experimental_auto_20260818_035124.jsonl,1786996284.8211083,1786996304.8211083,55,5.84833288192749,nan,-7.001668003774197,7.001668003774197,-0.04817584348533689,0.010665438556890845
fusion_fixed,fusion,融合 035124,experimental_auto_20260818_035124.jsonl,1786996284.8211083,1786996304.8211083,56,5.948855638504028,nan,-7.328259644295954,7.328259644295954,-0.03433776055598668,0.010392934813458477
fusion_fixed,fusion,融合 035124,experimental_auto_20260818_035124.jsonl,1786996284.8211083,1786996304.8211083,57,6.097317934036255,nan,-7.31428552496598,7.31428552496598,-0.016470208629183528,0.0102320240779991
fusion_fixed,fusion,融合 035124,experimental_auto_20260818_035124.jsonl,1786996284.8211083,1786996304.8211083,58,6.150428295135498,nan,-7.26885341183463,7.26885341183463,-0.003710100623824437,0.010137007897817692
fusion_fixed,fusion,融合 035124,experimental_auto_20260818_035124.jsonl,1786996284.8211083,1786996304.8211083,59,6.250276565551758,nan,-7.240174703321767,7.240174703321767,0.004662001557902739,0.01008090179358237
fusion_fixed,fusion,融合 035124,experimental_auto_20260818_035124.jsonl,1786996284.8211083,1786996304.8211083,60,6.3517327308654785,nan,-7.235394695693175,7.235394695693175,0.009554094918869232,0.010047771700092457
fusion_fixed,fusion,融合 035124,experimental_auto_20260818_035124.jsonl,1786996284.8211083,1786996304.8211083,61,6.497198104858398,nan,-6.076975579804622,6.076975579804622,0.03869545046483904,0.010028208711187599
fusion_fixed,fusion,融合 035124,experimental_auto_20260818_035124.jsonl,1786996284.8211083,1786996304.8211083,62,6.550977945327759,nan,-5.162853507865572,5.162853507865572,0.053110079017850836,0.010016656961869166
fusion_fixed,fusion,融合 035124,experimental_auto_20260818_035124.jsonl,1786996284.8211083,1786996304.8211083,63,6.650147438049316,nan,-4.500121612740104,4.500121612740104,0.05652751587497481,0.010009835769414128
fusion_fixed,fusion,融合 035124,experimental_auto_20260818_035124.jsonl,1786996284.8211083,1786996304.8211083,64,6.749818325042725,nan,-4.064083760753723,4.064083760753723,0.052533206606643554,0.010005807923481352
fusion_fixed,fusion,融合 035124,experimental_auto_20260818_035124.jsonl,1786996284.8211083,1786996304.8211083,65,6.8974244594573975,nan,-1.9715895115874793,1.9715895115874793,0.08644418634196592,0.010003429520736507
fusion_fixed,fusion,融合 035124,experimental_auto_20260818_035124.jsonl,1786996284.8211083,1786996304.8211083,66,6.950562000274658,nan,-0.39723163940212913,0.39723163940212913,0.09809738316759012,0.010002025097699704
fusion_fixed,fusion,融合 035124,experimental_auto_20260818_035124.jsonl,1786996284.8211083,1786996304.8211083,67,7.049255132675171,nan,0.7154083917462417,0.7154083917462417,0.0935103624440351,0.010001195799940698
fusion_fixed,fusion,融合 035124,experimental_auto_20260818_035124.jsonl,1786996284.8211083,1786996304.8211083,68,7.150449991226196,nan,1.3748345215054747,1.3748345215054747,0.08000710711402709,0.010000706107906984
fusion_fixed,fusion,融合 035124,experimental_auto_20260818_035124.jsonl,1786996284.8211083,1786996304.8211083,69,7.2971742153167725,nan,2.9512427089244286,2.9512427089244286,0.08916513101132284,0.010000416949658
fusion_fixed,fusion,融合 035124,experimental_auto_20260818_035124.jsonl,1786996284.8211083,1786996304.8211083,70,7.350232124328613,nan,4.030189905119119,4.030189905119119,0.08378053590028905,0.010000246204603554
fusion_fixed,fusion,融合 035124,experimental_auto_20260818_035124.jsonl,1786996284.8211083,1786996304.8211083,71,7.450811862945557,nan,4.714866268585627,4.714866268585627,0.06999118398710713,0.010000145381356355
fusion_fixed,fusion,融合 035124,experimental_auto_20260818_035124.jsonl,1786996284.8211083,1786996304.8211083,72,7.550803899765015,nan,5.095748368153663,5.095748368153663,0.05268366599190189,0.010000085846237114
fusion_fixed,fusion,融合 035124,experimental_auto_20260818_035124.jsonl,1786996284.8211083,1786996304.8211083,73,7.697478771209717,nan,5.406022377362096,5.406022377362096,0.0385188619852688,0.010000050691344558
fusion_fixed,fusion,融合 035124,experimental_auto_20260818_035124.jsonl,1786996284.8211083,1786996304.8211083,74,7.750530004501343,nan,5.590703497353933,5.590703497353933,0.025912529829020887,0.010000029932732048
fusion_fixed,fusion,融合 035124,experimental_auto_20260818_035124.jsonl,1786996284.8211083,1786996304.8211083,75,7.851662874221802,nan,5.703822399222258,5.703822399222258,0.015556856058796484,0.010000017674978948
fusion_fixed,fusion,融合 035124,experimental_auto_20260818_035124.jsonl,1786996284.8211083,1786996304.8211083,76,7.952591419219971,nan,5.785718960461406,5.785718960461406,0.0078051940009751485,0.01000001043689832
fusion_fixed,fusion,融合 035124,experimental_auto_20260818_035124.jsonl,1786996284.8211083,1786996304.8211083,77,8.097261667251587,nan,5.28768561716576,5.28768561716576,-0.010570564022092808,0.010000006162884094
fusion_fixed,fusion,融合 035124,experimental_auto_20260818_035124.jsonl,1786996284.8211083,1786996304.8211083,78,8.14961862564087,nan,4.908810692277276,4.908810692277276,-0.020620952654972744,0.01000000363912143
fusion_fixed,fusion,融合 035124,experimental_auto_20260818_035124.jsonl,1786996284.8211083,1786996304.8211083,79,8.250545501708984,nan,4.657299004545035,4.657299004545035,-0.02432714448706027,0.010000002148864817
fusion_fixed,fusion,融合 035124,experimental_auto_20260818_035124.jsonl,1786996284.8211083,1786996304.8211083,80,8.350794076919556,nan,4.523673304430009,4.523673304430009,-0.023832807532446303,0.010000001268883188
fusion_fixed,fusion,融合 035124,experimental_auto_20260818_035124.jsonl,1786996284.8211083,1786996304.8211083,81,8.49744462966919,nan,4.15123492711591,4.15123492711591,-0.028783901167451637,0.010000000749262834
fusion_fixed,fusion,融合 035124,experimental_auto_20260818_035124.jsonl,1786996284.8211083,1786996304.8211083,82,8.549965620040894,nan,3.8974324952761763,3.8974324952761763,-0.02900751089909088,0.010000000442432211
fusion_fixed,fusion,融合 035124,experimental_auto_20260818_035124.jsonl,1786996284.8211083,1786996304.8211083,83,8.650468587875366,nan,3.7681937996187242,3.7681937996187242,-0.026294396802155603,0.010000000261251796
fusion_fixed,fusion,融合 035124,experimental_auto_20260818_035124.jsonl,1786996284.8211083,1786996304.8211083,84,8.751336336135864,nan,3.710924550142247,3.710924550142247,-0.022081538149949557,0.23845602391027687
fusion_fixed,fusion,融合 035124,experimental_auto_20260818_035124.jsonl,1786996284.8211083,1786996304.8211083,85,8.95554256439209,nan,3.9036921384613676,3.9036921384613676,-0.012965572839109008,0.5462207975587794
fusion_fixed,fusion,融合 035124,experimental_auto_20260818_035124.jsonl,1786996284.8211083,1786996304.8211083,86,9.050239086151123,nan,4.097061828715187,4.097061828715187,-0.006692412595420096,0.7279528187504836
fusion_fixed,fusion,融合 035124,experimental_auto_20260818_035124.jsonl,1786996284.8211083,1786996304.8211083,87,9.199925661087036,nan,4.252943002379583,4.252943002379583,-0.002653074508945889,0.8352637599439731
fusion_fixed,fusion,融合 035124,experimental_auto_20260818_035124.jsonl,1786996284.8211083,1786996304.8211083,88,9.35413908958435,nan,4.59633101294904,4.59633101294904,0.004519289197966016,0.8986297976093167
fusion_fixed,fusion,融合 035124,experimental_auto_20260818_035124.jsonl,1786996284.8211083,1786996304.8211083,89,9.455193281173706,nan,4.852040160283943,4.852040160283943,0.0072199781244381015,0.9360468091903253
fusion_fixed,fusion,融合 035124,experimental_auto_20260818_035124.jsonl,1786996284.8211083,1786996304.8211083,90,9.599006652832031,nan,5.016877983010726,5.016877983010726,0.006889176611251635,0.9581411803587953
fusion_fixed,fusion,融合 035124,experimental_auto_20260818_035124.jsonl,1786996284.8211083,1786996304.8211083,91,9.752930402755737,nan,5.084369004827083,5.084369004827083,0.004299529492013286,0.9711876855900651
fusion_fixed,fusion,融合 035124,experimental_auto_20260818_035124.jsonl,1786996284.8211083,1786996304.8211083,92,9.801060914993286,nan,5.101643449545945,5.101643449545945,0.0014028104092767381,0.9788915164640776
fusion_fixed,fusion,融合 035124,experimental_auto_20260818_035124.jsonl,1786996284.8211083,1786996304.8211083,93,9.854525327682495,nan,5.0815844625225814,5.0815844625225814,-0.00163606918339066,0.9834405515568732
fusion_fixed,fusion,融合 035124,experimental_auto_20260818_035124.jsonl,1786996284.8211083,1786996304.8211083,94,10.002740859985352,nan,5.030618629143557,5.030618629143557,-0.004138677048638018,0.986126711288818
fusion_fixed,fusion,融合 035124,experimental_auto_20260818_035124.jsonl,1786996284.8211083,1786996304.8211083,95,10.149714231491089,nan,4.240290336140228,4.240290336140228,-0.022574078826502867,0.7505607256045813
fusion_fixed,fusion,融合 035124,experimental_auto_20260818_035124.jsonl,1786996284.8211083,1786996304.8211083,96,10.198680400848389,nan,3.6049116841087026,3.6049116841087026,-0.03369790240416368,0.44729370286224923
fusion_fixed,fusion,融合 035124,experimental_auto_20260818_035124.jsonl,1786996284.8211083,1786996304.8211083,97,10.299971580505371,nan,3.1235858303592545,3.1235858303592545,-0.0376311270812698,0.2682175586031296
fusion_fixed,fusion,融合 035124,experimental_auto_20260818_035124.jsonl,1786996284.8211083,1786996304.8211083,98,10.400525093078613,nan,2.7889290459103044,2.7889290459103044,-0.03647080910110816,0.16247488617956204
fusion_fixed,fusion,融合 035124,experimental_auto_20260818_035124.jsonl,1786996284.8211083,1786996304.8211083,99,10.55520749092102,nan,1.5829335724293236,1.5829335724293236,-0.054444256660417384,0.10003489554016962
fusion_fixed,fusion,融合 035124,experimental_auto_20260818_035124.jsonl,1786996284.8211083,1786996304.8211083,100,10.602569341659546,nan,0.6947034891934489,0.6947034891934489,-0.06118913339634357,0.06316470546751476
fusion_fixed,fusion,融合 035124,experimental_auto_20260818_035124.jsonl,1786996284.8211083,1786996304.8211083,101,10.703780174255371,nan,0.09740183721707041,0.09740183721707041,-0.057988710528467005,0.0413932269315128
fusion_fixed,fusion,融合 035124,experimental_auto_20260818_035124.jsonl,1786996284.8211083,1786996304.8211083,102,10.801098346710205,nan,-0.2656093824121797,0.2656093824121797,-0.04900245986518462,0.028537386570789
fusion_fixed,fusion,融合 035124,experimental_auto_20260818_035124.jsonl,1786996284.8211083,1786996304.8211083,103,10.953514575958252,nan,-1.844474495375592,1.844474495375592,-0.06905588996007488,0.0209461413961852
fusion_fixed,fusion,融合 035124,experimental_auto_20260818_035124.jsonl,1786996284.8211083,1786996304.8211083,104,11.004039764404297,nan,-2.979223533015718,2.979223533015718,-0.07431544469105322,0.016463587033033404
fusion_fixed,fusion,融合 035124,experimental_auto_20260818_035124.jsonl,1786996284.8211083,1786996304.8211083,105,11.103286266326904,nan,-3.72667811981352,3.72667811981352,-0.06775175223718083,0.013816683507135896
fusion_fixed,fusion,融合 035124,experimental_auto_20260818_035124.jsonl,1786996284.8211083,1786996304.8211083,106,11.199391841888428,nan,-4.161451108461012,4.161451108461012,-0.05455329940360576,0.012253713444128678
fusion_fixed,fusion,融合 035124,experimental_auto_20260818_035124.jsonl,1786996284.8211083,1786996304.8211083,107,11.351731538772583,nan,-4.321255821816883,4.321255821816883,-0.03806562658989567,0.011330795251623543
fusion_fixed,fusion,融合 035124,experimental_auto_20260818_035124.jsonl,1786996284.8211083,1786996304.8211083,108,11.399561882019043,nan,-4.332541480597407,4.332541480597407,-0.02231105150902541,0.010785821288131187
fusion_fixed,fusion,融合 035124,experimental_auto_20260818_035124.jsonl,1786996284.8211083,1786996304.8211083,109,11.503295421600342,nan,-4.2637299652724,4.2637299652724,-0.009298311024132967,0.3565253628706956
fusion_fixed,fusion,融合 035124,experimental_auto_20260818_035124.jsonl,1786996284.8211083,1786996304.8211083,110,11.604454040527344,nan,-4.164486754823738,4.164486754823738,0.00014742479933606278,0.6159395615215171
fusion_fixed,fusion,融合 035124,experimental_auto_20260818_035124.jsonl,1786996284.8211083,1786996304.8211083,111,11.74971318244934,nan,-3.479676734892434,3.479676734892434,0.019609317420634587,0.7691210516828406
fusion_fixed,fusion,融合 035124,experimental_auto_20260818_035124.jsonl,1786996284.8211083,1786996304.8211083,112,11.800188779830933,nan,-2.926938372084753,2.926938372084753,0.030482601034734838,0.5225511898082006
fusion_fixed,fusion,融合 035124,experimental_auto_20260818_035124.jsonl,1786996284.8211083,1786996304.8211083,113,11.90178394317627,nan,-2.536721317465751,2.536721317465751,0.03388848778096345,0.31265635206984443
fusion_fixed,fusion,融合 035124,experimental_auto_20260818_035124.jsonl,1786996284.8211083,1786996304.8211083,114,12.002533674240112,nan,-2.264286201624577,2.264286201624577,0.03251592919209448,0.18871554933372248
fusion_fixed,fusion,融合 035124,experimental_auto_20260818_035124.jsonl,1786996284.8211083,1786996304.8211083,115,12.155069828033447,nan,-1.323225105409842,1.323225105409842,0.046625429002144024,0.11552974472606982
fusion_fixed,fusion,融合 035124,experimental_auto_20260818_035124.jsonl,1786996284.8211083,1786996304.8211083,116,12.200379610061646,nan,-0.6142967594439552,0.6142967594439552,0.051820604669883606,0.07231425896329699
fusion_fixed,fusion,融合 035124,experimental_auto_20260818_035124.jsonl,1786996284.8211083,1786996304.8211083,117,12.299288749694824,nan,-0.13356122431946726,0.13356122431946726,0.04880696110196736,0.046795946775237254
fusion_fixed,fusion,融合 035124,experimental_auto_20260818_035124.jsonl,1786996284.8211083,1786996304.8211083,118,12.401443719863892,nan,0.15515905646364958,0.15515905646364958,0.04141324667390926,0.03172763861130985
fusion_fixed,fusion,融合 035124,experimental_auto_20260818_035124.jsonl,1786996284.8211083,1786996304.8211083,119,12.603554248809814,nan,0.18961987729043672,0.18961987729043672,0.02957294689535567,0.022829953323592358
fusion_fixed,fusion,融合 035124,experimental_auto_20260818_035124.jsonl,1786996284.8211083,1786996304.8211083,120,12.703858375549316,nan,0.14910930995548632,0.14910930995548632,0.01902753440283297,0.21290555435602287
fusion_fixed,fusion,融合 035124,experimental_auto_20260818_035124.jsonl,1786996284.8211083,1786996304.8211083,121,12.799832105636597,nan,0.06125408904117391,0.06125408904117391,0.010488549238002444,0.531133500791688
fusion_fixed,fusion,融合 035124,experimental_auto_20260818_035124.jsonl,1786996284.8211083,1786996304.8211083,122,12.95098066329956,nan,-0.7005646071113758,0.7005646071113758,-0.01061488397611611,0.7190439208824838
fusion_fixed,fusion,融合 035124,experimental_auto_20260818_035124.jsonl,1786996284.8211083,1786996304.8211083,123,12.999666452407837,nan,-1.3216557100345638,1.3216557100345638,-0.023532217131396027,0.8300031448418977
fusion_fixed,fusion,融合 035124,experimental_auto_20260818_035124.jsonl,1786996284.8211083,1786996304.8211083,124,13.107486963272095,nan,-1.7840430487967018,1.7840430487967018,-0.0284331028666982,0.8955234569976921
fusion_fixed,fusion,融合 035124,experimental_auto_20260818_035124.jsonl,1786996284.8211083,1786996304.8211083,125,13.20420789718628,nan,-2.092404062731734,2.092404062731734,-0.027381492139082624,0.9342125461225671
fusion_fixed,fusion,融合 035124,experimental_auto_20260818_035124.jsonl,1786996284.8211083,1786996304.8211083,126,13.398882389068604,nan,-2.627693644277207,2.627693644277207,-0.0314078387412641,0.9570580663599146
fusion_fixed,fusion,融合 035124,experimental_auto_20260818_035124.jsonl,1786996284.8211083,1786996304.8211083,127,13.499737024307251,nan,-3.0227855456180452,3.0227855456180452,-0.029844327175799403,0.9705481176048659
fusion_fixed,fusion,融合 035124,experimental_auto_20260818_035124.jsonl,1786996284.8211083,1786996304.8211083,128,13.601173162460327,nan,-3.2684728030258348,3.2684728030258348,-0.025190906820828814,0.9785138579644972
fusion_fixed,fusion,融合 035124,experimental_auto_20260818_035124.jsonl,1786996284.8211083,1786996304.8211083,129,13.801337003707886,nan,-3.0191753920807973,3.0191753920807973,-0.010562460019405752,0.9832175479894559
fusion_fixed,fusion,融合 035124,experimental_auto_20260818_035124.jsonl,1786996284.8211083,1786996304.8211083,130,13.947047710418701,nan,-2.7926473704874777,2.7926473704874777,-0.00019682974293414035,0.8839385255812927
fusion_fixed,fusion,融合 035124,experimental_auto_20260818_035124.jsonl,1786996284.8211083,1786996304.8211083,131,14.04719352722168,nan,-2.594506680212827,2.594506680212827,0.006576772172513918,0.5260519599704977
fusion_fixed,fusion,融合 035124,experimental_auto_20260818_035124.jsonl,1786996284.8211083,1786996304.8211083,132,14.201950788497925,nan,-1.7469803295976027,1.7469803295976027,0.02617651435651293,0.3147235218429792
fusion_fixed,fusion,融合 035124,experimental_auto_20260818_035124.jsonl,1786996284.8211083,1786996304.8211083,133,14.246827840805054,nan,-1.0732363499966757,1.0732363499966757,0.03714783962597764,0.1899361924130608
fusion_fixed,fusion,融合 035124,experimental_auto_20260818_035124.jsonl,1786996284.8211083,1786996304.8211083,134,14.347148656845093,nan,-0.5849044015305727,0.5849044015305727,0.039575764709371825,0.11625052225798832
fusion_fixed,fusion,融合 035124,experimental_auto_20260818_035124.jsonl,1786996284.8211083,1786996304.8211083,135,14.447008609771729,nan,-0.26502638535085277,0.26502638535085277,0.0362426545649198,0.07273987088811952
fusion_fixed,fusion,融合 035124,experimental_auto_20260818_035124.jsonl,1786996284.8211083,1786996304.8211083,136,14.598125696182251,nan,0.7141538360700639,0.7141538360700639,0.048801350280072084,0.047047266360725704
fusion_fixed,fusion,融合 035124,experimental_auto_20260818_035124.jsonl,1786996284.8211083,1786996304.8211083,137,14.648528099060059,nan,1.4365336644742044,1.4365336644742044,0.0508978734137132,0.03187604031334493
fusion_fixed,fusion,融合 035124,experimental_auto_20260818_035124.jsonl,1786996284.8211083,1786996304.8211083,138,14.747431993484497,nan,1.899936798376456,1.899936798376456,0.046250051105027515,0.022917583044627054
fusion_fixed,fusion,融合 035124,experimental_auto_20260818_035124.jsonl,1786996284.8211083,1786996304.8211083,139,14.850226402282715,nan,2.1872500028169095,2.1872500028169095,0.03741456286637179,0.017627703612021834
fusion_fixed,fusion,融合 035124,experimental_auto_20260818_035124.jsonl,1786996284.8211083,1786996304.8211083,140,14.999723672866821,nan,3.119341709872858,3.119341709872858,0.04455923934438994,0.014504082705862776
fusion_fixed,fusion,融合 035124,experimental_auto_20260818_035124.jsonl,1786996284.8211083,1786996304.8211083,141,15.049322128295898,nan,3.7560167115533782,3.7560167115533782,0.04371013352903182,0.012659615796984911
fusion_fixed,fusion,融合 035124,experimental_auto_20260818_035124.jsonl,1786996284.8211083,1786996304.8211083,142,15.149604558944702,nan,4.155553658104938,4.155553658104938,0.03704186357312556,0.01157047653196162
fusion_fixed,fusion,融合 035124,experimental_auto_20260818_035124.jsonl,1786996284.8211083,1786996304.8211083,143,15.250598907470703,nan,4.366285527615322,4.366285527615322,0.027521807980585733,0.01092735068735802
fusion_fixed,fusion,融合 035124,experimental_auto_20260818_035124.jsonl,1786996284.8211083,1786996304.8211083,144,15.405332565307617,nan,5.484504670594614,5.484504670594614,0.041293966130784086,0.010547591307378038
fusion_fixed,fusion,融合 035124,experimental_auto_20260818_035124.jsonl,1786996284.8211083,1786996304.8211083,145,15.447227954864502,nan,6.292061137788718,6.292061137788718,0.04422888488231414,0.010323347191093662
fusion_fixed,fusion,融合 035124,experimental_auto_20260818_035124.jsonl,1786996284.8211083,1786996304.8211083,146,15.549152851104736,nan,6.813507435332101,6.813507435332101,0.038991642898588516,0.3472341480920766
fusion_fixed,fusion,融合 035124,experimental_auto_20260818_035124.jsonl,1786996284.8211083,1786996304.8211083,147,15.649694681167603,nan,7.114064240335127,7.114064240335127,0.029817510775768646,0.6104531921068904
fusion_fixed,fusion,融合 035124,experimental_auto_20260818_035124.jsonl,1786996284.8211083,1786996304.8211083,148,15.802644968032837,nan,7.473057247471071,7.473057247471071,0.02445215885667523,0.7658814054071976
fusion_fixed,fusion,融合 035124,experimental_auto_20260818_035124.jsonl,1786996284.8211083,1786996304.8211083,149,15.849604845046997,nan,7.684075078760366,7.684075078760366,0.01770965758627637,0.8576602110788961
fusion_fixed,fusion,融合 035124,experimental_auto_20260818_035124.jsonl,1786996284.8211083,1786996304.8211083,150,15.952941656112671,nan,7.786475104214863,7.786475104214863,0.010318792429526977,0.9118546780399773
fusion_fixed,fusion,融合 035124,experimental_auto_20260818_035124.jsonl,1786996284.8211083,1786996304.8211083,151,16.048378944396973,nan,7.8174519639726,7.8174519639726,0.0034477623921403667,0.9438559688358262
fusion_fixed,fusion,融合 035124,experimental_auto_20260818_035124.jsonl,1786996284.8211083,1786996304.8211083,152,16.20223832130432,nan,7.88962977089499,7.88962977089499,-0.0003830644987329111,0.962752411037867
fusion_fixed,fusion,融合 035124,experimental_auto_20260818_035124.jsonl,1786996284.8211083,1786996304.8211083,153,16.248858213424683,nan,7.9342604488831014,7.9342604488831014,-0.003422331018793076,0.97391057119375
fusion_fixed,fusion,融合 035124,experimental_auto_20260818_035124.jsonl,1786996284.8211083,1786996304.8211083,154,16.351016521453857,nan,7.964774445876477,7.964774445876477,-0.005754225453333742,0.9804993531841975
fusion_fixed,fusion,融合 035124,experimental_auto_20260818_035124.jsonl,1786996284.8211083,1786996304.8211083,155,16.447588443756104,nan,7.989700957529788,7.989700957529788,-0.0073881142923111565,0.9843899630617367
fusion_fixed,fusion,融合 035124,experimental_auto_20260818_035124.jsonl,1786996284.8211083,1786996304.8211083,156,16.599408864974976,nan,7.556995587776038,7.556995587776038,-0.01875449996800796,0.9866873292883249
fusion_fixed,fusion,融合 035124,experimental_auto_20260818_035124.jsonl,1786996284.8211083,1786996304.8211083,157,16.64809536933899,nan,7.225282982812963,7.225282982812963,-0.02462748082522913,0.988043901071463
fusion_fixed,fusion,融合 035124,experimental_auto_20260818_035124.jsonl,1786996284.8211083,1786996304.8211083,158,16.750267505645752,nan,6.998900962651855,6.998900962651855,-0.025904278344124197,0.9040161915957935
fusion_fixed,fusion,融合 035124,experimental_auto_20260818_035124.jsonl,1786996284.8211083,1786996304.8211083,159,16.851886987686157,nan,6.86456725583533,6.86456725583533,-0.02466656130591146,0.7730568757392745
fusion_fixed,fusion,融合 035124,experimental_auto_20260818_035124.jsonl,1786996284.8211083,1786996304.8211083,160,16.99980068206787,nan,5.875080039520297,5.875080039520297,-0.043314451382613854,0.46506029990862086
fusion_fixed,fusion,融合 035124,experimental_auto_20260818_035124.jsonl,1786996284.8211083,1786996304.8211083,161,17.04817271232605,nan,5.112392558580103,5.112392558580103,-0.053632738433044135,0.2787085564930416
fusion_fixed,fusion,融合 035124,experimental_auto_20260818_035124.jsonl,1786996284.8211083,1786996304.8211083,162,17.149036645889282,nan,4.5784459444698555,4.5784459444698555,-0.05472515038985993,0.16866971552357615
fusion_fixed,fusion,融合 035124,experimental_auto_20260818_035124.jsonl,1786996284.8211083,1786996304.8211083,163,17.249631881713867,nan,4.246439671068936,4.246439671068936,-0.049836602440494364,0.10369288031951651
fusion_fixed,fusion,融合 035124,experimental_auto_20260818_035124.jsonl,1786996284.8211083,1786996304.8211083,164,17.40404486656189,nan,3.6985839577435287,3.6985839577435287,-0.05043136232212356,0.06532470889987131
fusion_fixed,fusion,融合 035124,experimental_auto_20260818_035124.jsonl,1786996284.8211083,1786996304.8211083,165,17.447911739349365,nan,3.3398820441679744,3.3398820441679744,-0.046456541854729014,0.042668687358285017
fusion_fixed,fusion,融合 035124,experimental_auto_20260818_035124.jsonl,1786996284.8211083,1786996304.8211083,166,17.547523975372314,nan,3.1393019440874914,3.1393019440874914,-0.039349131599952236,0.25267960389388133
fusion_fixed,fusion,融合 035124,experimental_auto_20260818_035124.jsonl,1786996284.8211083,1786996304.8211083,167,17.649491548538208,nan,3.048896939718393,3.048896939718393,-0.03000821177600347,0.5460257520432285
fusion_fixed,fusion,融合 035124,experimental_auto_20260818_035124.jsonl,1786996284.8211083,1786996304.8211083,168,17.851882934570312,nan,2.5666988643719746,2.5666988643719746,-0.031202308249790964,0.7234272034742056
fusion_fixed,fusion,融合 035124,experimental_auto_20260818_035124.jsonl,1786996284.8211083,1786996304.8211083,169,17.9989173412323,nan,2.236661291525288,2.236661291525288,-0.028232648297822113,0.8325914293794837
fusion_fixed,fusion,融合 035124,experimental_auto_20260818_035124.jsonl,1786996284.8211083,1786996304.8211083,170,18.100645780563354,nan,2.0433296612428875,2.0433296612428875,-0.023503033953701385,0.895379254845846
fusion_fixed,fusion,融合 035124,experimental_auto_20260818_035124.jsonl,1786996284.8211083,1786996304.8211083,171,18.250591278076172,nan,2.0945054727828927,2.0945054727828927,-0.014774859248850677,0.9191768381472604
fusion_fixed,fusion,融合 035124,experimental_auto_20260818_035124.jsonl,1786996284.8211083,1786996304.8211083,172,18.30087637901306,nan,2.191617979143179,2.191617979143179,-0.007329633038389753,0.9369868724943464
fusion_fixed,fusion,融合 035124,experimental_auto_20260818_035124.jsonl,1786996284.8211083,1786996304.8211083,173,18.40458607673645,nan,2.3070457225205954,2.3070457225205954,-0.002471227334098035,0.9586962783391866
fusion_fixed,fusion,融合 035124,experimental_auto_20260818_035124.jsonl,1786996284.8211083,1786996304.8211083,174,18.501139640808105,nan,2.4164060627997697,2.4164060627997697,0.0007966822893915909,0.9715154653965064
fusion_fixed,fusion,融合 035124,experimental_auto_20260818_035124.jsonl,1786996284.8211083,1786996304.8211083,175,18.647481679916382,nan,2.337437265934872,2.337437265934872,-0.001631212013419888,0.979085067161983
fusion_fixed,fusion,融合 035124,experimental_auto_20260818_035124.jsonl,1786996284.8211083,1786996304.8211083,176,18.70204257965088,nan,2.271560787915561,2.271560787915561,-0.0031767666308385426,0.9835548413084793
fusion_fixed,fusion,融合 035124,experimental_auto_20260818_035124.jsonl,1786996284.8211083,1786996304.8211083,177,18.80402898788452,nan,2.233372686799351,2.233372686799351,-0.0038941579979093824,0.9861941982442438
fusion_fixed,fusion,融合 035124,experimental_auto_20260818_035124.jsonl,1786996284.8211083,1786996304.8211083,178,18.949386596679688,nan,2.202093135040206,2.202093135040206,-0.003951485694470681,0.9609657446013625
fusion_fixed,fusion,融合 035124,experimental_auto_20260818_035124.jsonl,1786996284.8211083,1786996304.8211083,179,19.098254203796387,nan,2.2283399884518995,2.2283399884518995,-0.0026911787135824325,0.8573364746559575
fusion_fixed,fusion,融合 035124,experimental_auto_20260818_035124.jsonl,1786996284.8211083,1786996304.8211083,180,19.247233629226685,nan,2.2478935125358257,2.2478935125358257,-0.0024420001276852696,0.8913764510438656
fusion_fixed,fusion,融合 035124,experimental_auto_20260818_035124.jsonl,1786996284.8211083,1786996304.8211083,181,19.34752893447876,nan,2.2479104787114013,2.2479104787114013,-0.0021891667503001217,0.9317637805768921
fusion_fixed,fusion,融合 035124,experimental_auto_20260818_035124.jsonl,1786996284.8211083,1786996304.8211083,182,19.498405933380127,nan,2.2940433624311196,2.2940433624311196,-0.0007258454735703122,0.955612094792849
fusion_fixed,fusion,融合 035124,experimental_auto_20260818_035124.jsonl,1786996284.8211083,1786996304.8211083,183,19.55050253868103,nan,2.316974102062297,2.316974102062297,-0.00040291670578908073,0.9696942858542293
fusion_fixed,fusion,融合 035124,experimental_auto_20260818_035124.jsonl,1786996284.8211083,1786996304.8211083,184,19.650229454040527,nan,2.3203249488617628,2.3203249488617628,-0.0008200704614896101,0.9780096788540639
fusion_fixed,fusion,融合 035124,experimental_auto_20260818_035124.jsonl,1786996284.8211083,1786996304.8211083,185,19.74875020980835,nan,2.313254060048342,2.313254060048342,-0.001361002325159167,0.9829198352665361
fusion_fixed,fusion,融合 035124,experimental_auto_20260818_035124.jsonl,1786996284.8211083,1786996304.8211083,186,19.897324085235596,nan,2.9028996924492234,2.9028996924492234,0.011702087124779555,0.985819233526537
fusion_fixed,fusion,融合 035124,experimental_auto_20260818_035124.jsonl,1786996284.8211083,1786996304.8211083,187,19.949110984802246,nan,3.359276539629563,3.359276539629563,0.017881790045856383,0.9875312992050848
fusion_fixed,fusion,融合 035442,experimental_auto_20260818_035442.jsonl,1786996486.9625778,1786996506.9625778,0,0.0,nan,-18.760549444041395,18.760549444041395,0.0,0.01
fusion_fixed,fusion,融合 035442,experimental_auto_20260818_035442.jsonl,1786996486.9625778,1786996506.9625778,1,0.1016998291015625,nan,-18.78006921418717,18.78006921418717,0.0030657786078641747,0.010000000000000002
fusion_fixed,fusion,融合 035442,experimental_auto_20260818_035442.jsonl,1786996486.9625778,1786996506.9625778,2,0.2473897933959961,nan,-17.60133631294567,17.60133631294567,0.061983321039943716,0.010000000000000004
fusion_fixed,fusion,融合 035442,experimental_auto_20260818_035442.jsonl,1786996486.9625778,1786996506.9625778,3,0.3033478260040283,nan,-16.94344422161791,16.94344422161791,0.06754638780763349,0.010000000000000004
fusion_fixed,fusion,融合 035442,experimental_auto_20260818_035442.jsonl,1786996486.9625778,1786996506.9625778,4,0.4006626605987549,nan,-16.574413820387345,16.574413820387345,0.06095300625641145,0.010000000000000004
fusion_fixed,fusion,融合 035442,experimental_auto_20260818_035442.jsonl,1786996486.9625778,1786996506.9625778,5,0.500889778137207,nan,-16.317957073687428,16.317957073687428,0.05538094137761201,0.27558000000000005
fusion_fixed,fusion,融合 035442,experimental_auto_20260818_035442.jsonl,1786996486.9625778,1786996506.9625778,6,0.6490166187286377,nan,-12.507375298386393,12.507375298386393,0.14442963377418414,0.16682233420000006
fusion_fixed,fusion,融合 035442,experimental_auto_20260818_035442.jsonl,1786996486.9625778,1786996506.9625778,7,0.7029430866241455,nan,-10.030352677411303,10.030352677411303,0.171839095190238,0.10260202012175805
fusion_fixed,fusion,融合 035442,experimental_auto_20260818_035442.jsonl,1786996486.9625778,1786996506.9625778,8,0.8046987056732178,nan,-8.403237100690408,8.403237100690408,0.16884566734641782,0.06468056686169692
fusion_fixed,fusion,融合 035442,experimental_auto_20260818_035442.jsonl,1786996486.9625778,1786996506.9625778,9,0.9019510746002197,nan,-7.349572752751355,7.349572752751355,0.150514456974872,0.042288327926163424
fusion_fixed,fusion,融合 035442,experimental_auto_20260818_035442.jsonl,1786996486.9625778,1786996506.9625778,10,1.0494017601013184,nan,-5.594582908422174,5.594582908422174,0.14989189770047484,0.029065934757120247
fusion_fixed,fusion,融合 035442,experimental_auto_20260818_035442.jsonl,1786996486.9625778,1786996506.9625778,11,1.1017954349517822,nan,-4.360834154918147,4.360834154918147,0.1374123223553911,0.021258243814731938
fusion_fixed,fusion,融合 035442,experimental_auto_20260818_035442.jsonl,1786996486.9625778,1786996506.9625778,12,1.2026724815368652,nan,-3.5615852088569544,3.5615852088569544,0.1163074018834439,0.2552082812296389
fusion_fixed,fusion,融合 035442,experimental_auto_20260818_035442.jsonl,1786996486.9625778,1786996506.9625778,13,1.304943561553955,nan,-3.107703248693139,3.107703248693139,0.09186880135160601,0.5561128379832895
fusion_fixed,fusion,融合 035442,experimental_auto_20260818_035442.jsonl,1786996486.9625778,1786996506.9625778,14,1.5062987804412842,nan,-3.347353253644203,3.347353253644203,0.05791343138120049,0.7337939697007526
fusion_fixed,fusion,融合 035442,experimental_auto_20260818_035442.jsonl,1786996486.9625778,1786996506.9625778,15,1.6019203662872314,nan,-3.699833869674851,3.699833869674851,0.031607500531863265,0.8387129011685974
fusion_fixed,fusion,融合 035442,experimental_auto_20260818_035442.jsonl,1786996486.9625778,1786996506.9625778,16,1.7036504745483398,nan,-4.092313739012965,4.092313739012965,0.012956860354621472,0.9006664810110451
fusion_fixed,fusion,融合 035442,experimental_auto_20260818_035442.jsonl,1786996486.9625778,1786996506.9625778,17,1.9061036109924316,nan,-4.593055074086494,4.593055074086494,-0.0016580593062408763,0.9372494503722119
fusion_fixed,fusion,融合 035442,experimental_auto_20260818_035442.jsonl,1786996486.9625778,1786996506.9625778,18,2.002551555633545,nan,-5.01280816886398,5.01280816886398,-0.009306845232554905,0.9588513279502874
fusion_fixed,fusion,融合 035442,experimental_auto_20260818_035442.jsonl,1786996486.9625778,1786996506.9625778,19,2.102635145187378,nan,-5.341436420382639,5.341436420382639,-0.011875324288603367,0.9716070206413652
fusion_fixed,fusion,融合 035442,experimental_auto_20260818_035442.jsonl,1786996486.9625778,1786996506.9625778,20,2.306098461151123,nan,-6.611517293094227,6.611517293094227,-0.034318479667461536,0.9791391296185197
fusion_fixed,fusion,融合 035442,experimental_auto_20260818_035442.jsonl,1786996486.9625778,1786996506.9625778,21,2.449317455291748,nan,-7.5638253076840805,7.5638253076840805,-0.04259301897654448,0.9835867646484397
fusion_fixed,fusion,融合 035442,experimental_auto_20260818_035442.jsonl,1786996486.9625778,1786996506.9625778,22,2.5493576526641846,nan,-8.249383589501857,8.249383589501857,-0.04142155529420592,0.9862130486572572
fusion_fixed,fusion,融合 035442,experimental_auto_20260818_035442.jsonl,1786996486.9625778,1786996506.9625778,23,2.7034480571746826,nan,-8.888975089794437,8.888975089794437,-0.03860506308841524,0.9877638431016238
fusion_fixed,fusion,融合 035442,experimental_auto_20260818_035442.jsonl,1786996486.9625778,1786996506.9625778,24,2.74894118309021,nan,-9.302795395185349,9.302795395185349,-0.03193845061179465,0.9886795717130779
fusion_fixed,fusion,融合 035442,experimental_auto_20260818_035442.jsonl,1786996486.9625778,1786996506.9625778,25,2.849146842956543,nan,-9.541987823871057,9.541987823871057,-0.022370519620323923,0.9892203003008553
fusion_fixed,fusion,融合 035442,experimental_auto_20260818_035442.jsonl,1786996486.9625778,1786996506.9625778,26,2.9491498470306396,nan,-9.647528748010803,9.647528748010803,-0.012139903473806944,0.9895395951246521
fusion_fixed,fusion,融合 035442,experimental_auto_20260818_035442.jsonl,1786996486.9625778,1786996506.9625778,27,3.1038849353790283,nan,-8.128710175987052,8.128710175987052,0.032183175936574306,0.6948145717754943
fusion_fixed,fusion,融合 035442,experimental_auto_20260818_035442.jsonl,1786996486.9625778,1786996506.9625778,28,3.148946523666382,nan,-6.819098529664536,6.819098529664536,0.06083444518926775,0.41437615648771176
fusion_fixed,fusion,融合 035442,experimental_auto_20260818_035442.jsonl,1786996486.9625778,1786996506.9625778,29,3.2493207454681396,nan,-5.783896768677388,5.783896768677388,0.0735531848778659,0.24878007664442892
fusion_fixed,fusion,融合 035442,experimental_auto_20260818_035442.jsonl,1786996486.9625778,1786996506.9625778,30,3.3497836589813232,nan,-5.00932509376133,5.00932509376133,0.07483928456031237,0.15099724745776882
fusion_fixed,fusion,融合 035442,experimental_auto_20260818_035442.jsonl,1786996486.9625778,1786996506.9625778,31,3.500685214996338,nan,-0.9545746368571417,0.9545746368571417,0.14901295453208663,0.09325746465133794
fusion_fixed,fusion,融合 035442,experimental_auto_20260818_035442.jsonl,1786996486.9625778,1786996506.9625778,32,3.551583766937256,nan,2.154096106512715,2.154096106512715,0.18237412853402335,0.05916270030196855
fusion_fixed,fusion,融合 035442,experimental_auto_20260818_035442.jsonl,1786996486.9625778,1786996506.9625778,33,3.6557185649871826,nan,4.3397444849547,4.3397444849547,0.18340256153267387,0.03903008290130942
fusion_fixed,fusion,融合 035442,experimental_auto_20260818_035442.jsonl,1786996486.9625778,1786996506.9625778,34,3.7552995681762695,nan,5.700394182964175,5.700394182964175,0.16403701870085838,0.027141973652394204
fusion_fixed,fusion,融合 035442,experimental_auto_20260818_035442.jsonl,1786996486.9625778,1786996506.9625778,35,3.906327247619629,nan,7.645892193674719,7.645892193674719,0.1574351517012745,0.02012216402200226
fusion_fixed,fusion,融合 035442,experimental_auto_20260818_035442.jsonl,1786996486.9625778,1786996506.9625778,36,3.9498140811920166,nan,8.921978172957202,8.921978172957202,0.13611751837047445,0.01597703663335212
fusion_fixed,fusion,融合 035442,experimental_auto_20260818_035442.jsonl,1786996486.9625778,1786996506.9625778,37,4.05245566368103,nan,9.607060071366202,9.607060071366202,0.10493542638542709,0.013529380361628096
fusion_fixed,fusion,融合 035442,experimental_auto_20260818_035442.jsonl,1786996486.9625778,1786996506.9625778,38,4.1534974575042725,nan,9.879414294009559,9.879414294009559,0.07192210639210876,0.036858444706716245
fusion_fixed,fusion,融合 035442,experimental_auto_20260818_035442.jsonl,1786996486.9625778,1786996506.9625778,39,4.308156251907349,nan,9.112040724111504,9.112040724111504,0.02474172202684978,0.427179443014869
fusion_fixed,fusion,融合 035442,experimental_auto_20260818_035442.jsonl,1786996486.9625778,1786996506.9625778,40,4.349514961242676,nan,8.362658719412009,8.362658719412009,-0.010010607067092878,0.6576600893058501
fusion_fixed,fusion,融合 035442,experimental_auto_20260818_035442.jsonl,1786996486.9625778,1786996506.9625778,41,4.45145058631897,nan,7.705151135471954,7.705151135471954,-0.03022764194648364,0.7937566061342114
fusion_fixed,fusion,融合 035442,experimental_auto_20260818_035442.jsonl,1786996486.9625778,1786996506.9625778,42,4.553133964538574,nan,7.183443507764697,7.183443507764697,-0.03923055752222169,0.5370982383561905
fusion_fixed,fusion,融合 035442,experimental_auto_20260818_035442.jsonl,1786996486.9625778,1786996506.9625778,43,4.706649541854858,nan,5.156815148483851,5.156815148483851,-0.07921066282868178,0.321246238766947
fusion_fixed,fusion,融合 035442,experimental_auto_20260818_035442.jsonl,1786996486.9625778,1786996506.9625778,44,4.749220609664917,nan,3.595304657909526,3.595304657909526,-0.09902867531802406,0.19378779152949457
fusion_fixed,fusion,融合 035442,experimental_auto_20260818_035442.jsonl,1786996486.9625778,1786996506.9625778,45,4.8516998291015625,nan,2.4991995592479,2.4991995592479,-0.1002810729224804,0.11852485302025127
fusion_fixed,fusion,融合 035442,experimental_auto_20260818_035442.jsonl,1786996486.9625778,1786996506.9625778,46,4.952476501464844,nan,1.8127965578719096,1.8127965578719096,-0.08919701768277243,0.07408284045992818
fusion_fixed,fusion,融合 035442,experimental_auto_20260818_035442.jsonl,1786996486.9625778,1786996506.9625778,47,5.105548858642578,nan,0.1833649012319083,0.1833649012319083,-0.10080049411936001,0.04784027646318299
fusion_fixed,fusion,融合 035442,experimental_auto_20260818_035442.jsonl,1786996486.9625778,1786996506.9625778,48,5.15261697769165,nan,-0.964540627469257,0.964540627469257,-0.09891061817924834,0.03234430484874493
fusion_fixed,fusion,融合 035442,experimental_auto_20260818_035442.jsonl,1786996486.9625778,1786996506.9625778,49,5.254118919372559,nan,-1.7013335113873707,1.7013335113873707,-0.08575028142343002,0.023194088570135402
fusion_fixed,fusion,融合 035442,experimental_auto_20260818_035442.jsonl,1786996486.9625778,1786996506.9625778,50,5.350198984146118,nan,-2.1172196923411546,2.1172196923411546,-0.06684813849744092,0.01779097735977926
fusion_fixed,fusion,融合 035442,experimental_auto_20260818_035442.jsonl,1786996486.9625778,1786996506.9625778,51,5.505466938018799,nan,-2.862346751207867,2.862346751207867,-0.060840066138931885,0.014600494221176062
fusion_fixed,fusion,融合 035442,experimental_auto_20260818_035442.jsonl,1786996486.9625778,1786996506.9625778,52,5.549394369125366,nan,-3.362191066606146,3.362191066606146,-0.05056654446958145,0.012716545832662258
fusion_fixed,fusion,融合 035442,experimental_auto_20260818_035442.jsonl,1786996486.9625778,1786996506.9625778,53,5.655800104141235,nan,-3.663255691444345,3.663255691444345,-0.03845531517910745,0.37221293900050545
fusion_fixed,fusion,融合 035442,experimental_auto_20260818_035442.jsonl,1786996486.9625778,1786996506.9625778,54,5.802153825759888,nan,-3.831940903334252,3.831940903334252,-0.02660768398044654,0.6252029183504085
fusion_fixed,fusion,融合 035442,experimental_auto_20260818_035442.jsonl,1786996486.9625778,1786996506.9625778,55,5.954421520233154,nan,-4.337338583449657,4.337338583449657,-0.02606821143020696,0.5319297562031957
fusion_fixed,fusion,融合 035442,experimental_auto_20260818_035442.jsonl,1786996486.9625778,1786996506.9625778,56,6.099444627761841,nan,-4.674840117367795,4.674840117367795,-0.022111869779430415,0.33789109847796545
fusion_fixed,fusion,融合 035442,experimental_auto_20260818_035442.jsonl,1786996486.9625778,1786996506.9625778,57,6.19919490814209,nan,-4.882468846745147,4.882468846745147,-0.016182965409659918,0.46919641474025386
fusion_fixed,fusion,融合 035442,experimental_auto_20260818_035442.jsonl,1786996486.9625778,1786996506.9625778,58,6.352067708969116,nan,-5.0781511224861635,5.0781511224861635,-0.01180314616562236,0.6824706909399725
fusion_fixed,fusion,融合 035442,experimental_auto_20260818_035442.jsonl,1786996486.9625778,1786996506.9625778,59,6.399103164672852,nan,-5.220499819050217,5.220499819050217,-0.008093023409280661,0.8084070182931443
fusion_fixed,fusion,融合 035442,experimental_auto_20260818_035442.jsonl,1786996486.9625778,1786996506.9625778,60,6.499248266220093,nan,-5.328274699548752,5.328274699548752,-0.005013956901176108,0.8827711602319188
fusion_fixed,fusion,融合 035442,experimental_auto_20260818_035442.jsonl,1786996486.9625778,1786996506.9625778,61,6.59947943687439,nan,-5.41259847901946,5.41259847901946,-0.0024148996617738908,0.9266824424053457
fusion_fixed,fusion,融合 035442,experimental_auto_20260818_035442.jsonl,1786996486.9625778,1786996506.9625778,62,6.7509260177612305,nan,-6.66263833880234,6.66263833880234,-0.02713965067687556,0.9526116154159325
fusion_fixed,fusion,融合 035442,experimental_auto_20260818_035442.jsonl,1786996486.9625778,1786996506.9625778,63,6.799026727676392,nan,-7.680402587799184,7.680402587799184,-0.04051299740785669,0.9679225327869538
fusion_fixed,fusion,融合 035442,experimental_auto_20260818_035442.jsonl,1786996486.9625778,1786996506.9625778,64,6.899059057235718,nan,-8.45653354977447,8.45653354977447,-0.043270714872769254,0.9769634763853684
fusion_fixed,fusion,融合 035442,experimental_auto_20260818_035442.jsonl,1786996486.9625778,1786996506.9625778,65,6.999302387237549,nan,-9.016705731664398,9.016705731664398,-0.039169345873250806,0.9823020631707962
fusion_fixed,fusion,融合 035442,experimental_auto_20260818_035442.jsonl,1786996486.9625778,1786996506.9625778,66,7.151388883590698,nan,-10.34557526643296,10.34557526643296,-0.05281910093429994,0.9854544452817233
fusion_fixed,fusion,融合 035442,experimental_auto_20260818_035442.jsonl,1786996486.9625778,1786996506.9625778,67,7.198755741119385,nan,-11.321294835563256,11.321294835563256,-0.05544972860227456,0.9873158953944048
fusion_fixed,fusion,融合 035442,experimental_auto_20260818_035442.jsonl,1786996486.9625778,1786996506.9625778,68,7.299335479736328,nan,-11.986150211567626,11.986150211567626,-0.048767724905300264,0.9884150630714421
fusion_fixed,fusion,融合 035442,experimental_auto_20260818_035442.jsonl,1786996486.9625778,1786996506.9625778,69,7.401066541671753,nan,-12.402310034806852,12.402310034806852,-0.03734414076397495,0.9890641105930559
fusion_fixed,fusion,融合 035442,experimental_auto_20260818_035442.jsonl,1786996486.9625778,1786996506.9625778,70,7.552001237869263,nan,-12.033716062316756,12.033716062316756,-0.010982430876810109,0.9894473666640935
fusion_fixed,fusion,融合 035442,experimental_auto_20260818_035442.jsonl,1786996486.9625778,1786996506.9625778,71,7.599109172821045,nan,-11.687593999026857,11.687593999026857,0.0074449589132236675,0.9896736755414804
fusion_fixed,fusion,融合 035442,experimental_auto_20260818_035442.jsonl,1786996486.9625778,1786996506.9625778,72,7.699222564697266,nan,-11.41151431437235,11.41151431437235,0.018200615894890526,0.6620333970096757
fusion_fixed,fusion,融合 035442,experimental_auto_20260818_035442.jsonl,1786996486.9625778,1786996506.9625778,73,7.799456357955933,nan,-11.213305795360496,11.213305795360496,0.025079331591235057,0.39501920060024337
fusion_fixed,fusion,融合 035442,experimental_auto_20260818_035442.jsonl,1786996486.9625778,1786996506.9625778,74,7.951803207397461,nan,-8.417137071937775,8.417137071937775,0.0892392445017395,0.23734998776243776
fusion_fixed,fusion,融合 035442,experimental_auto_20260818_035442.jsonl,1786996486.9625778,1786996506.9625778,75,7.998943567276001,nan,-6.229003017217916,6.229003017217916,0.12459964931169892,0.1442478942738419
fusion_fixed,fusion,融合 035442,experimental_auto_20260818_035442.jsonl,1786996486.9625778,1786996506.9625778,76,8.099353790283203,nan,-4.654993509920857,4.654993509920857,0.13436813271976347,0.08927203908976093
fusion_fixed,fusion,融合 035442,experimental_auto_20260818_035442.jsonl,1786996486.9625778,1786996506.9625778,77,8.199300527572632,nan,-3.6279079396255742,3.6279079396255742,0.12649774058153743,0.05680934636211295
fusion_fixed,fusion,融合 035442,experimental_auto_20260818_035442.jsonl,1786996486.9625778,1786996506.9625778,78,8.353074550628662,nan,-0.6107362217509293,0.6107362217509293,0.16284475410326066,0.03764045093336408
fusion_fixed,fusion,融合 035442,experimental_auto_20260818_035442.jsonl,1786996486.9625778,1786996506.9625778,79,8.398605346679688,nan,1.649781186284205,1.649781186284205,0.1724223727115787,0.02632140987164216
fusion_fixed,fusion,融合 035442,experimental_auto_20260818_035442.jsonl,1786996486.9625778,1786996506.9625778,80,8.499082565307617,nan,3.193168995993101,3.193168995993101,0.1601542405419198,0.019637629315105987
fusion_fixed,fusion,融合 035442,experimental_auto_20260818_035442.jsonl,1786996486.9625778,1786996506.9625778,81,8.599459409713745,nan,4.164965873088633,4.164965873088633,0.13428978866093233,0.01569092373427694
fusion_fixed,fusion,融合 035442,experimental_auto_20260818_035442.jsonl,1786996486.9625778,1786996506.9625778,82,8.752940893173218,nan,5.7305791173479665,5.7305791173479665,0.12716923558019408,0.013360433555853191
fusion_fixed,fusion,融合 035442,experimental_auto_20260818_035442.jsonl,1786996486.9625778,1786996506.9625778,83,8.798777103424072,nan,6.8523025702647455,6.8523025702647455,0.11052594973932527,0.011984302410395754
fusion_fixed,fusion,融合 035442,experimental_auto_20260818_035442.jsonl,1786996486.9625778,1786996506.9625778,84,8.899079084396362,nan,7.585291875139022,7.585291875139022,0.08801338714231356,0.011171710730314591
fusion_fixed,fusion,融合 035442,experimental_auto_20260818_035442.jsonl,1786996486.9625778,1786996506.9625778,85,8.99913477897644,nan,8.034473666615105,8.034473666615105,0.06445416215855446,0.0763428751907875
fusion_fixed,fusion,融合 035442,experimental_auto_20260818_035442.jsonl,1786996486.9625778,1786996506.9625778,86,9.199302911758423,nan,7.780473222697026,7.780473222697026,0.03057526032401785,0.3009942233290615
fusion_fixed,fusion,融合 035442,experimental_auto_20260818_035442.jsonl,1786996486.9625778,1786996506.9625778,87,9.299002885818481,nan,7.478724761445454,7.478724761445454,0.006123147662627022,0.5831489789335776
fusion_fixed,fusion,融合 035442,experimental_auto_20260818_035442.jsonl,1786996486.9625778,1786996506.9625778,88,9.400562047958374,nan,7.2058475394138455,7.2058475394138455,-0.00943404888910825,0.7497585405704882
fusion_fixed,fusion,融合 035442,experimental_auto_20260818_035442.jsonl,1786996486.9625778,1786996506.9625778,89,9.55294418334961,nan,5.7809252741352175,5.7809252741352175,-0.04538671586910026,0.8481398206214675
fusion_fixed,fusion,融合 035442,experimental_auto_20260818_035442.jsonl,1786996486.9625778,1786996506.9625778,90,9.59978985786438,nan,4.633043965176798,4.633043965176798,-0.06497484513614699,0.9062329826787703
fusion_fixed,fusion,融合 035442,experimental_auto_20260818_035442.jsonl,1786996486.9625778,1786996506.9625778,91,9.699333906173706,nan,3.7905789720097505,3.7905789720097505,-0.06948465449413248,0.6035144139419871
fusion_fixed,fusion,融合 035442,experimental_auto_20260818_035442.jsonl,1786996486.9625778,1786996506.9625778,92,9.798898220062256,nan,3.219075582264086,3.219075582264086,-0.0651356783542953,0.36046432628860403
fusion_fixed,fusion,融合 035442,experimental_auto_20260818_035442.jsonl,1786996486.9625778,1786996506.9625778,93,9.999162673950195,nan,2.3848136909970785,2.3848136909970785,-0.06650221357415376,0.21694568003015785
fusion_fixed,fusion,融合 035442,experimental_auto_20260818_035442.jsonl,1786996486.9625778,1786996506.9625778,94,10.153480291366577,nan,1.792398951911478,1.792398951911478,-0.05985285201968519,0.1321993546010079
fusion_fixed,fusion,融合 035442,experimental_auto_20260818_035442.jsonl,1786996486.9625778,1786996506.9625778,95,10.25260043144226,nan,1.4413169994076047,1.4413169994076047,-0.04831590511905949,0.08215749689834917
fusion_fixed,fusion,融合 035442,experimental_auto_20260818_035442.jsonl,1786996486.9625778,1786996506.9625778,96,10.398989915847778,nan,0.2602918672274246,0.2602918672274246,-0.05905448757503799,0.05260828034350621
fusion_fixed,fusion,融合 035442,experimental_auto_20260818_035442.jsonl,1786996486.9625778,1786996506.9625778,97,10.450687646865845,nan,-0.5596058537191029,0.5596058537191029,-0.05957857019537911,0.03515976346003699
fusion_fixed,fusion,融合 035442,experimental_auto_20260818_035442.jsonl,1786996486.9625778,1786996506.9625778,98,10.552576541900635,nan,-1.091104458540415,1.091104458540415,-0.05238944616347024,0.02485658872551725
fusion_fixed,fusion,融合 035442,experimental_auto_20260818_035442.jsonl,1786996486.9625778,1786996506.9625778,99,10.653608083724976,nan,-1.3762024276465779,1.3762024276465779,-0.041726175219654264,0.018772667076530688
fusion_fixed,fusion,融合 035442,experimental_auto_20260818_035442.jsonl,1786996486.9625778,1786996506.9625778,100,10.799335479736328,nan,-2.008033914158902,2.008033914158902,-0.04362803671147142,0.015180172182020609
fusion_fixed,fusion,融合 035442,experimental_auto_20260818_035442.jsonl,1786996486.9625778,1786996506.9625778,101,10.853646278381348,nan,-2.466383728755406,2.466383728755406,-0.03957040352061959,0.013058839871761353
fusion_fixed,fusion,融合 035442,experimental_auto_20260818_035442.jsonl,1786996486.9625778,1786996506.9625778,102,10.954011917114258,nan,-2.7307699143856112,2.7307699143856112,-0.03182349959921018,0.011806214355876365
fusion_fixed,fusion,融合 035442,experimental_auto_20260818_035442.jsonl,1786996486.9625778,1786996506.9625778,103,11.054378271102905,nan,-2.85197425852477,2.85197425852477,-0.022969495751500785,0.011066551515001435
fusion_fixed,fusion,融合 035442,experimental_auto_20260818_035442.jsonl,1786996486.9625778,1786996506.9625778,104,11.19933557510376,nan,-2.2571967581233254,2.2571967581233254,-0.0007089695086702937,0.010629788004093196
fusion_fixed,fusion,融合 035442,experimental_auto_20260818_035442.jsonl,1786996486.9625778,1786996506.9625778,105,11.252406597137451,nan,-1.7575272951828702,1.7575272951828702,0.01429900841098436,0.010413203909485549
fusion_fixed,fusion,融合 035442,experimental_auto_20260818_035442.jsonl,1786996486.9625778,1786996506.9625778,106,11.353570222854614,nan,-1.359424714094204,1.359424714094204,0.021417821145579625,0.010243992776512122
fusion_fixed,fusion,融合 035442,experimental_auto_20260818_035442.jsonl,1786996486.9625778,1786996506.9625778,107,11.452171325683594,nan,-1.0918751591481146,1.0918751591481146,0.02330380475380164,0.010144075294602647
fusion_fixed,fusion,融合 035442,experimental_auto_20260818_035442.jsonl,1786996486.9625778,1786996506.9625778,108,11.60109567642212,nan,-0.15468633083308703,0.15468633083308703,0.0383828713441557,0.010085075020709915
fusion_fixed,fusion,融合 035442,experimental_auto_20260818_035442.jsonl,1786996486.9625778,1786996506.9625778,109,11.65040373802185,nan,0.5355291036109433,0.5355291036109433,0.04429201940206519,0.010050235948979
fusion_fixed,fusion,融合 035442,experimental_auto_20260818_035442.jsonl,1786996486.9625778,1786996506.9625778,110,11.751181602478027,nan,1.01531425510486,1.01531425510486,0.042276870580696194,0.010029663825512614
fusion_fixed,fusion,融合 035442,experimental_auto_20260818_035442.jsonl,1786996486.9625778,1786996506.9625778,111,11.852147102355957,nan,1.3091063122197877,1.3091063122197877,0.035645244741920656,0.010017516192326947
fusion_fixed,fusion,融合 035442,experimental_auto_20260818_035442.jsonl,1786996486.9625778,1786996506.9625778,112,11.999121904373169,nan,2.0353302211352897,2.0353302211352897,0.040180385999088096,0.01001034313640714
fusion_fixed,fusion,融合 035442,experimental_auto_20260818_035442.jsonl,1786996486.9625778,1786996506.9625778,113,12.04965329170227,nan,2.5436402418902992,2.5436402418902992,0.03858830468141082,0.010006107518617052
fusion_fixed,fusion,融合 035442,experimental_auto_20260818_035442.jsonl,1786996486.9625778,1786996506.9625778,114,12.150738716125488,nan,2.8635300512965367,2.8635300512965367,0.032669800666631166,0.010003606428668186
fusion_fixed,fusion,融合 035442,experimental_auto_20260818_035442.jsonl,1786996486.9625778,1786996506.9625778,115,12.25049352645874,nan,3.0550870966032817,3.0550870966032817,0.02504886715093249,0.010002129560064278
fusion_fixed,fusion,融合 035442,experimental_auto_20260818_035442.jsonl,1786996486.9625778,1786996506.9625778,116,12.399137496948242,nan,2.467387602960247,2.467387602960247,0.0009203278640959218,0.010001257483922357
fusion_fixed,fusion,融合 035442,experimental_auto_20260818_035442.jsonl,1786996486.9625778,1786996506.9625778,117,12.452788829803467,nan,1.9437280534862045,1.9437280534862045,-0.015112501985292362,0.17883401883155398
fusion_fixed,fusion,融合 035442,experimental_auto_20260818_035442.jsonl,1786996486.9625778,1786996506.9625778,118,12.549865007400513,nan,1.5390712169601417,1.5390712169601417,-0.022993297926994102,0.17883401883155398
fusion_fixed,fusion,融合 035442,experimental_auto_20260818_035442.jsonl,1786996486.9625778,1786996506.9625778,119,12.650362968444824,nan,1.2513599073323167,1.2513599073323167,-0.02496412091537562,0.12077199975538255
fusion_fixed,fusion,融合 035442,experimental_auto_20260818_035442.jsonl,1786996486.9625778,1786996506.9625778,120,12.800433158874512,nan,0.4770575194581461,0.4770575194581461,-0.036469010313785875,0.07540975813555585
fusion_fixed,fusion,融合 035442,experimental_auto_20260818_035442.jsonl,1786996486.9625778,1786996506.9625778,121,12.850770235061646,nan,-0.10649126298758471,0.10649126298758471,-0.039772352725311405,0.04862380808146438
fusion_fixed,fusion,融合 035442,experimental_auto_20260818_035442.jsonl,1786996486.9625778,1786996506.9625778,122,12.952484369277954,nan,-0.5381860607548195,0.5381860607548195,-0.03632422985700792,0.03280697243402391
fusion_fixed,fusion,融合 035442,experimental_auto_20260818_035442.jsonl,1786996486.9625778,1786996506.9625778,123,13.052165031433105,nan,-0.7921122951949133,0.7921122951949133,-0.029852536185512167,0.023467289152566784
fusion_fixed,fusion,融合 035442,experimental_auto_20260818_035442.jsonl,1786996486.9625778,1786996506.9625778,124,13.202319145202637,nan,-0.7395032658376599,0.7395032658376599,-0.016783557144233248,0.017952299571699165
fusion_fixed,fusion,融合 035442,experimental_auto_20260818_035442.jsonl,1786996486.9625778,1786996506.9625778,125,13.249866962432861,nan,-0.6017794213523442,0.6017794213523442,-0.007318596127815063,0.22275957964087223
fusion_fixed,fusion,融合 035442,experimental_auto_20260818_035442.jsonl,1786996486.9625778,1786996506.9625778,126,13.349173784255981,nan,-0.4709545328252296,0.4709545328252296,-0.0010810137008514294,0.5369522041821386
fusion_fixed,fusion,融合 035442,experimental_auto_20260818_035442.jsonl,1786996486.9625778,1786996506.9625778,127,13.450915575027466,nan,-0.36555273858176474,0.36555273858176474,0.003020189313437266,0.722479807047511
fusion_fixed,fusion,融合 035442,experimental_auto_20260818_035442.jsonl,1786996486.9625778,1786996506.9625778,128,13.649341583251953,nan,0.5811065636654789,0.5811065636654789,0.02456860285490674,0.8320320012634846
fusion_fixed,fusion,融合 035442,experimental_auto_20260818_035442.jsonl,1786996486.9625778,1786996506.9625778,129,13.749172925949097,nan,1.3094615397103437,1.3094615397103437,0.034881540753215735,0.8967214764260751
fusion_fixed,fusion,融合 035442,experimental_auto_20260818_035442.jsonl,1786996486.9625778,1786996506.9625778,130,13.849305152893066,nan,1.8486190182312123,1.8486190182312123,0.0368968381423547,0.8967214764260752
fusion_fixed,fusion,融合 035442,experimental_auto_20260818_035442.jsonl,1786996486.9625778,1786996506.9625778,131,14.049229860305786,nan,2.77472973003271,2.77472973003271,0.04524795138383581,0.8967214764260752
fusion_fixed,fusion,融合 035442,experimental_auto_20260818_035442.jsonl,1786996486.9625778,1786996506.9625778,132,14.149341821670532,nan,3.4358979479176655,3.4358979479176655,0.044545615183205586,0.8967214764260752
fusion_fixed,fusion,融合 035442,experimental_auto_20260818_035442.jsonl,1786996486.9625778,1786996506.9625778,133,14.302685499191284,nan,3.8457408656792036,3.8457408656792036,0.03895782253723451,0.8967214764260752
fusion_fixed,fusion,融合 035442,experimental_auto_20260818_035442.jsonl,1786996486.9625778,1786996506.9625778,134,14.449482917785645,nan,4.576844869231033,4.576844869231033,0.04103967961741088,0.8967214764260752
fusion_fixed,fusion,融合 035442,experimental_auto_20260818_035442.jsonl,1786996486.9625778,1786996506.9625778,135,14.602476596832275,nan,5.083832320478554,5.083832320478554,0.036810399549662524,0.9349199646148332
fusion_fixed,fusion,融合 035442,experimental_auto_20260818_035442.jsonl,1786996486.9625778,1786996506.9625778,136,14.702160120010376,nan,5.40387678045019,5.40387678045019,0.029164740727422957,0.9574757899054128
fusion_fixed,fusion,融合 035442,experimental_auto_20260818_035442.jsonl,1786996486.9625778,1786996506.9625778,137,14.849603176116943,nan,5.779244678499484,5.779244678499484,0.024728983135643853,0.9707947791812471
fusion_fixed,fusion,融合 035442,experimental_auto_20260818_035442.jsonl,1786996486.9625778,1786996506.9625778,138,14.901910066604614,nan,6.0058983976882026,6.0058983976882026,0.018839590881496494,0.9786595091587346
fusion_fixed,fusion,融合 035442,experimental_auto_20260818_035442.jsonl,1786996486.9625778,1786996506.9625778,139,15.001165866851807,nan,6.139857703735075,6.139857703735075,0.01233064095201457,0.9833035535631411
fusion_fixed,fusion,融合 035442,experimental_auto_20260818_035442.jsonl,1786996486.9625778,1786996506.9625778,140,15.101853609085083,nan,6.200509190995018,6.200509190995018,0.006165984487691139,0.9860458153434992
fusion_fixed,fusion,融合 035442,experimental_auto_20260818_035442.jsonl,1786996486.9625778,1786996506.9625778,141,15.24939489364624,nan,6.029711320887254,6.029711320887254,-0.003250145893733419,0.9876650935021828
fusion_fixed,fusion,融合 035442,experimental_auto_20260818_035442.jsonl,1786996486.9625778,1786996506.9625778,142,15.304305791854858,nan,5.864641326437303,5.864641326437303,-0.009682712678809435,0.8311619647275693
fusion_fixed,fusion,融合 035442,experimental_auto_20260818_035442.jsonl,1786996486.9625778,1786996506.9625778,143,15.405187129974365,nan,5.724996173396269,5.724996173396269,-0.013646282475213862,0.5752287558138612
fusion_fixed,fusion,融合 035442,experimental_auto_20260818_035442.jsonl,1786996486.9625778,1786996506.9625778,144,15.50247597694397,nan,5.6119876922494205,5.6119876922494205,-0.016079716821953874,0.41173077974936073
fusion_fixed,fusion,融合 035442,experimental_auto_20260818_035442.jsonl,1786996486.9625778,1786996506.9625778,145,15.651750802993774,nan,5.380536436939143,5.380536436939143,-0.020445115021607674,0.34826144155160776
fusion_fixed,fusion,融合 035442,experimental_auto_20260818_035442.jsonl,1786996486.9625778,1786996506.9625778,146,15.701950311660767,nan,5.210053080537113,5.210053080537113,-0.02255662908154276,0.4443571088045008
fusion_fixed,fusion,融合 035442,experimental_auto_20260818_035442.jsonl,1786996486.9625778,1786996506.9625778,147,15.803014516830444,nan,5.105471683042683,5.105471683042683,-0.02150889104347805,0.6046330104181565
fusion_fixed,fusion,融合 035442,experimental_auto_20260818_035442.jsonl,1786996486.9625778,1786996506.9625778,148,15.899909257888794,nan,5.062169952940043,5.062169952940043,-0.018445206758746956,0.7624446463218172
fusion_fixed,fusion,融合 035442,experimental_auto_20260818_035442.jsonl,1786996486.9625778,1786996506.9625778,149,16.051228284835815,nan,5.181539575490213,5.181539575490213,-0.012073707574994439,0.8556308392065698
fusion_fixed,fusion,融合 035442,experimental_auto_20260818_035442.jsonl,1786996486.9625778,1786996506.9625778,150,16.10173797607422,nan,5.304656221505777,5.304656221505777,-0.006808170502211622,0.9106563542430873
fusion_fixed,fusion,融合 035442,experimental_auto_20260818_035442.jsonl,1786996486.9625778,1786996506.9625778,151,16.202702522277832,nan,5.4164437508213865,5.4164437508213865,-0.0037376342022569543,0.9431483706170007
fusion_fixed,fusion,融合 035442,experimental_auto_20260818_035442.jsonl,1786996486.9625778,1786996506.9625778,152,16.3045973777771,nan,5.504077360342352,5.504077360342352,-0.0024311994809086334,0.9623345813656328
fusion_fixed,fusion,融合 035442,experimental_auto_20260818_035442.jsonl,1786996486.9625778,1786996506.9625778,153,16.449464559555054,nan,5.0100974134540515,5.0100974134540515,-0.014913926734296139,0.9736638469505924
fusion_fixed,fusion,融合 035442,experimental_auto_20260818_035442.jsonl,1786996486.9625778,1786996506.9625778,154,16.500710010528564,nan,4.598628402497152,4.598628402497152,-0.022018368330119727,0.9803536649858553
fusion_fixed,fusion,融合 035442,experimental_auto_20260818_035442.jsonl,1786996486.9625778,1786996506.9625778,155,16.60128617286682,nan,4.277450023511609,4.277450023511609,-0.02462296205449495,0.7392486912835871
fusion_fixed,fusion,融合 035442,experimental_auto_20260818_035442.jsonl,1786996486.9625778,1786996506.9625778,156,16.703699111938477,nan,4.031100055079073,4.031100055079073,-0.025147962050654074,0.44061405971604534
fusion_fixed,fusion,融合 035442,experimental_auto_20260818_035442.jsonl,1786996486.9625778,1786996506.9625778,157,16.85231113433838,nan,3.737842331701846,3.737842331701846,-0.027217185965978698,0.2642732961217276
fusion_fixed,fusion,融合 035442,experimental_auto_20260818_035442.jsonl,1786996486.9625778,1786996506.9625778,158,16.904565811157227,nan,3.5044252261144937,3.5044252261144937,-0.028235506442261166,0.16014583862691897
fusion_fixed,fusion,融合 035442,experimental_auto_20260818_035442.jsonl,1786996486.9625778,1786996506.9625778,159,17.001312017440796,nan,3.343183567200325,3.343183567200325,-0.026949822219398338,0.2557155844752637
fusion_fixed,fusion,融合 035442,experimental_auto_20260818_035442.jsonl,1786996486.9625778,1786996506.9625778,160,17.102606773376465,nan,3.2484436594391597,3.2484436594391597,-0.023593258010086722,0.4396340584254833
fusion_fixed,fusion,融合 035442,experimental_auto_20260818_035442.jsonl,1786996486.9625778,1786996506.9625778,161,17.306450366973877,nan,3.0884440941568947,3.0884440941568947,-0.021828385067662607,0.6054480807813379
fusion_fixed,fusion,融合 035442,experimental_auto_20260818_035442.jsonl,1786996486.9625778,1786996506.9625778,162,17.403899431228638,nan,2.9735453937057676,2.9735453937057676,-0.01868388407992837,0.7629259372205723
fusion_fixed,fusion,融合 035442,experimental_auto_20260818_035442.jsonl,1786996486.9625778,1786996506.9625778,163,17.49977159500122,nan,2.9068033680272776,2.9068033680272776,-0.014456804300423872,0.8559150366693757
fusion_fixed,fusion,融合 035442,experimental_auto_20260818_035442.jsonl,1786996486.9625778,1786996506.9625778,164,17.700769901275635,nan,2.7699246759630536,2.7699246759630536,-0.01223584525462251,0.9108241700028995
fusion_fixed,fusion,融合 035442,experimental_auto_20260818_035442.jsonl,1786996486.9625778,1786996506.9625778,165,17.806726694107056,nan,2.701238733828426,2.701238733828426,-0.009583284853717783,0.943247464145012
fusion_fixed,fusion,融合 035442,experimental_auto_20260818_035442.jsonl,1786996486.9625778,1786996506.9625778,166,17.904831171035767,nan,2.6650833427594334,2.6650833427594334,-0.00693027972055205,0.9623930951029882
fusion_fixed,fusion,融合 035442,experimental_auto_20260818_035442.jsonl,1786996486.9625778,1786996506.9625778,167,18.103277444839478,nan,2.432910570689739,2.432910570689739,-0.007887210094237485,0.9736983987273635
fusion_fixed,fusion,融合 035442,experimental_auto_20260818_035442.jsonl,1786996486.9625778,1786996506.9625778,168,18.20482110977173,nan,2.301331609167112,2.301331609167112,-0.007756237037523045,0.9803740674645209
fusion_fixed,fusion,融合 035442,experimental_auto_20260818_035442.jsonl,1786996486.9625778,1786996506.9625778,169,18.30710530281067,nan,2.2195610976052937,2.2195610976052937,-0.0072443370283540465,0.9778157626101718
fusion_fixed,fusion,融合 035442,experimental_auto_20260818_035442.jsonl,1786996486.9625778,1786996506.9625778,170,18.501890182495117,nan,2.1175784067097414,2.1175784067097414,-0.010142636422099777,0.8376061489540116
fusion_fixed,fusion,融合 035442,experimental_auto_20260818_035442.jsonl,1786996486.9625778,1786996506.9625778,171,18.55090308189392,nan,1.9734059092450962,1.9734059092450962,-0.011699450015789445,0.636334892780364
fusion_fixed,fusion,融合 035442,experimental_auto_20260818_035442.jsonl,1786996486.9625778,1786996506.9625778,172,18.653071880340576,nan,1.8869227286270607,1.8869227286270607,-0.01230092229772534,0.49485044280594775
fusion_fixed,fusion,融合 035442,experimental_auto_20260818_035442.jsonl,1786996486.9625778,1786996506.9625778,173,18.75478720664978,nan,1.8380414034244286,1.8380414034244286,-0.011850019077972002,0.42161209172966496
fusion_fixed,fusion,融合 035442,experimental_auto_20260818_035442.jsonl,1786996486.9625778,1786996506.9625778,174,18.904659271240234,nan,1.7055584681054614,1.7055584681054614,-0.013333326196265038,0.3682422821063691
fusion_fixed,fusion,融合 035442,experimental_auto_20260818_035442.jsonl,1786996486.9625778,1786996506.9625778,175,18.95018696784973,nan,1.590603517387501,1.590603517387501,-0.013636824839713664,0.3791359388028433
fusion_fixed,fusion,融合 035442,experimental_auto_20260818_035442.jsonl,1786996486.9625778,1786996506.9625778,176,19.05226755142212,nan,1.5358302778577193,1.5358302778577193,-0.012513973800127448,0.41969450996371316
fusion_fixed,fusion,融合 035442,experimental_auto_20260818_035442.jsonl,1786996486.9625778,1786996506.9625778,177,19.154081344604492,nan,1.5250983770705329,1.5250983770705329,-0.01034034112673403,0.47897728878898393
fusion_fixed,fusion,融合 035442,experimental_auto_20260818_035442.jsonl,1786996486.9625778,1786996506.9625778,178,19.304269313812256,nan,1.4533259033267854,1.4533259033267854,-0.008886745785641578,0.5423914313860375
fusion_fixed,fusion,融合 035442,experimental_auto_20260818_035442.jsonl,1786996486.9625778,1786996506.9625778,179,19.349806547164917,nan,1.413379668203052,1.413379668203052,-0.00695214811665698,0.6673011378818239
fusion_fixed,fusion,融合 035442,experimental_auto_20260818_035442.jsonl,1786996486.9625778,1786996506.9625778,180,19.452229261398315,nan,1.3729401986894985,1.3729401986894985,-0.004025932454408795,0.7994495489078381
fusion_fixed,fusion,融合 035442,experimental_auto_20260818_035442.jsonl,1786996486.9625778,1786996506.9625778,181,19.553702354431152,nan,1.3617829423817174,1.3617829423817174,-0.0017959025149895023,0.8774818641345893
fusion_fixed,fusion,融合 035442,experimental_auto_20260818_035442.jsonl,1786996486.9625778,1786996506.9625778,182,19.710991859436035,nan,1.7754335763654594,1.7754335763654594,0.009321568941311205,0.9235591659528336
fusion_fixed,fusion,融合 035442,experimental_auto_20260818_035442.jsonl,1786996486.9625778,1786996506.9625778,183,19.752594709396362,nan,2.118427899483477,2.118427899483477,0.015324946247399671,0.9507673519034887
fusion_fixed,fusion,融合 035442,experimental_auto_20260818_035442.jsonl,1786996486.9625778,1786996506.9625778,184,19.85664391517639,nan,2.3625447520462473,2.3625447520462473,0.016534001913146586,0.966833513625491
fusion_fixed,fusion,融合 035442,experimental_auto_20260818_035442.jsonl,1786996486.9625778,1786996506.9625778,185,19.95259380340576,nan,2.50784586765761,2.50784586765761,0.014912504986864106,0.9763204214607161
fusion_fixed,model1_fixed,固定 model1（原图）,experimental_auto_20260818_032311_model1fixed_realtime.jsonl,1786994665.4665375,1786994685.4665375,0,0.09673929214477539,nan,-4.524774244738506,4.524774244738506,0.05287429655872489,1.0
fusion_fixed,model1_fixed,固定 model1（原图）,experimental_auto_20260818_032311_model1fixed_realtime.jsonl,1786994665.4665375,1786994685.4665375,1,0.24641704559326172,nan,-3.0621154258777095,3.0621154258777095,0.07171799624837252,1.0
fusion_fixed,model1_fixed,固定 model1（原图）,experimental_auto_20260818_032311_model1fixed_realtime.jsonl,1786994665.4665375,1786994685.4665375,2,0.2969794273376465,nan,-1.9893968327061806,1.9893968327061806,0.07698957217013508,1.0
fusion_fixed,model1_fixed,固定 model1（原图）,experimental_auto_20260818_032311_model1fixed_realtime.jsonl,1786994665.4665375,1786994685.4665375,3,0.39624810218811035,nan,-1.2718252385227946,1.2718252385227946,0.07077001408557064,1.0
fusion_fixed,model1_fixed,固定 model1（原图）,experimental_auto_20260818_032311_model1fixed_realtime.jsonl,1786994665.4665375,1786994685.4665375,4,0.4995396137237549,nan,-0.865517540487748,0.865517540487748,0.05918864472255141,1.0
fusion_fixed,model1_fixed,固定 model1（原图）,experimental_auto_20260818_032311_model1fixed_realtime.jsonl,1786994665.4665375,1786994685.4665375,5,0.6519935131072998,nan,0.4971212336493447,0.4971212336493447,0.07038627943078257,1.0
fusion_fixed,model1_fixed,固定 model1（原图）,experimental_auto_20260818_032311_model1fixed_realtime.jsonl,1786994665.4665375,1786994685.4665375,6,0.7004683017730713,nan,1.4403183052738022,1.4403183052738022,0.07013087171773921,1.0
fusion_fixed,model1_fixed,固定 model1（原图）,experimental_auto_20260818_032311_model1fixed_realtime.jsonl,1786994665.4665375,1786994685.4665375,7,0.7977943420410156,nan,2.0418826779143973,2.0418826779143973,0.06162852992600469,1.0
fusion_fixed,model1_fixed,固定 model1（原图）,experimental_auto_20260818_032311_model1fixed_realtime.jsonl,1786994665.4665375,1786994685.4665375,8,0.8990383148193359,nan,2.403185408187636,2.403185408187636,0.04865948523120645,1.0
fusion_fixed,model1_fixed,固定 model1（原图）,experimental_auto_20260818_032311_model1fixed_realtime.jsonl,1786994665.4665375,1786994685.4665375,9,1.0523929595947266,nan,3.094352270133105,3.094352270133105,0.04671772363743722,1.0
fusion_fixed,model1_fixed,固定 model1（原图）,experimental_auto_20260818_032311_model1fixed_realtime.jsonl,1786994665.4665375,1786994685.4665375,10,1.0994765758514404,nan,3.531858405998922,3.531858405998922,0.03991105188306943,1.0
fusion_fixed,model1_fixed,固定 model1（原图）,experimental_auto_20260818_032311_model1fixed_realtime.jsonl,1786994665.4665375,1786994685.4665375,11,1.1980924606323242,nan,3.7688968840635217,3.7688968840635217,0.030324423626222764,1.0
fusion_fixed,model1_fixed,固定 model1（原图）,experimental_auto_20260818_032311_model1fixed_realtime.jsonl,1786994665.4665375,1786994685.4665375,12,1.2996456623077393,nan,3.8623395258707838,3.8623395258707838,0.020117258371252715,1.0
fusion_fixed,model1_fixed,固定 model1（原图）,experimental_auto_20260818_032311_model1fixed_realtime.jsonl,1786994665.4665375,1786994685.4665375,13,1.4522511959075928,nan,3.61491545316166,3.61491545316166,0.005288978796306963,1.0
fusion_fixed,model1_fixed,固定 model1（原图）,experimental_auto_20260818_032311_model1fixed_realtime.jsonl,1786994665.4665375,1786994685.4665375,14,1.5000994205474854,nan,3.371696354042575,3.371696354042575,-0.00546222626050109,1.0
fusion_fixed,model1_fixed,固定 model1（原图）,experimental_auto_20260818_032311_model1fixed_realtime.jsonl,1786994665.4665375,1786994685.4665375,15,1.6008203029632568,nan,3.1594667826850165,3.1594667826850165,-0.011737505938778788,1.0
fusion_fixed,model1_fixed,固定 model1（原图）,experimental_auto_20260818_032311_model1fixed_realtime.jsonl,1786994665.4665375,1786994685.4665375,16,1.6998748779296875,nan,2.9903929329330614,2.9903929329330614,-0.014519919996002995,1.0
fusion_fixed,model1_fixed,固定 model1（原图）,experimental_auto_20260818_032311_model1fixed_realtime.jsonl,1786994665.4665375,1786994685.4665375,17,1.8517897129058838,nan,2.8934664524080445,2.8934664524080445,-0.014552894117736493,1.0
fusion_fixed,model1_fixed,固定 model1（原图）,experimental_auto_20260818_032311_model1fixed_realtime.jsonl,1786994665.4665375,1786994685.4665375,18,1.8995492458343506,nan,2.8366849208728673,2.8366849208728673,-0.013630400969999694,1.0
fusion_fixed,model1_fixed,固定 model1（原图）,experimental_auto_20260818_032311_model1fixed_realtime.jsonl,1786994665.4665375,1786994685.4665375,19,2.0000202655792236,nan,2.815926221894105,2.815926221894105,-0.011937523216503734,1.0
fusion_fixed,model1_fixed,固定 model1（原图）,experimental_auto_20260818_032311_model1fixed_realtime.jsonl,1786994665.4665375,1786994685.4665375,20,2.099374294281006,nan,2.8203702216477056,2.8203702216477056,-0.010036545051126184,1.0
fusion_fixed,model1_fixed,固定 model1（原图）,experimental_auto_20260818_032311_model1fixed_realtime.jsonl,1786994665.4665375,1786994685.4665375,21,2.2503504753112793,nan,2.3768786939324604,2.3768786939324604,-0.018930797858749297,1.0
fusion_fixed,model1_fixed,固定 model1（原图）,experimental_auto_20260818_032311_model1fixed_realtime.jsonl,1786994665.4665375,1786994685.4665375,22,2.299456834793091,nan,2.032974230796869,2.032974230796869,-0.023079426998985984,1.0
fusion_fixed,model1_fixed,固定 model1（原图）,experimental_auto_20260818_032311_model1fixed_realtime.jsonl,1786994665.4665375,1786994685.4665375,23,2.403723955154419,nan,1.7991786223045092,1.7991786223045092,-0.02319316901994135,1.0
fusion_fixed,model1_fixed,固定 model1（原图）,experimental_auto_20260818_032311_model1fixed_realtime.jsonl,1786994665.4665375,1786994685.4665375,24,2.49825382232666,nan,1.6562740042372792,1.6562740042372792,-0.020639273804876703,1.0
fusion_fixed,model1_fixed,固定 model1（原图）,experimental_auto_20260818_032311_model1fixed_realtime.jsonl,1786994665.4665375,1786994685.4665375,25,2.650486469268799,nan,0.9194483476594129,0.9194483476594129,-0.03217981202529124,1.0
fusion_fixed,model1_fixed,固定 model1（原图）,experimental_auto_20260818_032311_model1fixed_realtime.jsonl,1786994665.4665375,1786994685.4665375,26,2.700076103210449,nan,0.3684419113234694,0.3684419113234694,-0.03635843054977438,1.0
fusion_fixed,model1_fixed,固定 model1（原图）,experimental_auto_20260818_032311_model1fixed_realtime.jsonl,1786994665.4665375,1786994685.4665375,27,2.8030154705047607,nan,-0.016072944171463543,0.016072944171463543,-0.03433941769623269,1.0
fusion_fixed,model1_fixed,固定 model1（原图）,experimental_auto_20260818_032311_model1fixed_realtime.jsonl,1786994665.4665375,1786994685.4665375,28,2.9013752937316895,nan,-0.25470598987319404,0.25470598987319404,-0.029200525802739328,1.0
fusion_fixed,model1_fixed,固定 model1（原图）,experimental_auto_20260818_032311_model1fixed_realtime.jsonl,1786994665.4665375,1786994685.4665375,29,3.100478172302246,nan,-0.53633359087224,0.53633359087224,-0.025940512892444038,1.0
fusion_fixed,model1_fixed,固定 model1（原图）,experimental_auto_20260818_032311_model1fixed_realtime.jsonl,1786994665.4665375,1786994685.4665375,30,3.202253580093384,nan,-0.6466599549657781,0.6466599549657781,-0.021253239190340546,1.0
fusion_fixed,model1_fixed,固定 model1（原图）,experimental_auto_20260818_032311_model1fixed_realtime.jsonl,1786994665.4665375,1786994685.4665375,31,3.3019142150878906,nan,-0.708046813757246,0.708046813757246,-0.015426219173655619,1.0
fusion_fixed,model1_fixed,固定 model1（原图）,experimental_auto_20260818_032311_model1fixed_realtime.jsonl,1786994665.4665375,1786994685.4665375,32,3.4980742931365967,nan,-0.8160973274407568,0.8160973274407568,-0.011892670524693508,1.0
fusion_fixed,model1_fixed,固定 model1（原图）,experimental_auto_20260818_032311_model1fixed_realtime.jsonl,1786994665.4665375,1786994685.4665375,33,3.6509482860565186,nan,-0.8413834336998938,0.8413834336998938,-0.00852422007419591,1.0
fusion_fixed,model1_fixed,固定 model1（原图）,experimental_auto_20260818_032311_model1fixed_realtime.jsonl,1786994665.4665375,1786994685.4665375,34,3.75173020362854,nan,-0.8522642858099894,0.8522642858099894,-0.005341892853596654,1.0
fusion_fixed,model1_fixed,固定 model1（原图）,experimental_auto_20260818_032311_model1fixed_realtime.jsonl,1786994665.4665375,1786994685.4665375,35,3.898980140686035,nan,-0.47581762177593134,0.47581762177593134,0.006585944031586957,1.0
fusion_fixed,model1_fixed,固定 model1（原图）,experimental_auto_20260818_032311_model1fixed_realtime.jsonl,1786994665.4665375,1786994685.4665375,36,3.9488532543182373,nan,-0.158655548004194,0.158655548004194,0.013674050197517603,1.0
fusion_fixed,model1_fixed,固定 model1（原图）,experimental_auto_20260818_032311_model1fixed_realtime.jsonl,1786994665.4665375,1786994685.4665375,37,4.05017876625061,nan,0.07356946548353616,0.07356946548353616,0.015885795336393622,1.0
fusion_fixed,model1_fixed,固定 model1（原图）,experimental_auto_20260818_032311_model1fixed_realtime.jsonl,1786994665.4665375,1786994685.4665375,38,4.150063753128052,nan,0.2123614949571584,0.2123614949571584,0.015181371355056702,1.0
fusion_fixed,model1_fixed,固定 model1（原图）,experimental_auto_20260818_032311_model1fixed_realtime.jsonl,1786994665.4665375,1786994685.4665375,39,4.303832054138184,nan,0.5584847375256108,0.5584847375256108,0.018680799658579397,1.0
fusion_fixed,model1_fixed,固定 model1（原图）,experimental_auto_20260818_032311_model1fixed_realtime.jsonl,1786994665.4665375,1786994685.4665375,40,4.346044301986694,nan,0.7943485964430619,0.7943485964430619,0.01891215810297322,1.0
fusion_fixed,model1_fixed,固定 model1（原图）,experimental_auto_20260818_032311_model1fixed_realtime.jsonl,1786994665.4665375,1786994685.4665375,41,4.448192358016968,nan,0.9372378573166418,0.9372378573166418,0.016427804653423302,1.0
fusion_fixed,model1_fixed,固定 model1（原图）,experimental_auto_20260818_032311_model1fixed_realtime.jsonl,1786994665.4665375,1786994685.4665375,42,4.546875715255737,nan,1.0071394247503918,1.0071394247503918,0.012877557942837346,1.0
fusion_fixed,model1_fixed,固定 model1（原图）,experimental_auto_20260818_032311_model1fixed_realtime.jsonl,1786994665.4665375,1786994685.4665375,43,4.699422121047974,nan,1.5278886101061429,1.5278886101061429,0.020581980991047397,1.0
fusion_fixed,model1_fixed,固定 model1（原图）,experimental_auto_20260818_032311_model1fixed_realtime.jsonl,1786994665.4665375,1786994685.4665375,44,4.752026081085205,nan,1.918559210777826,1.918559210777826,0.023079400164587587,1.0
fusion_fixed,model1_fixed,固定 model1（原图）,experimental_auto_20260818_032311_model1fixed_realtime.jsonl,1786994665.4665375,1786994685.4665375,45,4.853578329086304,nan,2.1757334225430913,2.1757334225430913,0.021640495139801146,1.0
fusion_fixed,model1_fixed,固定 model1（原图）,experimental_auto_20260818_032311_model1fixed_realtime.jsonl,1786994665.4665375,1786994685.4665375,46,4.948234796524048,nan,2.3428061109507903,2.3428061109507903,0.017544329817838874,1.0
fusion_fixed,model1_fixed,固定 model1（原图）,experimental_auto_20260818_032311_model1fixed_realtime.jsonl,1786994665.4665375,1786994685.4665375,47,5.1011364459991455,nan,2.4230200179712336,2.4230200179712336,0.01264991264226584,1.0
fusion_fixed,model1_fixed,固定 model1（原图）,experimental_auto_20260818_032311_model1fixed_realtime.jsonl,1786994665.4665375,1786994685.4665375,48,5.149805307388306,nan,2.4410323503147424,2.4410323503147424,0.007724770745133945,1.0
fusion_fixed,model1_fixed,固定 model1（原图）,experimental_auto_20260818_032311_model1fixed_realtime.jsonl,1786994665.4665375,1786994685.4665375,49,5.248716592788696,nan,2.414482460730427,2.414482460730427,0.0033070584218066997,1.0
fusion_fixed,model1_fixed,固定 model1（原图）,experimental_auto_20260818_032311_model1fixed_realtime.jsonl,1786994665.4665375,1786994685.4665375,50,5.347193002700806,nan,2.3668386938248354,2.3668386938248354,-0.0003535801721261543,1.0
fusion_fixed,model1_fixed,固定 model1（原图）,experimental_auto_20260818_032311_model1fixed_realtime.jsonl,1786994665.4665375,1786994685.4665375,51,5.499590635299683,nan,1.7317974260760427,1.7317974260760427,-0.016260549086902346,1.0
fusion_fixed,model1_fixed,固定 model1（原图）,experimental_auto_20260818_032311_model1fixed_realtime.jsonl,1786994665.4665375,1786994685.4665375,52,5.548203229904175,nan,1.219519903696753,1.219519903696753,-0.02554035396397284,1.0
fusion_fixed,model1_fixed,固定 model1（原图）,experimental_auto_20260818_032311_model1fixed_realtime.jsonl,1786994665.4665375,1786994685.4665375,53,5.652203559875488,nan,0.8394805018076767,0.8394805018076767,-0.028299644175723438,1.0
fusion_fixed,model1_fixed,固定 model1（原图）,experimental_auto_20260818_032311_model1fixed_realtime.jsonl,1786994665.4665375,1786994685.4665375,54,5.753302574157715,nan,0.5659801893242222,0.5659801893242222,-0.02622932742255361,1.0
fusion_fixed,model1_fixed,固定 model1（原图）,experimental_auto_20260818_032311_model1fixed_realtime.jsonl,1786994665.4665375,1786994685.4665375,55,5.899074077606201,nan,-0.5398358299763872,0.5398358299763872,-0.04280112265701144,1.0
fusion_fixed,model1_fixed,固定 model1（原图）,experimental_auto_20260818_032311_model1fixed_realtime.jsonl,1786994665.4665375,1786994685.4665375,56,5.948740243911743,nan,-1.3392102984665533,1.3392102984665533,-0.048538442861096064,1.0
fusion_fixed,model1_fixed,固定 model1（原图）,experimental_auto_20260818_032311_model1fixed_realtime.jsonl,1786994665.4665375,1786994685.4665375,57,6.052597761154175,nan,-1.8662981907965004,1.8662981907965004,-0.044444868200369976,1.0
fusion_fixed,model1_fixed,固定 model1（原图）,experimental_auto_20260818_032311_model1fixed_realtime.jsonl,1786994665.4665375,1786994685.4665375,58,6.151700496673584,nan,-2.1001242919840735,2.1001242919840735,-0.035337166495149876,1.0
fusion_fixed,model1_fixed,固定 model1（原图）,experimental_auto_20260818_032311_model1fixed_realtime.jsonl,1786994665.4665375,1786994685.4665375,59,6.296076059341431,nan,-3.768871725881562,3.768871725881562,-0.062127913264613685,1.0
fusion_fixed,model1_fixed,固定 model1（原图）,experimental_auto_20260818_032311_model1fixed_realtime.jsonl,1786994665.4665375,1786994685.4665375,60,6.35086464881897,nan,-4.969891733025977,4.969891733025977,-0.07048634870993162,1.0
fusion_fixed,model1_fixed,固定 model1（原图）,experimental_auto_20260818_032311_model1fixed_realtime.jsonl,1786994665.4665375,1786994685.4665375,61,6.449286460876465,nan,-5.7017738983858095,5.7017738983858095,-0.06427543834013326,1.0
fusion_fixed,model1_fixed,固定 model1（原图）,experimental_auto_20260818_032311_model1fixed_realtime.jsonl,1786994665.4665375,1786994685.4665375,62,6.552515506744385,nan,-6.047514751137106,6.047514751137106,-0.049701817038636,1.0
fusion_fixed,model1_fixed,固定 model1（原图）,experimental_auto_20260818_032311_model1fixed_realtime.jsonl,1786994665.4665375,1786994685.4665375,63,6.698817491531372,nan,-7.593500301668499,7.593500301668499,-0.06602345748125893,1.0
fusion_fixed,model1_fixed,固定 model1（原图）,experimental_auto_20260818_032311_model1fixed_realtime.jsonl,1786994665.4665375,1786994685.4665375,64,6.748143434524536,nan,-8.646302806317152,8.646302806317152,-0.0669409529912098,1.0
fusion_fixed,model1_fixed,固定 model1（原图）,experimental_auto_20260818_032311_model1fixed_realtime.jsonl,1786994665.4665375,1786994685.4665375,65,6.8471105098724365,nan,-9.29461611994622,9.29461611994622,-0.05679177966482781,1.0
fusion_fixed,model1_fixed,固定 model1（原图）,experimental_auto_20260818_032311_model1fixed_realtime.jsonl,1786994665.4665375,1786994685.4665375,66,6.953118801116943,nan,-9.639979432606005,9.639979432606005,-0.04148421381557977,1.0
fusion_fixed,model1_fixed,固定 model1（原图）,experimental_auto_20260818_032311_model1fixed_realtime.jsonl,1786994665.4665375,1786994685.4665375,67,7.148760557174683,nan,-9.5640718183162,9.5640718183162,-0.02111603250471753,1.0
fusion_fixed,model1_fixed,固定 model1（原图）,experimental_auto_20260818_032311_model1fixed_realtime.jsonl,1786994665.4665375,1786994685.4665375,68,7.199734449386597,nan,-9.437874507809374,9.437874507809374,-0.005525238031756419,1.0
fusion_fixed,model1_fixed,固定 model1（原图）,experimental_auto_20260818_032311_model1fixed_realtime.jsonl,1786994665.4665375,1786994685.4665375,69,7.2489001750946045,nan,-9.318562276758314,9.318562276758314,0.005176328124256071,1.0
fusion_fixed,model1_fixed,固定 model1（原图）,experimental_auto_20260818_032311_model1fixed_realtime.jsonl,1786994665.4665375,1786994685.4665375,70,7.353693008422852,nan,-9.241264866817033,9.241264866817033,0.01078880374078505,1.0
fusion_fixed,model1_fixed,固定 model1（原图）,experimental_auto_20260818_032311_model1fixed_realtime.jsonl,1786994665.4665375,1786994685.4665375,71,7.549411296844482,nan,-7.314604375440304,7.314604375440304,0.056236945399380844,1.0
fusion_fixed,model1_fixed,固定 model1（原图）,experimental_auto_20260818_032311_model1fixed_realtime.jsonl,1786994665.4665375,1786994685.4665375,72,7.598288059234619,nan,-5.849930163066352,5.849930163066352,0.07916898212375878,1.0
fusion_fixed,model1_fixed,固定 model1（原图）,experimental_auto_20260818_032311_model1fixed_realtime.jsonl,1786994665.4665375,1786994685.4665375,73,7.696293830871582,nan,-4.843142973487313,4.843142973487313,0.08232343312340996,1.0
fusion_fixed,model1_fixed,固定 model1（原图）,experimental_auto_20260818_032311_model1fixed_realtime.jsonl,1786994665.4665375,1786994685.4665375,74,7.803009986877441,nan,-4.239054510322315,4.239054510322315,0.07322565464322864,1.0
fusion_fixed,model1_fixed,固定 model1（原图）,experimental_auto_20260818_032311_model1fixed_realtime.jsonl,1786994665.4665375,1786994685.4665375,75,7.946291446685791,nan,-2.1974307834775053,2.1974307834775053,0.0979043753137038,1.0
fusion_fixed,model1_fixed,固定 model1（原图）,experimental_auto_20260818_032311_model1fixed_realtime.jsonl,1786994665.4665375,1786994685.4665375,76,7.997385025024414,nan,-0.7135186374089497,0.7135186374089497,0.10413255742179307,1.0
fusion_fixed,model1_fixed,固定 model1（原图）,experimental_auto_20260818_032311_model1fixed_realtime.jsonl,1786994665.4665375,1786994685.4665375,77,8.097431898117065,nan,0.2857593606589548,0.2857593606589548,0.09546662388699276,1.0
fusion_fixed,model1_fixed,固定 model1（原图）,experimental_auto_20260818_032311_model1fixed_realtime.jsonl,1786994665.4665375,1786994685.4665375,78,8.197821140289307,nan,0.9016325240871037,0.9016325240871037,0.07885658204346002,1.0
fusion_fixed,model1_fixed,固定 model1（原图）,experimental_auto_20260818_032311_model1fixed_realtime.jsonl,1786994665.4665375,1786994685.4665375,79,8.346306800842285,nan,2.1090760494919425,2.1090760494919425,0.08057801201594414,1.0
fusion_fixed,model1_fixed,固定 model1（原图）,experimental_auto_20260818_032311_model1fixed_realtime.jsonl,1786994665.4665375,1786994685.4665375,80,8.397096395492554,nan,3.029879124497603,3.029879124497603,0.07535309378524567,1.0
fusion_fixed,model1_fixed,固定 model1（原图）,experimental_auto_20260818_032311_model1fixed_realtime.jsonl,1786994665.4665375,1786994685.4665375,81,8.49868893623352,nan,3.6735284365700616,3.6735284365700616,0.06455597540784336,1.0
fusion_fixed,model1_fixed,固定 model1（原图）,experimental_auto_20260818_032311_model1fixed_realtime.jsonl,1786994665.4665375,1786994685.4665375,82,8.598659992218018,nan,4.126521570842579,4.126521570842579,0.051710100374986114,1.0
fusion_fixed,model1_fixed,固定 model1（原图）,experimental_auto_20260818_032311_model1fixed_realtime.jsonl,1786994665.4665375,1786994685.4665375,83,8.750136375427246,nan,3.6102509297313956,3.6102509297313956,0.020089459007017866,1.0
fusion_fixed,model1_fixed,固定 model1（原图）,experimental_auto_20260818_032311_model1fixed_realtime.jsonl,1786994665.4665375,1786994685.4665375,84,8.79598879814148,nan,3.1161525384580835,3.1161525384580835,-0.0024000149691945603,1.0
fusion_fixed,model1_fixed,固定 model1（原图）,experimental_auto_20260818_032311_model1fixed_realtime.jsonl,1786994665.4665375,1786994685.4665375,85,8.898765802383423,nan,2.6890348906283057,2.6890348906283057,-0.015517883514890175,1.0
fusion_fixed,model1_fixed,固定 model1（原图）,experimental_auto_20260818_032311_model1fixed_realtime.jsonl,1786994665.4665375,1786994685.4665375,86,9.000417947769165,nan,2.3524783500890267,2.3524783500890267,-0.022049210973729284,1.0
fusion_fixed,model1_fixed,固定 model1（原图）,experimental_auto_20260818_032311_model1fixed_realtime.jsonl,1786994665.4665375,1786994685.4665375,87,9.147646188735962,nan,0.09152765095481463,0.09152765095481463,-0.07051173062289896,1.0
fusion_fixed,model1_fixed,固定 model1（原图）,experimental_auto_20260818_032311_model1fixed_realtime.jsonl,1786994665.4665375,1786994685.4665375,88,9.200280904769897,nan,-1.6841248375616957,1.6841248375616957,-0.09439775281281068,1.0
fusion_fixed,model1_fixed,固定 model1（原图）,experimental_auto_20260818_032311_model1fixed_realtime.jsonl,1786994665.4665375,1786994685.4665375,89,9.298869132995605,nan,-2.9494906856006198,2.9494906856006198,-0.09677480772228907,1.0
fusion_fixed,model1_fixed,固定 model1（原图）,experimental_auto_20260818_032311_model1fixed_realtime.jsonl,1786994665.4665375,1786994685.4665375,90,9.396202087402344,nan,-3.7667572898143264,3.7667572898143264,-0.08597168007639981,1.0
fusion_fixed,model1_fixed,固定 model1（原图）,experimental_auto_20260818_032311_model1fixed_realtime.jsonl,1786994665.4665375,1786994685.4665375,91,9.549501657485962,nan,-5.881526620456167,5.881526620456167,-0.10609182219368121,1.0
fusion_fixed,model1_fixed,固定 model1（原图）,experimental_auto_20260818_032311_model1fixed_realtime.jsonl,1786994665.4665375,1786994685.4665375,92,9.600135326385498,nan,-7.397334564565805,7.397334564565805,-0.10786687687918838,1.0
fusion_fixed,model1_fixed,固定 model1（原图）,experimental_auto_20260818_032311_model1fixed_realtime.jsonl,1786994665.4665375,1786994685.4665375,93,9.697438716888428,nan,-8.37768264161104,8.37768264161104,-0.09484601553929341,1.0
fusion_fixed,model1_fixed,固定 model1（原图）,experimental_auto_20260818_032311_model1fixed_realtime.jsonl,1786994665.4665375,1786994685.4665375,94,9.79625153541565,nan,-8.932814786094834,8.932814786094834,-0.07445373960751242,1.0
fusion_fixed,model1_fixed,固定 model1（原图）,experimental_auto_20260818_032311_model1fixed_realtime.jsonl,1786994665.4665375,1786994685.4665375,95,9.953153133392334,nan,-9.011693537204268,9.011693537204268,-0.04870855234847476,1.0
fusion_fixed,model1_fixed,固定 model1（原图）,experimental_auto_20260818_032311_model1fixed_realtime.jsonl,1786994665.4665375,1786994685.4665375,96,10.000608682632446,nan,-8.955491086355416,8.955491086355416,-0.026864179511621282,1.0
fusion_fixed,model1_fixed,固定 model1（原图）,experimental_auto_20260818_032311_model1fixed_realtime.jsonl,1786994665.4665375,1786994685.4665375,97,10.09759783744812,nan,-8.814332895088262,8.814332895088262,-0.010198573472207055,1.0
fusion_fixed,model1_fixed,固定 model1（原图）,experimental_auto_20260818_032311_model1fixed_realtime.jsonl,1786994665.4665375,1786994685.4665375,98,10.197062253952026,nan,-8.666323673453302,8.666323673453302,0.0012236912644999422,1.0
fusion_fixed,model1_fixed,固定 model1（原图）,experimental_auto_20260818_032311_model1fixed_realtime.jsonl,1786994665.4665375,1786994685.4665375,99,10.35181450843811,nan,-6.246697104591947,6.246697104591947,0.06016532696514091,1.0
fusion_fixed,model1_fixed,固定 model1（原图）,experimental_auto_20260818_032311_model1fixed_realtime.jsonl,1786994665.4665375,1786994685.4665375,100,10.396618127822876,nan,-4.331455360941128,4.331455360941128,0.0924272285884405,1.0
fusion_fixed,model1_fixed,固定 model1（原图）,experimental_auto_20260818_032311_model1fixed_realtime.jsonl,1786994665.4665375,1786994685.4665375,101,10.499966144561768,nan,-2.936780365855074,2.936780365855074,0.10087991351568966,1.0
fusion_fixed,model1_fixed,固定 model1（原图）,experimental_auto_20260818_032311_model1fixed_realtime.jsonl,1786994665.4665375,1786994685.4665375,102,10.598906993865967,nan,-2.019324217906926,2.019324217906926,0.09337775301389442,1.0
fusion_fixed,model1_fixed,固定 model1（原图）,experimental_auto_20260818_032311_model1fixed_realtime.jsonl,1786994665.4665375,1786994685.4665375,103,10.750956773757935,nan,0.6370656321770918,0.6370656321770918,0.12576125125355334,1.0
fusion_fixed,model1_fixed,固定 model1（原图）,experimental_auto_20260818_032311_model1fixed_realtime.jsonl,1786994665.4665375,1786994685.4665375,104,10.799542665481567,nan,2.6738468458110676,2.6738468458110676,0.1355787908186671,1.0
fusion_fixed,model1_fixed,固定 model1（原图）,experimental_auto_20260818_032311_model1fixed_realtime.jsonl,1786994665.4665375,1786994685.4665375,105,10.89784860610962,nan,4.109411018472187,4.109411018472187,0.1264818830217107,1.0
fusion_fixed,model1_fixed,固定 model1（原图）,experimental_auto_20260818_032311_model1fixed_realtime.jsonl,1786994665.4665375,1786994685.4665375,106,10.997637271881104,nan,5.065993926691048,5.065993926691048,0.10681023761189312,1.0
fusion_fixed,model1_fixed,固定 model1（原图）,experimental_auto_20260818_032311_model1fixed_realtime.jsonl,1786994665.4665375,1786994685.4665375,107,11.20047640800476,nan,8.581001402062006,8.581001402062006,0.15075419183686425,1.0
fusion_fixed,model1_fixed,固定 model1（原图）,experimental_auto_20260818_032311_model1fixed_realtime.jsonl,1786994665.4665375,1786994685.4665375,108,11.349298477172852,nan,11.225651051540753,11.225651051540753,0.15887373118470016,1.0
fusion_fixed,model1_fixed,固定 model1（原图）,experimental_auto_20260818_032311_model1fixed_realtime.jsonl,1786994665.4665375,1786994685.4665375,109,11.397903680801392,nan,13.05251201801465,13.05251201801465,0.147670334911276,1.0
fusion_fixed,model1_fixed,固定 model1（原图）,experimental_auto_20260818_032311_model1fixed_realtime.jsonl,1786994665.4665375,1786994685.4665375,110,11.597305297851562,nan,15.626988071841485,15.626988071841485,0.15431650378149656,1.0
fusion_fixed,model1_fixed,固定 model1（原图）,experimental_auto_20260818_032311_model1fixed_realtime.jsonl,1786994665.4665375,1786994685.4665375,111,11.649730205535889,nan,17.42596697074561,17.42596697074561,0.14209352603794448,1.0
fusion_fixed,model1_fixed,固定 model1（原图）,experimental_auto_20260818_032311_model1fixed_realtime.jsonl,1786994665.4665375,1786994685.4665375,112,11.752955436706543,nan,18.563256759207448,18.563256759207448,0.11712719114711292,1.0
fusion_fixed,model1_fixed,固定 model1（原图）,experimental_auto_20260818_032311_model1fixed_realtime.jsonl,1786994665.4665375,1786994685.4665375,113,11.849650621414185,nan,19.198651983491487,19.198651983491487,0.08825654488798575,1.0
fusion_fixed,model1_fixed,固定 model1（原图）,experimental_auto_20260818_032311_model1fixed_realtime.jsonl,1786994665.4665375,1786994685.4665375,114,11.999648332595825,nan,18.171724231512542,18.171724231512542,0.030326318391162718,1.0
fusion_fixed,model1_fixed,固定 model1（原图）,experimental_auto_20260818_032311_model1fixed_realtime.jsonl,1786994665.4665375,1786994685.4665375,115,12.04970407485962,nan,17.183159906498435,17.183159906498435,-0.010999461513040003,1.0
fusion_fixed,model1_fixed,固定 model1（原图）,experimental_auto_20260818_032311_model1fixed_realtime.jsonl,1786994665.4665375,1786994685.4665375,116,12.151849508285522,nan,16.32525170918342,16.32525170918342,-0.03800599996458954,1.0
fusion_fixed,model1_fixed,固定 model1（原图）,experimental_auto_20260818_032311_model1fixed_realtime.jsonl,1786994665.4665375,1786994685.4665375,117,12.2540602684021,nan,15.642895005982815,15.642895005982815,-0.05256996590838022,1.0
fusion_fixed,model1_fixed,固定 model1（原图）,experimental_auto_20260818_032311_model1fixed_realtime.jsonl,1786994665.4665375,1786994685.4665375,118,12.40008020401001,nan,12.720195064398244,12.720195064398244,-0.11198722031279902,1.0
fusion_fixed,model1_fixed,固定 model1（原图）,experimental_auto_20260818_032311_model1fixed_realtime.jsonl,1786994665.4665375,1786994685.4665375,119,12.447457313537598,nan,10.471832752843746,10.471832752843746,-0.1403928334733058,1.0
fusion_fixed,model1_fixed,固定 model1（原图）,experimental_auto_20260818_032311_model1fixed_realtime.jsonl,1786994665.4665375,1786994685.4665375,120,12.552004337310791,nan,8.870725078777653,8.870725078777653,-0.14259352993757068,1.0
fusion_fixed,model1_fixed,固定 model1（原图）,experimental_auto_20260818_032311_model1fixed_realtime.jsonl,1786994665.4665375,1786994685.4665375,121,12.646260976791382,nan,7.845161198617767,7.845161198617767,-0.12767984469322582,1.0
fusion_fixed,model1_fixed,固定 model1（原图）,experimental_auto_20260818_032311_model1fixed_realtime.jsonl,1786994665.4665375,1786994685.4665375,122,12.80010199546814,nan,3.5175469848741536,3.5175469848741536,-0.18943096226320755,1.0
fusion_fixed,model1_fixed,固定 model1（原图）,experimental_auto_20260818_032311_model1fixed_realtime.jsonl,1786994665.4665375,1786994685.4665375,123,12.849305868148804,nan,0.3021216555838979,0.3021216555838979,-0.21055835956490168,1.0
fusion_fixed,model1_fixed,固定 model1（原图）,experimental_auto_20260818_032311_model1fixed_realtime.jsonl,1786994665.4665375,1786994685.4665375,124,12.952776670455933,nan,-1.9193725275808315,1.9193725275808315,-0.20009983024009917,1.0
fusion_fixed,model1_fixed,固定 model1（原图）,experimental_auto_20260818_032311_model1fixed_realtime.jsonl,1786994665.4665375,1786994685.4665375,125,13.050410032272339,nan,-3.280817612851228,3.280817612851228,-0.170079609148364,1.0
fusion_fixed,model1_fixed,固定 model1（原图）,experimental_auto_20260818_032311_model1fixed_realtime.jsonl,1786994665.4665375,1786994685.4665375,126,13.200294256210327,nan,-6.507742097072278,6.507742097072278,-0.18668988754022256,1.0
fusion_fixed,model1_fixed,固定 model1（原图）,experimental_auto_20260818_032311_model1fixed_realtime.jsonl,1786994665.4665375,1786994685.4665375,127,13.249183416366577,nan,-8.736144495488652,8.736144495488652,-0.17816081735871536,1.0
fusion_fixed,model1_fixed,固定 model1（原图）,experimental_auto_20260818_032311_model1fixed_realtime.jsonl,1786994665.4665375,1786994685.4665375,128,13.352718830108643,nan,-10.136212230683705,10.136212230683705,-0.15064213589970668,1.0
fusion_fixed,model1_fixed,固定 model1（原图）,experimental_auto_20260818_032311_model1fixed_realtime.jsonl,1786994665.4665375,1786994685.4665375,129,13.449740171432495,nan,-10.89440033413479,10.89440033413479,-0.11461687688228143,1.0
fusion_fixed,model1_fixed,固定 model1（原图）,experimental_auto_20260818_032311_model1fixed_realtime.jsonl,1786994665.4665375,1786994685.4665375,130,13.600131273269653,nan,-12.62541720227216,12.62541720227216,-0.1105841493812882,1.0
fusion_fixed,model1_fixed,固定 model1（原图）,experimental_auto_20260818_032311_model1fixed_realtime.jsonl,1786994665.4665375,1786994685.4665375,131,13.650677680969238,nan,-13.807784030790982,13.807784030790982,-0.09565413567972657,1.0
fusion_fixed,model1_fixed,固定 model1（原图）,experimental_auto_20260818_032311_model1fixed_realtime.jsonl,1786994665.4665375,1786994685.4665375,132,13.747899293899536,nan,-14.536999863644107,14.536999863644107,-0.07407166464474418,1.0
fusion_fixed,model1_fixed,固定 model1（原图）,experimental_auto_20260818_032311_model1fixed_realtime.jsonl,1786994665.4665375,1786994685.4665375,133,13.853483200073242,nan,-14.946065586089608,14.946065586089608,-0.05117235831432526,1.0
fusion_fixed,model1_fixed,固定 model1（原图）,experimental_auto_20260818_032311_model1fixed_realtime.jsonl,1786994665.4665375,1786994685.4665375,134,13.998818397521973,nan,-15.08213365834955,15.08213365834955,-0.02898780421980943,1.0
fusion_fixed,model1_fixed,固定 model1（原图）,experimental_auto_20260818_032311_model1fixed_realtime.jsonl,1786994665.4665375,1786994685.4665375,135,14.048792123794556,nan,-15.068413963452066,15.068413963452066,-0.009953268342718313,1.0
fusion_fixed,model1_fixed,固定 model1（原图）,experimental_auto_20260818_032311_model1fixed_realtime.jsonl,1786994665.4665375,1786994685.4665375,136,14.146557807922363,nan,-14.973016425677576,14.973016425677576,0.00481894116033465,1.0
fusion_fixed,model1_fixed,固定 model1（原图）,experimental_auto_20260818_032311_model1fixed_realtime.jsonl,1786994665.4665375,1786994685.4665375,137,14.252169370651245,nan,-14.852008187613041,14.852008187613041,0.01519090728218743,1.0
fusion_fixed,model1_fixed,固定 model1（原图）,experimental_auto_20260818_032311_model1fixed_realtime.jsonl,1786994665.4665375,1786994685.4665375,138,14.400017976760864,nan,-13.000964411963345,13.000964411963345,0.06096832418238762,1.0
fusion_fixed,model1_fixed,固定 model1（原图）,experimental_auto_20260818_032311_model1fixed_realtime.jsonl,1786994665.4665375,1786994685.4665375,139,14.447659730911255,nan,-11.544287598421587,11.544287598421587,0.08555889548284444,1.0
fusion_fixed,model1_fixed,固定 model1（原图）,experimental_auto_20260818_032311_model1fixed_realtime.jsonl,1786994665.4665375,1786994685.4665375,140,14.549774169921875,nan,-10.49926728770133,10.49926728770133,0.09110607499549185,1.0
fusion_fixed,model1_fixed,固定 model1（原图）,experimental_auto_20260818_032311_model1fixed_realtime.jsonl,1786994665.4665375,1786994685.4665375,141,14.651287078857422,nan,-9.82949018425716,9.82949018425716,0.08435529061872607,1.0
fusion_fixed,model1_fixed,固定 model1（原图）,experimental_auto_20260818_032311_model1fixed_realtime.jsonl,1786994665.4665375,1786994685.4665375,142,14.85068964958191,nan,-6.614943736925993,6.614943736925993,0.1357170552226482,1.0
fusion_fixed,model1_fixed,固定 model1（原图）,experimental_auto_20260818_032311_model1fixed_realtime.jsonl,1786994665.4665375,1786994685.4665375,143,14.949910163879395,nan,-4.2492246010610195,4.2492246010610195,0.15147982201052632,1.0
fusion_fixed,model1_fixed,固定 model1（原图）,experimental_auto_20260818_032311_model1fixed_realtime.jsonl,1786994665.4665375,1786994685.4665375,144,15.101274967193604,nan,-2.6520560976749485,2.6520560976749485,0.14296342773309845,1.0
fusion_fixed,model1_fixed,固定 model1（原图）,experimental_auto_20260818_032311_model1fixed_realtime.jsonl,1786994665.4665375,1786994685.4665375,145,15.24929690361023,nan,0.665087629394101,0.665087629394101,0.1734655732874557,1.0
fusion_fixed,model1_fixed,固定 model1（原图）,experimental_auto_20260818_032311_model1fixed_realtime.jsonl,1786994665.4665375,1786994685.4665375,146,15.348886966705322,nan,3.016863014713478,3.016863014713478,0.17216373434897458,1.0
fusion_fixed,model1_fixed,固定 model1（原图）,experimental_auto_20260818_032311_model1fixed_realtime.jsonl,1786994665.4665375,1786994685.4665375,147,15.447179555892944,nan,4.530983668321142,4.530983668321142,0.15152356810361123,1.0
fusion_fixed,model1_fixed,固定 model1（原图）,experimental_auto_20260818_032311_model1fixed_realtime.jsonl,1786994665.4665375,1786994685.4665375,148,15.653624296188354,nan,6.9973354086403035,6.9973354086403035,0.15631575770796458,1.0
fusion_fixed,model1_fixed,固定 model1（原图）,experimental_auto_20260818_032311_model1fixed_realtime.jsonl,1786994665.4665375,1786994685.4665375,149,15.79891300201416,nan,8.702057764120685,8.702057764120685,0.14110071402876104,1.0
fusion_fixed,model1_fixed,固定 model1（原图）,experimental_auto_20260818_032311_model1fixed_realtime.jsonl,1786994665.4665375,1786994685.4665375,150,15.896765947341919,nan,9.79832618582882,9.79832618582882,0.11514966675050457,1.0
fusion_fixed,model1_fixed,固定 model1（原图）,experimental_auto_20260818_032311_model1fixed_realtime.jsonl,1786994665.4665375,1786994685.4665375,151,16.047897815704346,nan,10.221034572289433,10.221034572289433,0.08040700664232381,1.0
fusion_fixed,model1_fixed,固定 model1（原图）,experimental_auto_20260818_032311_model1fixed_realtime.jsonl,1786994665.4665375,1786994685.4665375,152,16.096684455871582,nan,10.31459485475299,10.31459485475299,0.04852606946139218,1.0
fusion_fixed,model1_fixed,固定 model1（原图）,experimental_auto_20260818_032311_model1fixed_realtime.jsonl,1786994665.4665375,1786994685.4665375,153,16.19656252861023,nan,10.24212675352264,10.24212675352264,0.02244806749618139,1.0
fusion_fixed,model1_fixed,固定 model1（原图）,experimental_auto_20260818_032311_model1fixed_realtime.jsonl,1786994665.4665375,1786994685.4665375,154,16.29965615272522,nan,10.092359960890029,10.092359960890029,0.0031235880510184152,1.0
fusion_fixed,model1_fixed,固定 model1（原图）,experimental_auto_20260818_032311_model1fixed_realtime.jsonl,1786994665.4665375,1786994685.4665375,155,16.44700574874878,nan,8.50511853006186,8.50511853006186,-0.042166726585193964,1.0
fusion_fixed,model1_fixed,固定 model1（原图）,experimental_auto_20260818_032311_model1fixed_realtime.jsonl,1786994665.4665375,1786994685.4665375,156,16.50230860710144,nan,7.222771152729379,7.222771152729379,-0.06785927394464189,1.0
fusion_fixed,model1_fixed,固定 model1（原图）,experimental_auto_20260818_032311_model1fixed_realtime.jsonl,1786994665.4665375,1786994685.4665375,157,16.603792428970337,nan,6.295442091856951,6.295442091856951,-0.07540020114583212,1.0
fusion_fixed,model1_fixed,固定 model1（原图）,experimental_auto_20260818_032311_model1fixed_realtime.jsonl,1786994665.4665375,1786994685.4665375,158,16.699214696884155,nan,5.688407554544006,5.688407554544006,-0.07115641144944261,1.0
fusion_fixed,model1_fixed,固定 model1（原图）,experimental_auto_20260818_032311_model1fixed_realtime.jsonl,1786994665.4665375,1786994685.4665375,159,16.85165309906006,nan,3.169497297123147,3.169497297123147,-0.10982036583784871,1.0
fusion_fixed,model1_fixed,固定 model1（原图）,experimental_auto_20260818_032311_model1fixed_realtime.jsonl,1786994665.4665375,1786994685.4665375,160,16.898669481277466,nan,1.278806442210867,1.278806442210867,-0.12421204702298672,1.0
fusion_fixed,model1_fixed,固定 model1（原图）,experimental_auto_20260818_032311_model1fixed_realtime.jsonl,1786994665.4665375,1786994685.4665375,161,17.002564907073975,nan,-0.017299107785617718,0.017299107785617718,-0.11795427625129369,1.0
fusion_fixed,model1_fixed,固定 model1（原图）,experimental_auto_20260818_032311_model1fixed_realtime.jsonl,1786994665.4665375,1786994685.4665375,162,17.102848768234253,nan,-0.8152898402427167,0.8152898402427167,-0.09976905686043967,1.0
fusion_fixed,model1_fixed,固定 model1（原图）,experimental_auto_20260818_032311_model1fixed_realtime.jsonl,1786994665.4665375,1786994685.4665375,163,17.25036597251892,nan,-3.1345009123489365,3.1345009123489365,-0.11971532719606616,1.0
fusion_fixed,model1_fixed,固定 model1（原图）,experimental_auto_20260818_032311_model1fixed_realtime.jsonl,1786994665.4665375,1786994685.4665375,164,17.29583239555359,nan,-4.809697956584513,4.809697956584513,-0.12079830390077627,1.0
fusion_fixed,model1_fixed,固定 model1（原图）,experimental_auto_20260818_032311_model1fixed_realtime.jsonl,1786994665.4665375,1786994685.4665375,165,17.402360677719116,nan,-5.927317677944799,5.927317677944799,-0.10675962606602112,1.0
fusion_fixed,model1_fixed,固定 model1（原图）,experimental_auto_20260818_032311_model1fixed_realtime.jsonl,1786994665.4665375,1786994685.4665375,166,17.502601861953735,nan,-6.602585523151461,6.602585523151461,-0.08511273315668742,1.0
fusion_fixed,model1_fixed,固定 model1（原图）,experimental_auto_20260818_032311_model1fixed_realtime.jsonl,1786994665.4665375,1786994685.4665375,167,17.64828896522522,nan,-8.07974759030251,8.07974759030251,-0.08686202103172434,1.0
fusion_fixed,model1_fixed,固定 model1（原图）,experimental_auto_20260818_032311_model1fixed_realtime.jsonl,1786994665.4665375,1786994685.4665375,168,17.69870162010193,nan,-9.073867428965398,9.073867428965398,-0.0780833781507522,1.0
fusion_fixed,model1_fixed,固定 model1（原图）,experimental_auto_20260818_032311_model1fixed_realtime.jsonl,1786994665.4665375,1786994685.4665375,169,17.801446199417114,nan,-9.690704007916228,9.690704007916228,-0.062024542827947234,1.0
fusion_fixed,model1_fixed,固定 model1（原图）,experimental_auto_20260818_032311_model1fixed_realtime.jsonl,1786994665.4665375,1786994685.4665375,170,17.9032781124115,nan,-10.020228304455358,10.020228304455358,-0.043433056676545075,1.0
fusion_fixed,model1_fixed,固定 model1（原图）,experimental_auto_20260818_032311_model1fixed_realtime.jsonl,1786994665.4665375,1786994685.4665375,171,18.049675464630127,nan,-10.12054823337687,10.12054823337687,-0.02476437997948963,1.0
fusion_fixed,model1_fixed,固定 model1（原图）,experimental_auto_20260818_032311_model1fixed_realtime.jsonl,1786994665.4665375,1786994685.4665375,172,18.098081588745117,nan,-10.09789425537162,10.09789425537162,-0.009257950135939335,1.0
fusion_fixed,model1_fixed,固定 model1（原图）,experimental_auto_20260818_032311_model1fixed_realtime.jsonl,1786994665.4665375,1786994685.4665375,173,18.200238943099976,nan,-10.031011857356608,10.031011857356608,0.0023297256290722734,1.0
fusion_fixed,model1_fixed,固定 model1（原图）,experimental_auto_20260818_032311_model1fixed_realtime.jsonl,1786994665.4665375,1786994685.4665375,174,18.30167293548584,nan,-9.948738065338759,9.948738065338759,0.010201086265770175,1.0
fusion_fixed,model1_fixed,固定 model1（原图）,experimental_auto_20260818_032311_model1fixed_realtime.jsonl,1786994665.4665375,1786994685.4665375,175,18.44724202156067,nan,-8.527046383485647,8.527046383485647,0.045532391858705515,1.0
fusion_fixed,model1_fixed,固定 model1（原图）,experimental_auto_20260818_032311_model1fixed_realtime.jsonl,1786994665.4665375,1786994685.4665375,176,18.49743366241455,nan,-7.39008673116579,7.39008673116579,0.06465062144292552,1.0
fusion_fixed,model1_fixed,固定 model1（原图）,experimental_auto_20260818_032311_model1fixed_realtime.jsonl,1786994665.4665375,1786994685.4665375,177,18.60003399848938,nan,-6.5646957664810435,6.5646957664810435,0.06919784041705965,1.0
fusion_fixed,model1_fixed,固定 model1（原图）,experimental_auto_20260818_032311_model1fixed_realtime.jsonl,1786994665.4665375,1786994685.4665375,178,18.702474117279053,nan,-6.015408735341222,6.015408735341222,0.06438891728824378,1.0
fusion_fixed,model1_fixed,固定 model1（原图）,experimental_auto_20260818_032311_model1fixed_realtime.jsonl,1786994665.4665375,1786994685.4665375,179,18.84809398651123,nan,-4.106768091680502,4.106768091680502,0.09042429952111372,1.0
fusion_fixed,model1_fixed,固定 model1（原图）,experimental_auto_20260818_032311_model1fixed_realtime.jsonl,1786994665.4665375,1786994685.4665375,180,18.895891189575195,nan,-2.7014775065887675,2.7014775065887675,0.09835665241121423,1.0
fusion_fixed,model1_fixed,固定 model1（原图）,experimental_auto_20260818_032311_model1fixed_realtime.jsonl,1786994665.4665375,1786994685.4665375,181,19.00019359588623,nan,-1.7573732464728042,1.7573732464728042,0.09123460028560283,1.0
fusion_fixed,model1_fixed,固定 model1（原图）,experimental_auto_20260818_032311_model1fixed_realtime.jsonl,1786994665.4665375,1786994685.4665375,182,19.10245966911316,nan,-1.1944711050944745,1.1944711050944745,0.07582025165212979,1.0
fusion_fixed,model1_fixed,固定 model1（原图）,experimental_auto_20260818_032311_model1fixed_realtime.jsonl,1786994665.4665375,1786994685.4665375,183,19.249542474746704,nan,0.6058601910350903,0.6058601910350903,0.0921520532928793,1.0
fusion_fixed,model1_fixed,固定 model1（原图）,experimental_auto_20260818_032311_model1fixed_realtime.jsonl,1786994665.4665375,1786994685.4665375,184,19.297391891479492,nan,1.87807444175343,1.87807444175343,0.09254578942462133,1.0
fusion_fixed,model1_fixed,固定 model1（原图）,experimental_auto_20260818_032311_model1fixed_realtime.jsonl,1786994665.4665375,1786994685.4665375,185,19.397106647491455,nan,2.7053124966450626,2.7053124966450626,0.0808494322247526,1.0
fusion_fixed,model1_fixed,固定 model1（原图）,experimental_auto_20260818_032311_model1fixed_realtime.jsonl,1786994665.4665375,1786994685.4665375,186,19.501453638076782,nan,3.158174494618904,3.158174494618904,0.06327543208041908,1.0
fusion_fixed,model1_fixed,固定 model1（原图）,experimental_auto_20260818_032311_model1fixed_realtime.jsonl,1786994665.4665375,1786994685.4665375,187,19.697107791900635,nan,4.3734455830439884,4.3734455830439884,0.0673993834773732,1.0
fusion_fixed,model1_fixed,固定 model1（原图）,experimental_auto_20260818_032311_model1fixed_realtime.jsonl,1786994665.4665375,1786994685.4665375,188,19.84925365447998,nan,5.179305017977209,5.179305017977209,0.06075942772726926,1.0
fusion_fixed,model1_fixed,固定 model1（原图）,experimental_auto_20260818_032311_model1fixed_realtime.jsonl,1786994665.4665375,1786994685.4665375,189,19.952769994735718,nan,5.655875326994408,5.655875326994408,0.04824984350676324,1.0
fusion_fixed,model2_fixed,固定 model2（原图）,experimental_auto_20260818_033331_model2fixed_realtime.jsonl,1786995243.3810353,1786995263.3810353,0,0.004503726959228516,nan,-0.27367345397304454,0.27367345397304454,0.028772049484150727,0.0
fusion_fixed,model2_fixed,固定 model2（原图）,experimental_auto_20260818_033331_model2fixed_realtime.jsonl,1786995243.3810353,1786995263.3810353,1,0.09993577003479004,nan,0.10980742970901902,0.10980742970901902,0.02910455583304195,0.0
fusion_fixed,model2_fixed,固定 model2（原图）,experimental_auto_20260818_033331_model2fixed_realtime.jsonl,1786995243.3810353,1786995263.3810353,2,0.3055567741394043,nan,1.639151426844243,1.639151426844243,0.05516634886550681,0.0
fusion_fixed,model2_fixed,固定 model2（原图）,experimental_auto_20260818_033331_model2fixed_realtime.jsonl,1786995243.3810353,1786995263.3810353,3,0.4574010372161865,nan,2.766330294535879,2.766330294535879,0.06371972500505817,0.0
fusion_fixed,model2_fixed,固定 model2（原图）,experimental_auto_20260818_033331_model2fixed_realtime.jsonl,1786995243.3810353,1786995263.3810353,4,0.5531179904937744,nan,3.5369502791938734,3.5369502791938734,0.06072924283169409,0.0
fusion_fixed,model2_fixed,固定 model2（原图）,experimental_auto_20260818_033331_model2fixed_realtime.jsonl,1786995243.3810353,1786995263.3810353,5,0.7048032283782959,nan,4.162018393898936,4.162018393898936,0.054161150682593764,0.0
fusion_fixed,model2_fixed,固定 model2（原图）,experimental_auto_20260818_033331_model2fixed_realtime.jsonl,1786995243.3810353,1786995263.3810353,6,0.7532546520233154,nan,4.542712020980688,4.542712020980688,0.043318522950685064,0.0
fusion_fixed,model2_fixed,固定 model2（原图）,experimental_auto_20260818_033331_model2fixed_realtime.jsonl,1786995243.3810353,1786995263.3810353,7,0.8574323654174805,nan,4.718076131271842,4.718076131271842,0.03095455677355037,0.0
fusion_fixed,model2_fixed,固定 model2（原图）,experimental_auto_20260818_033331_model2fixed_realtime.jsonl,1786995243.3810353,1786995263.3810353,8,0.9551408290863037,nan,4.762513053349926,4.762513053349926,0.020270677727002764,0.0
fusion_fixed,model2_fixed,固定 model2（原图）,experimental_auto_20260818_033331_model2fixed_realtime.jsonl,1786995243.3810353,1786995263.3810353,9,1.1033744812011719,nan,4.424337834657532,4.424337834657532,0.003421202782532934,0.0
fusion_fixed,model2_fixed,固定 model2（原图）,experimental_auto_20260818_033331_model2fixed_realtime.jsonl,1786995243.3810353,1786995263.3810353,10,1.1525237560272217,nan,4.124606540290143,4.124606540290143,-0.008454091663684554,0.0
fusion_fixed,model2_fixed,固定 model2（原图）,experimental_auto_20260818_033331_model2fixed_realtime.jsonl,1786995243.3810353,1786995263.3810353,11,1.2557387351989746,nan,3.8891315290059736,3.8891315290059736,-0.015746763554926088,0.0
fusion_fixed,model2_fixed,固定 model2（原图）,experimental_auto_20260818_033331_model2fixed_realtime.jsonl,1786995243.3810353,1786995263.3810353,12,1.357600212097168,nan,3.6662659970531863,3.6662659970531863,-0.018094008458834278,0.0
fusion_fixed,model2_fixed,固定 model2（原图）,experimental_auto_20260818_033331_model2fixed_realtime.jsonl,1786995243.3810353,1786995263.3810353,13,1.5030381679534912,nan,2.969276063704973,2.969276063704973,-0.031730023286105954,0.0
fusion_fixed,model2_fixed,固定 model2（原图）,experimental_auto_20260818_033331_model2fixed_realtime.jsonl,1786995243.3810353,1786995263.3810353,14,1.551661491394043,nan,2.424207727395211,2.424207727395211,-0.03814877067757354,0.0
fusion_fixed,model2_fixed,固定 model2（原图）,experimental_auto_20260818_033331_model2fixed_realtime.jsonl,1786995243.3810353,1786995263.3810353,15,1.6535723209381104,nan,2.0424255437862415,2.0424255437862415,-0.038057369276583805,0.0
fusion_fixed,model2_fixed,固定 model2（原图）,experimental_auto_20260818_033331_model2fixed_realtime.jsonl,1786995243.3810353,1786995263.3810353,16,1.7554740905761719,nan,1.800706928955853,1.800706928955853,-0.03398311072130456,0.0
fusion_fixed,model2_fixed,固定 model2（原图）,experimental_auto_20260818_033331_model2fixed_realtime.jsonl,1786995243.3810353,1786995263.3810353,17,1.907196283340454,nan,1.6021043682615144,1.6021043682615144,-0.03014906627885508,0.0
fusion_fixed,model2_fixed,固定 model2（原图）,experimental_auto_20260818_033331_model2fixed_realtime.jsonl,1786995243.3810353,1786995263.3810353,18,1.954451560974121,nan,1.4865366252114098,1.4865366252114098,-0.024827543219976045,0.0
fusion_fixed,model2_fixed,固定 model2（原图）,experimental_auto_20260818_033331_model2fixed_realtime.jsonl,1786995243.3810353,1786995263.3810353,19,2.052403688430786,nan,1.4690944325393418,1.4690944325393418,-0.019209262027527325,0.0
fusion_fixed,model2_fixed,固定 model2（原图）,experimental_auto_20260818_033331_model2fixed_realtime.jsonl,1786995243.3810353,1786995263.3810353,20,2.152647018432617,nan,1.4992250519822337,1.4992250519822337,-0.013618155595033214,0.0
fusion_fixed,model2_fixed,固定 model2（原图）,experimental_auto_20260818_033331_model2fixed_realtime.jsonl,1786995243.3810353,1786995263.3810353,21,2.3049328327178955,nan,2.5285370559364972,2.5285370559364972,0.013683793852137081,0.0
fusion_fixed,model2_fixed,固定 model2（原图）,experimental_auto_20260818_033331_model2fixed_realtime.jsonl,1786995243.3810353,1786995263.3810353,22,2.369072437286377,nan,3.3896060189527066,3.3896060189527066,0.02933637058242312,0.0
fusion_fixed,model2_fixed,固定 model2（原图）,experimental_auto_20260818_033331_model2fixed_realtime.jsonl,1786995243.3810353,1786995263.3810353,23,2.4559452533721924,nan,4.043048121298131,4.043048121298131,0.034505760937302454,0.0
fusion_fixed,model2_fixed,固定 model2（原图）,experimental_auto_20260818_033331_model2fixed_realtime.jsonl,1786995243.3810353,1786995263.3810353,24,2.5570261478424072,nan,4.501501229318638,4.501501229318638,0.032516556092773874,0.0
fusion_fixed,model2_fixed,固定 model2（原图）,experimental_auto_20260818_033331_model2fixed_realtime.jsonl,1786995243.3810353,1786995263.3810353,25,2.7025954723358154,nan,6.159969296659473,6.159969296659473,0.05886631445480198,0.0
fusion_fixed,model2_fixed,固定 model2（原图）,experimental_auto_20260818_033331_model2fixed_realtime.jsonl,1786995243.3810353,1786995263.3810353,26,2.751708507537842,nan,7.435881758614382,7.435881758614382,0.0685371041668566,0.0
fusion_fixed,model2_fixed,固定 model2（原图）,experimental_auto_20260818_033331_model2fixed_realtime.jsonl,1786995243.3810353,1786995263.3810353,27,2.8540916442871094,nan,8.312395956563556,8.312395956563556,0.06412677470248071,0.0
fusion_fixed,model2_fixed,固定 model2（原图）,experimental_auto_20260818_033331_model2fixed_realtime.jsonl,1786995243.3810353,1786995263.3810353,28,2.955350637435913,nan,8.850971293399057,8.850971293399057,0.051512011685807886,0.0
fusion_fixed,model2_fixed,固定 model2（原图）,experimental_auto_20260818_033331_model2fixed_realtime.jsonl,1786995243.3810353,1786995263.3810353,29,3.1053340435028076,nan,9.680050234616433,9.680050234616433,0.047851277454416946,0.0
fusion_fixed,model2_fixed,固定 model2（原图）,experimental_auto_20260818_033331_model2fixed_realtime.jsonl,1786995243.3810353,1786995263.3810353,30,3.1550192832946777,nan,10.228769870078203,10.228769870078203,0.038955817428486354,0.0
fusion_fixed,model2_fixed,固定 model2（原图）,experimental_auto_20260818_033331_model2fixed_realtime.jsonl,1786995243.3810353,1786995263.3810353,31,3.252485752105713,nan,10.565151360751157,10.565151360751157,0.0270379964477114,0.0
fusion_fixed,model2_fixed,固定 model2（原图）,experimental_auto_20260818_033331_model2fixed_realtime.jsonl,1786995243.3810353,1786995263.3810353,32,3.35288405418396,nan,10.743314793349857,10.743314793349857,0.014622990149988876,0.0
fusion_fixed,model2_fixed,固定 model2（原图）,experimental_auto_20260818_033331_model2fixed_realtime.jsonl,1786995243.3810353,1786995263.3810353,33,3.5058658123016357,nan,10.860088010904256,10.860088010904256,0.004217234233075608,0.0
fusion_fixed,model2_fixed,固定 model2（原图）,experimental_auto_20260818_033331_model2fixed_realtime.jsonl,1786995243.3810353,1786995263.3810353,34,3.5534608364105225,nan,10.914953358793788,10.914953358793788,-0.004744992885123778,0.0
fusion_fixed,model2_fixed,固定 model2（原图）,experimental_auto_20260818_033331_model2fixed_realtime.jsonl,1786995243.3810353,1786995263.3810353,35,3.6571547985076904,nan,10.950204952087583,10.950204952087583,-0.011198667897029462,0.0
fusion_fixed,model2_fixed,固定 model2（原图）,experimental_auto_20260818_033331_model2fixed_realtime.jsonl,1786995243.3810353,1786995263.3810353,36,3.7563254833221436,nan,10.979626761986594,10.979626761986594,-0.015501862379471695,0.0
fusion_fixed,model2_fixed,固定 model2（原图）,experimental_auto_20260818_033331_model2fixed_realtime.jsonl,1786995243.3810353,1786995263.3810353,37,3.953977584838867,nan,10.675095030281135,10.675095030281135,-0.025828115709721867,0.0
fusion_fixed,model2_fixed,固定 model2（原图）,experimental_auto_20260818_033331_model2fixed_realtime.jsonl,1786995243.3810353,1786995263.3810353,38,4.106264352798462,nan,10.4485503794297,10.4485503794297,-0.031017063208381747,0.0
fusion_fixed,model2_fixed,固定 model2（原图）,experimental_auto_20260818_033331_model2fixed_realtime.jsonl,1786995243.3810353,1786995263.3810353,39,4.153650522232056,nan,10.299130813502245,10.299130813502245,-0.03307549312632984,0.0
fusion_fixed,model2_fixed,固定 model2（原图）,experimental_auto_20260818_033331_model2fixed_realtime.jsonl,1786995243.3810353,1786995263.3810353,40,4.402389764785767,nan,9.11956080440518,9.11956080440518,-0.05735399450497114,0.0
fusion_fixed,model2_fixed,固定 model2（原图）,experimental_auto_20260818_033331_model2fixed_realtime.jsonl,1786995243.3810353,1786995263.3810353,41,4.503098964691162,nan,8.215647614140309,8.215647614140309,-0.06749135001499622,0.0
fusion_fixed,model2_fixed,固定 model2（原图）,experimental_auto_20260818_033331_model2fixed_realtime.jsonl,1786995243.3810353,1786995263.3810353,42,4.6043548583984375,nan,7.581488504798816,7.581488504798816,-0.06754670789924744,0.0
fusion_fixed,model2_fixed,固定 model2（原图）,experimental_auto_20260818_033331_model2fixed_realtime.jsonl,1786995243.3810353,1786995263.3810353,43,4.755920648574829,nan,6.612085317193084,6.612085317193084,-0.07418616920709911,0.0
fusion_fixed,model2_fixed,固定 model2（原图）,experimental_auto_20260818_033331_model2fixed_realtime.jsonl,1786995243.3810353,1786995263.3810353,44,4.803333759307861,nan,5.924556011943705,5.924556011943705,-0.07266739663321756,0.0
fusion_fixed,model2_fixed,固定 model2（原图）,experimental_auto_20260818_033331_model2fixed_realtime.jsonl,1786995243.3810353,1786995263.3810353,45,4.907580614089966,nan,5.480564548407529,5.480564548407529,-0.06462661597217953,0.0
fusion_fixed,model2_fixed,固定 model2（原图）,experimental_auto_20260818_033331_model2fixed_realtime.jsonl,1786995243.3810353,1786995263.3810353,46,5.002535581588745,nan,5.226028648681003,5.226028648681003,-0.053763395221925046,0.0
fusion_fixed,model2_fixed,固定 model2（原图）,experimental_auto_20260818_033331_model2fixed_realtime.jsonl,1786995243.3810353,1786995263.3810353,47,5.155417203903198,nan,5.138564355331587,5.138564355331587,-0.04175041463924098,0.0
fusion_fixed,model2_fixed,固定 model2（原图）,experimental_auto_20260818_033331_model2fixed_realtime.jsonl,1786995243.3810353,1786995263.3810353,48,5.20275092124939,nan,5.148483756540834,5.148483756540834,-0.030612881640521554,0.0
fusion_fixed,model2_fixed,固定 model2（原图）,experimental_auto_20260818_033331_model2fixed_realtime.jsonl,1786995243.3810353,1786995263.3810353,49,5.3074681758880615,nan,5.202330691850932,5.202330691850932,-0.021542683801814906,0.0
fusion_fixed,model2_fixed,固定 model2（原图）,experimental_auto_20260818_033331_model2fixed_realtime.jsonl,1786995243.3810353,1786995263.3810353,50,5.407755613327026,nan,5.268705861535916,5.268705861535916,-0.015368928512776246,0.0
fusion_fixed,model2_fixed,固定 model2（原图）,experimental_auto_20260818_033331_model2fixed_realtime.jsonl,1786995243.3810353,1786995263.3810353,51,5.552403450012207,nan,5.625488653440014,5.625488653440014,-0.005337128577796026,0.0
fusion_fixed,model2_fixed,固定 model2（原图）,experimental_auto_20260818_033331_model2fixed_realtime.jsonl,1786995243.3810353,1786995263.3810353,52,5.601946115493774,nan,5.925445963636911,5.925445963636911,0.0002134769089950422,0.0
fusion_fixed,model2_fixed,固定 model2（原图）,experimental_auto_20260818_033331_model2fixed_realtime.jsonl,1786995243.3810353,1786995263.3810353,53,5.704111099243164,nan,6.143411946094968,6.143411946094968,0.0019866050815775757,0.0
fusion_fixed,model2_fixed,固定 model2（原图）,experimental_auto_20260818_033331_model2fixed_realtime.jsonl,1786995243.3810353,1786995263.3810353,54,5.8056206703186035,nan,6.2913099245012205,6.2913099245012205,0.0014169282865992574,0.0
fusion_fixed,model2_fixed,固定 model2（原图）,experimental_auto_20260818_033331_model2fixed_realtime.jsonl,1786995243.3810353,1786995263.3810353,55,5.957221031188965,nan,6.935162482407753,6.935162482407753,0.010780772151743109,0.0
fusion_fixed,model2_fixed,固定 model2（原图）,experimental_auto_20260818_033331_model2fixed_realtime.jsonl,1786995243.3810353,1786995263.3810353,56,6.003985404968262,nan,7.408297424416066,7.408297424416066,0.014553152829106904,0.0
fusion_fixed,model2_fixed,固定 model2（原图）,experimental_auto_20260818_033331_model2fixed_realtime.jsonl,1786995243.3810353,1786995263.3810353,57,6.1027467250823975,nan,7.749667473236954,7.749667473236954,0.013289598168927622,0.0
fusion_fixed,model2_fixed,固定 model2（原图）,experimental_auto_20260818_033331_model2fixed_realtime.jsonl,1786995243.3810353,1786995263.3810353,58,6.203548192977905,nan,7.966417775343714,7.966417775343714,0.009022160653393117,0.0
fusion_fixed,model2_fixed,固定 model2（原图）,experimental_auto_20260818_033331_model2fixed_realtime.jsonl,1786995243.3810353,1786995263.3810353,59,6.355314254760742,nan,8.3930713648666,8.3930713648666,0.01054955576702455,0.0
fusion_fixed,model2_fixed,固定 model2（原图）,experimental_auto_20260818_033331_model2fixed_realtime.jsonl,1786995243.3810353,1786995263.3810353,60,6.403141260147095,nan,8.691023236672068,8.691023236672068,0.008828277768801716,0.0
fusion_fixed,model2_fixed,固定 model2（原图）,experimental_auto_20260818_033331_model2fixed_realtime.jsonl,1786995243.3810353,1786995263.3810353,61,6.506235361099243,nan,8.871916356516252,8.871916356516252,0.004901780632002446,0.0
fusion_fixed,model2_fixed,固定 model2（原图）,experimental_auto_20260818_033331_model2fixed_realtime.jsonl,1786995243.3810353,1786995263.3810353,62,6.607692241668701,nan,8.969504602984312,8.969504602984312,4.8721400697279444e-05,0.0
fusion_fixed,model2_fixed,固定 model2（原图）,experimental_auto_20260818_033331_model2fixed_realtime.jsonl,1786995243.3810353,1786995263.3810353,63,6.752938747406006,nan,9.570000766505181,9.570000766505181,0.00823193231612628,0.0
fusion_fixed,model2_fixed,固定 model2（原图）,experimental_auto_20260818_033331_model2fixed_realtime.jsonl,1786995243.3810353,1786995263.3810353,64,6.802240610122681,nan,10.011512927721578,10.011512927721578,0.010200832017017146,0.0
fusion_fixed,model2_fixed,固定 model2（原图）,experimental_auto_20260818_033331_model2fixed_realtime.jsonl,1786995243.3810353,1786995263.3810353,65,6.904137849807739,nan,10.282199686523196,10.282199686523196,0.007543086722299133,0.0
fusion_fixed,model2_fixed,固定 model2（原图）,experimental_auto_20260818_033331_model2fixed_realtime.jsonl,1786995243.3810353,1786995263.3810353,66,7.0052971839904785,nan,10.427608092635776,10.427608092635776,0.002394882623694163,0.0
fusion_fixed,model2_fixed,固定 model2（原图）,experimental_auto_20260818_033331_model2fixed_realtime.jsonl,1786995243.3810353,1786995263.3810353,67,7.156982660293579,nan,10.476406013983052,10.476406013983052,-0.0034632713754022115,0.0
fusion_fixed,model2_fixed,固定 model2（原图）,experimental_auto_20260818_033331_model2fixed_realtime.jsonl,1786995243.3810353,1786995263.3810353,68,7.2047178745269775,nan,10.475054362041092,10.475054362041092,-0.009527088524390805,0.0
fusion_fixed,model2_fixed,固定 model2（原图）,experimental_auto_20260818_033331_model2fixed_realtime.jsonl,1786995243.3810353,1786995263.3810353,69,7.303363561630249,nan,10.423650301282494,10.423650301282494,-0.014632768696006434,0.0
fusion_fixed,model2_fixed,固定 model2（原图）,experimental_auto_20260818_033331_model2fixed_realtime.jsonl,1786995243.3810353,1786995263.3810353,70,7.454587697982788,nan,10.35070278407103,10.35070278407103,-0.018444291044924503,0.0
fusion_fixed,model2_fixed,固定 model2（原图）,experimental_auto_20260818_033331_model2fixed_realtime.jsonl,1786995243.3810353,1786995263.3810353,71,7.607479572296143,nan,9.833794745646484,9.833794745646484,-0.0314817247734486,0.0
fusion_fixed,model2_fixed,固定 model2（原图）,experimental_auto_20260818_033331_model2fixed_realtime.jsonl,1786995243.3810353,1786995263.3810353,72,7.705601930618286,nan,9.43161272164681,9.43161272164681,-0.03815706270494621,0.0
fusion_fixed,model2_fixed,固定 model2（原图）,experimental_auto_20260818_033331_model2fixed_realtime.jsonl,1786995243.3810353,1786995263.3810353,73,7.852669715881348,nan,9.146101446090782,9.146101446090782,-0.04003983313981211,0.0
fusion_fixed,model2_fixed,固定 model2（原图）,experimental_auto_20260818_033331_model2fixed_realtime.jsonl,1786995243.3810353,1786995263.3810353,74,8.006220817565918,nan,8.814850519011685,8.814850519011685,-0.04198717050587917,0.0
fusion_fixed,model2_fixed,固定 model2（原图）,experimental_auto_20260818_033331_model2fixed_realtime.jsonl,1786995243.3810353,1786995263.3810353,75,8.15578842163086,nan,8.594288827052143,8.594288827052143,-0.0404231030438876,0.0
fusion_fixed,model2_fixed,固定 model2（原图）,experimental_auto_20260818_033331_model2fixed_realtime.jsonl,1786995243.3810353,1786995263.3810353,76,8.252648115158081,nan,8.45699098933409,8.45699098933409,-0.03690020894605839,0.0
fusion_fixed,model2_fixed,固定 model2（原图）,experimental_auto_20260818_033331_model2fixed_realtime.jsonl,1786995243.3810353,1786995263.3810353,77,8.405493974685669,nan,8.950483782256269,8.950483782256269,-0.019997957413552165,0.0
fusion_fixed,model2_fixed,固定 model2（原图）,experimental_auto_20260818_033331_model2fixed_realtime.jsonl,1786995243.3810353,1786995263.3810353,78,8.453253746032715,nan,9.381449130716412,9.381449130716412,-0.008721921941477542,0.0
fusion_fixed,model2_fixed,固定 model2（原图）,experimental_auto_20260818_033331_model2fixed_realtime.jsonl,1786995243.3810353,1786995263.3810353,79,8.554470300674438,nan,9.733532238089925,9.733532238089925,-0.003330313189569646,0.0
fusion_fixed,model2_fixed,固定 model2（原图）,experimental_auto_20260818_033331_model2fixed_realtime.jsonl,1786995243.3810353,1786995263.3810353,80,8.656946182250977,nan,9.999397271933619,9.999397271933619,-0.002198880109273398,0.0
fusion_fixed,model2_fixed,固定 model2（原图）,experimental_auto_20260818_033331_model2fixed_realtime.jsonl,1786995243.3810353,1786995263.3810353,81,8.80173397064209,nan,10.805622970914685,10.805622970914685,0.010196291429358219,0.0
fusion_fixed,model2_fixed,固定 model2（原图）,experimental_auto_20260818_033331_model2fixed_realtime.jsonl,1786995243.3810353,1786995263.3810353,82,8.852307796478271,nan,11.411776819663688,11.411776819663688,0.01509145978662057,0.0
fusion_fixed,model2_fixed,固定 model2（原图）,experimental_auto_20260818_033331_model2fixed_realtime.jsonl,1786995243.3810353,1786995263.3810353,83,8.955270290374756,nan,11.83766262980901,11.83766262980901,0.013376875978958244,0.0
fusion_fixed,model2_fixed,固定 model2（原图）,experimental_auto_20260818_033331_model2fixed_realtime.jsonl,1786995243.3810353,1786995263.3810353,84,9.054344654083252,nan,12.10197280705626,12.10197280705626,0.007726584511187026,0.0
fusion_fixed,model2_fixed,固定 model2（原图）,experimental_auto_20260818_033331_model2fixed_realtime.jsonl,1786995243.3810353,1786995263.3810353,85,9.208404779434204,nan,12.366902586334948,12.366902586334948,0.003342251961410705,0.0
fusion_fixed,model2_fixed,固定 model2（原图）,experimental_auto_20260818_033331_model2fixed_realtime.jsonl,1786995243.3810353,1786995263.3810353,86,9.25070858001709,nan,12.5177125632433,12.5177125632433,-0.0026159604479785263,0.0
fusion_fixed,model2_fixed,固定 model2（原图）,experimental_auto_20260818_033331_model2fixed_realtime.jsonl,1786995243.3810353,1786995263.3810353,87,9.352818250656128,nan,12.57919458192358,12.57919458192358,-0.009093829315752233,0.0
fusion_fixed,model2_fixed,固定 model2（原图）,experimental_auto_20260818_033331_model2fixed_realtime.jsonl,1786995243.3810353,1786995263.3810353,88,9.453519105911255,nan,12.581493122463316,12.581493122463316,-0.015131152437133963,0.0
fusion_fixed,model2_fixed,固定 model2（原图）,experimental_auto_20260818_033331_model2fixed_realtime.jsonl,1786995243.3810353,1786995263.3810353,89,9.606295347213745,nan,12.445953448233704,12.445953448233704,-0.022582292735505077,0.0
fusion_fixed,model2_fixed,固定 model2（原图）,experimental_auto_20260818_033331_model2fixed_realtime.jsonl,1786995243.3810353,1786995263.3810353,90,9.653395414352417,nan,12.309157132318004,12.309157132318004,-0.02805684499578739,0.0
fusion_fixed,model2_fixed,固定 model2（原图）,experimental_auto_20260818_033331_model2fixed_realtime.jsonl,1786995243.3810353,1786995263.3810353,91,9.757874011993408,nan,12.201541133226524,12.201541133226524,-0.030980188815450626,0.0
fusion_fixed,model2_fixed,固定 model2（原图）,experimental_auto_20260818_033331_model2fixed_realtime.jsonl,1786995243.3810353,1786995263.3810353,92,9.853813886642456,nan,12.122416612959219,12.122416612959219,-0.031947665937948566,0.0
fusion_fixed,model2_fixed,固定 model2（原图）,experimental_auto_20260818_033331_model2fixed_realtime.jsonl,1786995243.3810353,1786995263.3810353,93,10.003657817840576,nan,11.53736192994831,11.53736192994831,-0.04377106564516431,0.0
fusion_fixed,model2_fixed,固定 model2（原图）,experimental_auto_20260818_033331_model2fixed_realtime.jsonl,1786995243.3810353,1786995263.3810353,94,10.053126096725464,nan,11.087043146889041,11.087043146889041,-0.04952660540999738,0.0
fusion_fixed,model2_fixed,固定 model2（原图）,experimental_auto_20260818_033331_model2fixed_realtime.jsonl,1786995243.3810353,1786995263.3810353,95,10.156589031219482,nan,10.767697132257393,10.767697132257393,-0.04976300925604673,0.0
fusion_fixed,model2_fixed,固定 model2（原图）,experimental_auto_20260818_033331_model2fixed_realtime.jsonl,1786995243.3810353,1786995263.3810353,96,10.25762414932251,nan,10.578106990866253,10.578106990866253,-0.046600966764087016,0.0
fusion_fixed,model2_fixed,固定 model2（原图）,experimental_auto_20260818_033331_model2fixed_realtime.jsonl,1786995243.3810353,1786995263.3810353,97,10.402073383331299,nan,10.230681495982207,10.230681495982207,-0.047872050252904315,0.0
fusion_fixed,model2_fixed,固定 model2（原图）,experimental_auto_20260818_033331_model2fixed_realtime.jsonl,1786995243.3810353,1786995263.3810353,98,10.45173978805542,nan,9.998589496396315,9.998589496396315,-0.045746536739419884,0.0
fusion_fixed,model2_fixed,固定 model2（原图）,experimental_auto_20260818_033331_model2fixed_realtime.jsonl,1786995243.3810353,1786995263.3810353,99,10.552423000335693,nan,9.885236417445832,9.885236417445832,-0.04138080651677859,0.0
fusion_fixed,model2_fixed,固定 model2（原图）,experimental_auto_20260818_033331_model2fixed_realtime.jsonl,1786995243.3810353,1786995263.3810353,100,10.655336380004883,nan,9.84867995745038,9.84867995745038,-0.03619759061571272,0.0
fusion_fixed,model2_fixed,固定 model2（原图）,experimental_auto_20260818_033331_model2fixed_realtime.jsonl,1786995243.3810353,1786995263.3810353,101,10.804148197174072,nan,10.115027158373756,10.115027158373756,-0.02562777686265219,0.0
fusion_fixed,model2_fixed,固定 model2（原图）,experimental_auto_20260818_033331_model2fixed_realtime.jsonl,1786995243.3810353,1786995263.3810353,102,10.85502314567566,nan,10.358079870129465,10.358079870129465,-0.01797053475776287,0.0
fusion_fixed,model2_fixed,固定 model2（原图）,experimental_auto_20260818_033331_model2fixed_realtime.jsonl,1786995243.3810353,1786995263.3810353,103,10.952957391738892,nan,10.557668198565462,10.557668198565462,-0.014000007080609599,0.0
fusion_fixed,model2_fixed,固定 model2（原图）,experimental_auto_20260818_033331_model2fixed_realtime.jsonl,1786995243.3810353,1786995263.3810353,104,11.053398370742798,nan,10.70759038530995,10.70759038530995,-0.0126531387256198,0.0
fusion_fixed,model2_fixed,固定 model2（原图）,experimental_auto_20260818_033331_model2fixed_realtime.jsonl,1786995243.3810353,1786995263.3810353,105,11.206214904785156,nan,10.9632663313874,10.9632663313874,-0.0095117634292544,0.0
fusion_fixed,model2_fixed,固定 model2（原图）,experimental_auto_20260818_033331_model2fixed_realtime.jsonl,1786995243.3810353,1786995263.3810353,106,11.25439453125,nan,11.151555046034156,11.151555046034156,-0.008832677850301703,0.0
fusion_fixed,model2_fixed,固定 model2（原图）,experimental_auto_20260818_033331_model2fixed_realtime.jsonl,1786995243.3810353,1786995263.3810353,107,11.356518507003784,nan,11.269971377098065,11.269971377098065,-0.010259956914135988,0.0
fusion_fixed,model2_fixed,固定 model2（原图）,experimental_auto_20260818_033331_model2fixed_realtime.jsonl,1786995243.3810353,1786995263.3810353,108,11.503319501876831,nan,11.338058338446167,11.338058338446167,-0.012859705685947482,0.0
fusion_fixed,model2_fixed,固定 model2（原图）,experimental_auto_20260818_033331_model2fixed_realtime.jsonl,1786995243.3810353,1786995263.3810353,109,11.655355215072632,nan,11.933035481563792,11.933035481563792,-0.0030569150583822785,0.0
fusion_fixed,model2_fixed,固定 model2（原图）,experimental_auto_20260818_033331_model2fixed_realtime.jsonl,1786995243.3810353,1786995263.3810353,110,11.756927490234375,nan,12.371213177841046,12.371213177841046,0.00011546680041068721,0.0
fusion_fixed,model2_fixed,固定 model2（原图）,experimental_auto_20260818_033331_model2fixed_realtime.jsonl,1786995243.3810353,1786995263.3810353,111,11.857429027557373,nan,12.665995247549732,12.665995247549732,-0.0013024144303563651,0.0
fusion_fixed,model2_fixed,固定 model2（原图）,experimental_auto_20260818_033331_model2fixed_realtime.jsonl,1786995243.3810353,1786995263.3810353,112,12.054332494735718,nan,12.401075160319163,12.401075160319163,-0.015252045415261612,0.0
fusion_fixed,model2_fixed,固定 model2（原图）,experimental_auto_20260818_033331_model2fixed_realtime.jsonl,1786995243.3810353,1786995263.3810353,113,12.15584683418274,nan,12.1358198465773,12.1358198465773,-0.025292479591512398,0.0
fusion_fixed,model2_fixed,固定 model2（原图）,experimental_auto_20260818_033331_model2fixed_realtime.jsonl,1786995243.3810353,1786995263.3810353,114,12.307394742965698,nan,11.892107986559154,11.892107986559154,-0.03168797510454365,0.0
fusion_fixed,model2_fixed,固定 model2（原图）,experimental_auto_20260818_033331_model2fixed_realtime.jsonl,1786995243.3810353,1786995263.3810353,115,12.453006982803345,nan,10.691918576047833,10.691918576047833,-0.057353669642190255,0.0
fusion_fixed,model2_fixed,固定 model2（原图）,experimental_auto_20260818_033331_model2fixed_realtime.jsonl,1786995243.3810353,1786995263.3810353,116,12.501397848129272,nan,9.749120613023454,9.749120613023454,-0.070693198366476,0.0
fusion_fixed,model2_fixed,固定 model2（原图）,experimental_auto_20260818_033331_model2fixed_realtime.jsonl,1786995243.3810353,1786995263.3810353,117,12.604523658752441,nan,9.04958457669689,9.04958457669689,-0.07265519321233035,0.0
fusion_fixed,model2_fixed,固定 model2（原图）,experimental_auto_20260818_033331_model2fixed_realtime.jsonl,1786995243.3810353,1786995263.3810353,118,12.707523107528687,nan,8.578711489722012,8.578711489722012,-0.0674282442371923,0.0
fusion_fixed,model2_fixed,固定 model2（原图）,experimental_auto_20260818_033331_model2fixed_realtime.jsonl,1786995243.3810353,1786995263.3810353,119,12.854331254959106,nan,7.802120992011707,7.802120992011707,-0.06926731576658372,0.0
fusion_fixed,model2_fixed,固定 model2（原图）,experimental_auto_20260818_033331_model2fixed_realtime.jsonl,1786995243.3810353,1786995263.3810353,120,12.901043891906738,nan,7.234064878885027,7.234064878885027,-0.06628909648150295,0.0
fusion_fixed,model2_fixed,固定 model2（原图）,experimental_auto_20260818_033331_model2fixed_realtime.jsonl,1786995243.3810353,1786995263.3810353,121,13.003742694854736,nan,6.823225452079806,6.823225452079806,-0.05919445464400398,0.0
fusion_fixed,model2_fixed,固定 model2（原图）,experimental_auto_20260818_033331_model2fixed_realtime.jsonl,1786995243.3810353,1786995263.3810353,122,13.105036497116089,nan,6.576569832161727,6.576569832161727,-0.0503622791534975,0.0
fusion_fixed,model2_fixed,固定 model2（原图）,experimental_auto_20260818_033331_model2fixed_realtime.jsonl,1786995243.3810353,1786995263.3810353,123,13.257715940475464,nan,6.218343088440781,6.218343088440781,-0.04585864795367008,0.0
fusion_fixed,model2_fixed,固定 model2（原图）,experimental_auto_20260818_033331_model2fixed_realtime.jsonl,1786995243.3810353,1786995263.3810353,124,13.302011251449585,nan,5.999385958171322,5.999385958171322,-0.039894409841431513,0.0
fusion_fixed,model2_fixed,固定 model2（原图）,experimental_auto_20260818_033331_model2fixed_realtime.jsonl,1786995243.3810353,1786995263.3810353,125,13.401932716369629,nan,5.8681497309991615,5.8681497309991615,-0.03343138449939419,0.0
fusion_fixed,model2_fixed,固定 model2（原图）,experimental_auto_20260818_033331_model2fixed_realtime.jsonl,1786995243.3810353,1786995263.3810353,126,13.502617359161377,nan,5.817240469854279,5.817240469854279,-0.02740475027141389,0.0
fusion_fixed,model2_fixed,固定 model2（原图）,experimental_auto_20260818_033331_model2fixed_realtime.jsonl,1786995243.3810353,1786995263.3810353,127,13.654838800430298,nan,6.208554312435444,6.208554312435444,-0.01387984382111973,0.0
fusion_fixed,model2_fixed,固定 model2（原图）,experimental_auto_20260818_033331_model2fixed_realtime.jsonl,1786995243.3810353,1786995263.3810353,128,13.702689170837402,nan,6.558588803428799,6.558588803428799,-0.004772382166865041,0.0
fusion_fixed,model2_fixed,固定 model2（原图）,experimental_auto_20260818_033331_model2fixed_realtime.jsonl,1786995243.3810353,1786995263.3810353,129,13.80350637435913,nan,6.847051497451407,6.847051497451407,-0.0005126285197170621,0.0
fusion_fixed,model2_fixed,固定 model2（原图）,experimental_auto_20260818_033331_model2fixed_realtime.jsonl,1786995243.3810353,1786995263.3810353,130,13.907573938369751,nan,7.051793902126402,7.051793902126402,0.00036566616316194636,0.0
fusion_fixed,model2_fixed,固定 model2（原图）,experimental_auto_20260818_033331_model2fixed_realtime.jsonl,1786995243.3810353,1786995263.3810353,131,14.053510189056396,nan,7.540695897986394,7.540695897986394,0.006807578017334044,0.0
fusion_fixed,model2_fixed,固定 model2（原图）,experimental_auto_20260818_033331_model2fixed_realtime.jsonl,1786995243.3810353,1786995263.3810353,132,14.101953029632568,nan,7.901124885390088,7.901124885390088,0.008857512574111881,0.0
fusion_fixed,model2_fixed,固定 model2（原图）,experimental_auto_20260818_033331_model2fixed_realtime.jsonl,1786995243.3810353,1786995263.3810353,133,14.205541849136353,nan,8.155120253337955,8.155120253337955,0.006912573677624075,0.0
fusion_fixed,model2_fixed,固定 model2（原图）,experimental_auto_20260818_033331_model2fixed_realtime.jsonl,1786995243.3810353,1786995263.3810353,134,14.306989908218384,nan,8.311046179467663,8.311046179467663,0.0027210662955309967,0.0
fusion_fixed,model2_fixed,固定 model2（原图）,experimental_auto_20260818_033331_model2fixed_realtime.jsonl,1786995243.3810353,1786995263.3810353,135,14.455483675003052,nan,9.128229176085757,9.128229176085757,0.014261686815112966,0.0
fusion_fixed,model2_fixed,固定 model2（原图）,experimental_auto_20260818_033331_model2fixed_realtime.jsonl,1786995243.3810353,1786995263.3810353,136,14.501265048980713,nan,9.745104355092227,9.745104355092227,0.01862582784252636,0.0
fusion_fixed,model2_fixed,固定 model2（原图）,experimental_auto_20260818_033331_model2fixed_realtime.jsonl,1786995243.3810353,1786995263.3810353,137,14.603580713272095,nan,10.187473587103169,10.187473587103169,0.016911353141936737,0.0
fusion_fixed,model2_fixed,固定 model2（原图）,experimental_auto_20260818_033331_model2fixed_realtime.jsonl,1786995243.3810353,1786995263.3810353,138,14.704616785049438,nan,10.484901691063852,10.484901691063852,0.011827229826911707,0.0
fusion_fixed,model2_fixed,固定 model2（原图）,experimental_auto_20260818_033331_model2fixed_realtime.jsonl,1786995243.3810353,1786995263.3810353,139,14.857597589492798,nan,10.766520436353911,10.766520436353911,0.007712936754164025,0.0
fusion_fixed,model2_fixed,固定 model2（原图）,experimental_auto_20260818_033331_model2fixed_realtime.jsonl,1786995243.3810353,1786995263.3810353,140,14.903614282608032,nan,10.92424046521655,10.92424046521655,0.001675652444848113,0.0
fusion_fixed,model2_fixed,固定 model2（原图）,experimental_auto_20260818_033331_model2fixed_realtime.jsonl,1786995243.3810353,1786995263.3810353,141,15.007401704788208,nan,10.98182696234159,10.98182696234159,-0.004871994455610822,0.0
fusion_fixed,model2_fixed,固定 model2（原图）,experimental_auto_20260818_033331_model2fixed_realtime.jsonl,1786995243.3810353,1786995263.3810353,142,15.102254867553711,nan,10.968105183330168,10.968105183330168,-0.011123652965684478,0.0
fusion_fixed,model2_fixed,固定 model2（原图）,experimental_auto_20260818_033331_model2fixed_realtime.jsonl,1786995243.3810353,1786995263.3810353,143,15.254647493362427,nan,11.082976555496648,11.082976555496648,-0.012371116266649404,0.0
fusion_fixed,model2_fixed,固定 model2（原图）,experimental_auto_20260818_033331_model2fixed_realtime.jsonl,1786995243.3810353,1786995263.3810353,144,15.304058074951172,nan,11.158518270884944,11.158518270884944,-0.014533826985110049,0.0
fusion_fixed,model2_fixed,固定 model2（原图）,experimental_auto_20260818_033331_model2fixed_realtime.jsonl,1786995243.3810353,1786995263.3810353,145,15.406363487243652,nan,11.183304330914867,11.183304330914867,-0.01691011350593955,0.0
fusion_fixed,model2_fixed,固定 model2（原图）,experimental_auto_20260818_033331_model2fixed_realtime.jsonl,1786995243.3810353,1786995263.3810353,146,15.507318496704102,nan,11.1724157433029,11.1724157433029,-0.019295627742866077,0.0
fusion_fixed,model2_fixed,固定 model2（原图）,experimental_auto_20260818_033331_model2fixed_realtime.jsonl,1786995243.3810353,1786995263.3810353,147,15.703187942504883,nan,9.327429906693208,9.327429906693208,-0.062074792444221226,0.0
fusion_fixed,model2_fixed,固定 model2（原图）,experimental_auto_20260818_033331_model2fixed_realtime.jsonl,1786995243.3810353,1786995263.3810353,148,15.804760456085205,nan,7.889863925902518,7.889863925902518,-0.0834573052934407,0.0
fusion_fixed,model2_fixed,固定 model2（原图）,experimental_auto_20260818_033331_model2fixed_realtime.jsonl,1786995243.3810353,1786995263.3810353,149,15.906491994857788,nan,6.833590750621643,6.833590750621643,-0.08872497176021867,0.0
fusion_fixed,model2_fixed,固定 model2（原图）,experimental_auto_20260818_033331_model2fixed_realtime.jsonl,1786995243.3810353,1786995263.3810353,150,16.10207223892212,nan,5.153758487360993,5.153758487360993,-0.10565881234969166,0.0
fusion_fixed,model2_fixed,固定 model2（原图）,experimental_auto_20260818_033331_model2fixed_realtime.jsonl,1786995243.3810353,1786995263.3810353,151,16.15170168876648,nan,3.9216110677803506,3.9216110677803506,-0.10758650040670813,0.0
fusion_fixed,model2_fixed,固定 model2（原图）,experimental_auto_20260818_033331_model2fixed_realtime.jsonl,1786995243.3810353,1786995263.3810353,152,16.20289182662964,nan,3.115055771090147,3.115055771090147,-0.09709877179235125,0.0
fusion_fixed,model2_fixed,固定 model2（原图）,experimental_auto_20260818_033331_model2fixed_realtime.jsonl,1786995243.3810353,1786995263.3810353,153,16.30569314956665,nan,2.6531797821956915,2.6531797821956915,-0.08046499591167294,0.0
fusion_fixed,model2_fixed,固定 model2（原图）,experimental_auto_20260818_033331_model2fixed_realtime.jsonl,1786995243.3810353,1786995263.3810353,154,16.502375602722168,nan,0.6832100212438408,0.6832100212438408,-0.1022030077449194,0.0
fusion_fixed,model2_fixed,固定 model2（原图）,experimental_auto_20260818_033331_model2fixed_realtime.jsonl,1786995243.3810353,1786995263.3810353,155,16.65555739402771,nan,-0.7104296358293682,0.7104296358293682,-0.10380634486622461,0.0
fusion_fixed,model2_fixed,固定 model2（原图）,experimental_auto_20260818_033331_model2fixed_realtime.jsonl,1786995243.3810353,1786995263.3810353,156,16.75614857673645,nan,-1.6072404676138907,1.6072404676138907,-0.09235321476092696,0.0
fusion_fixed,model2_fixed,固定 model2（原图）,experimental_auto_20260818_033331_model2fixed_realtime.jsonl,1786995243.3810353,1786995263.3810353,157,16.906025171279907,nan,-3.627020928858049,3.627020928858049,-0.10857655966490194,0.0
fusion_fixed,model2_fixed,固定 model2（原图）,experimental_auto_20260818_033331_model2fixed_realtime.jsonl,1786995243.3810353,1786995263.3810353,158,16.950912475585938,nan,-5.02101014309877,5.02101014309877,-0.10592418421409974,0.0
fusion_fixed,model2_fixed,固定 model2（原图）,experimental_auto_20260818_033331_model2fixed_realtime.jsonl,1786995243.3810353,1786995263.3810353,159,17.052297592163086,nan,-5.861963520880719,5.861963520880719,-0.0895247723797042,0.0
fusion_fixed,model2_fixed,固定 model2（原图）,experimental_auto_20260818_033331_model2fixed_realtime.jsonl,1786995243.3810353,1786995263.3810353,160,17.15359616279602,nan,-6.272918990746501,6.272918990746501,-0.0666214199059139,0.0
fusion_fixed,model2_fixed,固定 model2（原图）,experimental_auto_20260818_033331_model2fixed_realtime.jsonl,1786995243.3810353,1786995263.3810353,161,17.30649971961975,nan,-6.407823338329843,6.407823338329843,-0.043153912570638914,0.0
fusion_fixed,model2_fixed,固定 model2（原图）,experimental_auto_20260818_033331_model2fixed_realtime.jsonl,1786995243.3810353,1786995263.3810353,162,17.35327935218811,nan,-6.32502903336677,6.32502903336677,-0.02092385653222501,0.0
fusion_fixed,model2_fixed,固定 model2（原图）,experimental_auto_20260818_033331_model2fixed_realtime.jsonl,1786995243.3810353,1786995263.3810353,163,17.45679497718811,nan,-6.134008878095221,6.134008878095221,-0.0031762778981514793,0.0
fusion_fixed,model2_fixed,固定 model2（原图）,experimental_auto_20260818_033331_model2fixed_realtime.jsonl,1786995243.3810353,1786995263.3810353,164,17.55218482017517,nan,-5.899174418760012,5.899174418760012,0.009613657835751995,0.0
fusion_fixed,model2_fixed,固定 model2（原图）,experimental_auto_20260818_033331_model2fixed_realtime.jsonl,1786995243.3810353,1786995263.3810353,165,17.704303741455078,nan,-5.057113811332226,5.057113811332226,0.03178613221052026,0.0
fusion_fixed,model2_fixed,固定 model2（原图）,experimental_auto_20260818_033331_model2fixed_realtime.jsonl,1786995243.3810353,1786995263.3810353,166,17.75245499610901,nan,-4.372768881868749,4.372768881868749,0.04437143685643676,0.0
fusion_fixed,model2_fixed,固定 model2（原图）,experimental_auto_20260818_033331_model2fixed_realtime.jsonl,1786995243.3810353,1786995263.3810353,167,17.85676097869873,nan,-3.878156948421274,3.878156948421274,0.04734378719802966,0.0
fusion_fixed,model2_fixed,固定 model2（原图）,experimental_auto_20260818_033331_model2fixed_realtime.jsonl,1786995243.3810353,1786995263.3810353,168,17.954779148101807,nan,-3.5609324186609115,3.5609324186609115,0.04410230611744636,0.0
fusion_fixed,model2_fixed,固定 model2（原图）,experimental_auto_20260818_033331_model2fixed_realtime.jsonl,1786995243.3810353,1786995263.3810353,169,18.103103399276733,nan,-2.511287940891871,2.511287940891871,0.057656853876482256,0.0
fusion_fixed,model2_fixed,固定 model2（原图）,experimental_auto_20260818_033331_model2fixed_realtime.jsonl,1786995243.3810353,1786995263.3810353,170,18.15188765525818,nan,-1.753673919459453,1.753673919459453,0.06090383351748958,0.0
fusion_fixed,model2_fixed,固定 model2（原图）,experimental_auto_20260818_033331_model2fixed_realtime.jsonl,1786995243.3810353,1786995263.3810353,171,18.254262447357178,nan,-1.2679543628301704,1.2679543628301704,0.055782663596655575,0.0
fusion_fixed,model2_fixed,固定 model2（原图）,experimental_auto_20260818_033331_model2fixed_realtime.jsonl,1786995243.3810353,1786995263.3810353,172,18.35537362098694,nan,-0.9858002509333663,0.9858002509333663,0.04579024613634498,0.0
fusion_fixed,model2_fixed,固定 model2（原图）,experimental_auto_20260818_033331_model2fixed_realtime.jsonl,1786995243.3810353,1786995263.3810353,173,18.505475282669067,nan,-0.007823323916422709,0.007823323916422709,0.05382226969134335,0.0
fusion_fixed,model2_fixed,固定 model2（原图）,experimental_auto_20260818_033331_model2fixed_realtime.jsonl,1786995243.3810353,1786995263.3810353,174,18.55058741569519,nan,0.6696620241367524,0.6696620241367524,0.05335684151104636,0.0
fusion_fixed,model2_fixed,固定 model2（原图）,experimental_auto_20260818_033331_model2fixed_realtime.jsonl,1786995243.3810353,1786995263.3810353,175,18.65260910987854,nan,1.1190595006984716,1.1190595006984716,0.04651262144183274,0.0
fusion_fixed,model2_fixed,固定 model2（原图）,experimental_auto_20260818_033331_model2fixed_realtime.jsonl,1786995243.3810353,1786995263.3810353,176,18.754934310913086,nan,1.3949324220795756,1.3949324220795756,0.03658900277270232,0.0
fusion_fixed,model2_fixed,固定 model2（原图）,experimental_auto_20260818_033331_model2fixed_realtime.jsonl,1786995243.3810353,1786995263.3810353,177,18.90680456161499,nan,1.0169333584859053,1.0169333584859053,0.014833071957066794,0.0
fusion_fixed,model2_fixed,固定 model2（原图）,experimental_auto_20260818_033331_model2fixed_realtime.jsonl,1786995243.3810353,1786995263.3810353,178,18.953569650650024,nan,0.6478455349174905,0.6478455349174905,-0.0007273479439074311,0.0
fusion_fixed,model2_fixed,固定 model2（原图）,experimental_auto_20260818_033331_model2fixed_realtime.jsonl,1786995243.3810353,1786995263.3810353,179,19.05166459083557,nan,0.3353988093106386,0.3353988093106386,-0.009586120308507763,0.0
fusion_fixed,model2_fixed,固定 model2（原图）,experimental_auto_20260818_033331_model2fixed_realtime.jsonl,1786995243.3810353,1786995263.3810353,180,19.153273820877075,nan,0.10934993107029056,0.10934993107029056,-0.013457234935234914,0.0
fusion_fixed,model2_fixed,固定 model2（原图）,experimental_auto_20260818_033331_model2fixed_realtime.jsonl,1786995243.3810353,1786995263.3810353,181,19.305707693099976,nan,-0.6874967875022842,0.6874967875022842,-0.028333211721732414,0.0
fusion_fixed,model2_fixed,固定 model2（原图）,experimental_auto_20260818_033331_model2fixed_realtime.jsonl,1786995243.3810353,1786995263.3810353,182,19.35347580909729,nan,-1.2872531560973344,1.2872531560973344,-0.034989182953309425,0.0
fusion_fixed,model2_fixed,固定 model2（原图）,experimental_auto_20260818_033331_model2fixed_realtime.jsonl,1786995243.3810353,1786995263.3810353,183,19.457201957702637,nan,-1.6977273263903858,1.6977273263903858,-0.034227082562812323,0.0
fusion_fixed,model2_fixed,固定 model2（原图）,experimental_auto_20260818_033331_model2fixed_realtime.jsonl,1786995243.3810353,1786995263.3810353,184,19.553662061691284,nan,-1.9506388353509152,1.9506388353509152,-0.029035692382113128,0.0
fusion_fixed,model2_fixed,固定 model2（原图）,experimental_auto_20260818_033331_model2fixed_realtime.jsonl,1786995243.3810353,1786995263.3810353,185,19.75367832183838,nan,-2.0919809467108363,2.0919809467108363,-0.021902087853013216,0.0
fusion_fixed,model2_fixed,固定 model2（原图）,experimental_auto_20260818_033331_model2fixed_realtime.jsonl,1786995243.3810353,1786995263.3810353,186,19.856628894805908,nan,-2.1563460283043567,2.1563460283043567,-0.014622572319836161,0.0
fusion_fixed,model2_fixed,固定 model2（原图）,experimental_auto_20260818_033331_model2fixed_realtime.jsonl,1786995243.3810353,1786995263.3810353,187,19.95645809173584,nan,-2.168177321242115,2.168177321242115,-0.008347044695680162,0.0
fusion_fixed,model1_fixed,固定 model1-A,experimental_auto_20260818_184023.jsonl,1787049650.8127177,1787049670.8127177,0,0.04021286964416504,nan,3.791148112835896,3.791148112835896,0.08338903678956273,1.0
fusion_fixed,model1_fixed,固定 model1-A,experimental_auto_20260818_184023.jsonl,1787049650.8127177,1787049670.8127177,1,0.19240069389343262,nan,4.9939960666384176,4.9939960666384176,0.08156448695489114,1.0
fusion_fixed,model1_fixed,固定 model1-A,experimental_auto_20260818_184023.jsonl,1787049650.8127177,1787049670.8127177,2,0.24036455154418945,nan,5.885736067088176,5.885736067088176,0.07381051810478514,1.0
fusion_fixed,model1_fixed,固定 model1-A,experimental_auto_20260818_184023.jsonl,1787049650.8127177,1787049670.8127177,3,0.3410060405731201,nan,6.515444109862834,6.515444109862834,0.0615091518699734,1.0
fusion_fixed,model1_fixed,固定 model1-A,experimental_auto_20260818_184023.jsonl,1787049650.8127177,1787049670.8127177,4,0.44727659225463867,nan,6.956714188140345,6.956714188140345,0.04805272960603986,1.0
fusion_fixed,model1_fixed,固定 model1-A,experimental_auto_20260818_184023.jsonl,1787049650.8127177,1787049670.8127177,5,0.5941948890686035,nan,8.29847968976647,8.29847968976647,0.058774795588454457,1.0
fusion_fixed,model1_fixed,固定 model1-A,experimental_auto_20260818_184023.jsonl,1787049650.8127177,1787049670.8127177,6,0.6417257785797119,nan,9.235886234116396,9.235886234116396,0.0582459047743374,1.0
fusion_fixed,model1_fixed,固定 model1-A,experimental_auto_20260818_184023.jsonl,1787049650.8127177,1787049670.8127177,7,0.741295337677002,nan,9.829998821024244,9.829998821024244,0.04933215088820901,1.0
fusion_fixed,model1_fixed,固定 model1-A,experimental_auto_20260818_184023.jsonl,1787049650.8127177,1787049670.8127177,8,0.8417849540710449,nan,10.156911633098975,10.156911633098975,0.03645527657375393,1.0
fusion_fixed,model1_fixed,固定 model1-A,experimental_auto_20260818_184023.jsonl,1787049650.8127177,1787049670.8127177,9,0.9909155368804932,nan,9.934078539478886,9.934078539478886,0.015051816320515811,1.0
fusion_fixed,model1_fixed,固定 model1-A,experimental_auto_20260818_184023.jsonl,1787049650.8127177,1787049670.8127177,10,1.0411489009857178,nan,9.666493043879177,9.666493043879177,-0.001672277225907448,1.0
fusion_fixed,model1_fixed,固定 model1-A,experimental_auto_20260818_184023.jsonl,1787049650.8127177,1787049670.8127177,11,1.1399991512298584,nan,9.385287413167632,9.385287413167632,-0.013014218964300167,1.0
fusion_fixed,model1_fixed,固定 model1-A,experimental_auto_20260818_184023.jsonl,1787049650.8127177,1787049670.8127177,12,1.2404589653015137,nan,9.14117048129517,9.14117048129517,-0.01967608476225202,1.0
fusion_fixed,model1_fixed,固定 model1-A,experimental_auto_20260818_184023.jsonl,1787049650.8127177,1787049670.8127177,13,1.3954875469207764,nan,7.811394975323404,7.811394975323404,-0.048941340211200585,1.0
fusion_fixed,model1_fixed,固定 model1-A,experimental_auto_20260818_184023.jsonl,1787049650.8127177,1787049670.8127177,14,1.4432504177093506,nan,6.767521813263954,6.767521813263954,-0.0638684517912973,1.0
fusion_fixed,model1_fixed,固定 model1-A,experimental_auto_20260818_184023.jsonl,1787049650.8127177,1787049670.8127177,15,1.5454542636871338,nan,6.042115776692835,6.042115776692835,-0.06592734338183572,1.0
fusion_fixed,model1_fixed,固定 model1-A,experimental_auto_20260818_184023.jsonl,1787049650.8127177,1787049670.8127177,16,1.641223430633545,nan,5.589393718208246,5.589393718208246,-0.059638926263093646,1.0
fusion_fixed,model1_fixed,固定 model1-A,experimental_auto_20260818_184023.jsonl,1787049650.8127177,1787049670.8127177,17,1.7936673164367676,nan,3.349784121155719,3.349784121155719,-0.09476844961432285,1.0
fusion_fixed,model1_fixed,固定 model1-A,experimental_auto_20260818_184023.jsonl,1787049650.8127177,1787049670.8127177,18,1.841033935546875,nan,1.6697699946259026,1.6697699946259026,-0.10774021538203556,1.0
fusion_fixed,model1_fixed,固定 model1-A,experimental_auto_20260818_184023.jsonl,1787049650.8127177,1787049670.8127177,19,1.9402577877044678,nan,0.5457425290173679,0.5457425290173679,-0.1021021159072682,1.0
fusion_fixed,model1_fixed,固定 model1-A,experimental_auto_20260818_184023.jsonl,1787049650.8127177,1787049670.8127177,20,2.040271520614624,nan,-0.12078188713626758,0.12078188713626758,-0.08575669616580296,1.0
fusion_fixed,model1_fixed,固定 model1-A,experimental_auto_20260818_184023.jsonl,1787049650.8127177,1787049670.8127177,21,2.240041732788086,nan,-1.7388178642896768,1.7388178642896768,-0.09281547005799541,1.0
fusion_fixed,model1_fixed,固定 model1-A,experimental_auto_20260818_184023.jsonl,1787049650.8127177,1787049670.8127177,22,2.341209888458252,nan,-2.815362858028536,2.815362858028536,-0.08567439298071573,1.0
fusion_fixed,model1_fixed,固定 model1-A,experimental_auto_20260818_184023.jsonl,1787049650.8127177,1787049670.8127177,23,2.493804931640625,nan,-3.5435332864792612,3.5435332864792612,-0.06970440790082046,1.0
fusion_fixed,model1_fixed,固定 model1-A,experimental_auto_20260818_184023.jsonl,1787049650.8127177,1787049670.8127177,24,2.640397548675537,nan,-4.573550073149468,4.573550073149468,-0.06687976876609825,1.0
fusion_fixed,model1_fixed,固定 model1-A,experimental_auto_20260818_184023.jsonl,1787049650.8127177,1787049670.8127177,25,2.6922149658203125,nan,-5.2750302134867315,5.2750302134867315,-0.057520993709054426,1.0
fusion_fixed,model1_fixed,固定 model1-A,experimental_auto_20260818_184023.jsonl,1787049650.8127177,1787049670.8127177,26,2.7946321964263916,nan,-5.695405159742128,5.695405159742128,-0.04420302914132821,1.0
fusion_fixed,model1_fixed,固定 model1-A,experimental_auto_20260818_184023.jsonl,1787049650.8127177,1787049670.8127177,27,2.894697904586792,nan,-5.915853948705562,5.915853948705562,-0.030313816931839946,1.0
fusion_fixed,model1_fixed,固定 model1-A,experimental_auto_20260818_184023.jsonl,1787049650.8127177,1787049670.8127177,28,3.045149087905884,nan,-5.513959478025798,5.513959478025798,-0.00707493751462779,1.0
fusion_fixed,model1_fixed,固定 model1-A,experimental_auto_20260818_184023.jsonl,1787049650.8127177,1787049670.8127177,29,3.1415209770202637,nan,-5.1211995951814915,5.1211995951814915,0.008530972177665623,1.0
fusion_fixed,model1_fixed,固定 model1-A,experimental_auto_20260818_184023.jsonl,1787049650.8127177,1787049670.8127177,30,3.295376777648926,nan,-4.760777479402146,4.760777479402146,0.017492797575744533,1.0
fusion_fixed,model1_fixed,固定 model1-A,experimental_auto_20260818_184023.jsonl,1787049650.8127177,1787049670.8127177,31,3.448521375656128,nan,-3.39466449451723,3.39466449451723,0.04572437146255126,1.0
fusion_fixed,model1_fixed,固定 model1-A,experimental_auto_20260818_184023.jsonl,1787049650.8127177,1787049670.8127177,32,3.4909098148345947,nan,-2.3673519667115617,2.3673519667115617,0.06017360850772251,1.0
fusion_fixed,model1_fixed,固定 model1-A,experimental_auto_20260818_184023.jsonl,1787049650.8127177,1787049670.8127177,33,3.5942087173461914,nan,-1.611902624032635,1.611902624032635,0.06255249605170687,1.0
fusion_fixed,model1_fixed,固定 model1-A,experimental_auto_20260818_184023.jsonl,1787049650.8127177,1787049670.8127177,34,3.6921088695526123,nan,-1.1138419853210846,1.1138419853210846,0.0567942628154499,1.0
fusion_fixed,model1_fixed,固定 model1-A,experimental_auto_20260818_184023.jsonl,1787049650.8127177,1787049670.8127177,35,3.840683937072754,nan,0.6731819033002462,0.6731819033002462,0.08058001042460239,1.0
fusion_fixed,model1_fixed,固定 model1-A,experimental_auto_20260818_184023.jsonl,1787049650.8127177,1787049670.8127177,36,3.8917810916900635,nan,1.9840119096354414,1.9840119096354414,0.0878254247693057,1.0
fusion_fixed,model1_fixed,固定 model1-A,experimental_auto_20260818_184023.jsonl,1787049650.8127177,1787049670.8127177,37,3.990232467651367,nan,2.8760059245506286,2.8760059245506286,0.0811056476547118,1.0
fusion_fixed,model1_fixed,固定 model1-A,experimental_auto_20260818_184023.jsonl,1787049650.8127177,1787049670.8127177,38,4.093230247497559,nan,3.413453212935824,3.413453212935824,0.06670213950161348,1.0
fusion_fixed,model1_fixed,固定 model1-A,experimental_auto_20260818_184023.jsonl,1787049650.8127177,1787049670.8127177,39,4.244567394256592,nan,4.536761806873823,4.536761806873823,0.06888373615902628,1.0
fusion_fixed,model1_fixed,固定 model1-A,experimental_auto_20260818_184023.jsonl,1787049650.8127177,1787049670.8127177,40,4.293036460876465,nan,5.28845823247085,5.28845823247085,0.06283396916468163,1.0
fusion_fixed,model1_fixed,固定 model1-A,experimental_auto_20260818_184023.jsonl,1787049650.8127177,1787049670.8127177,41,4.398708343505859,nan,5.747202720238231,5.747202720238231,0.05093950721497674,1.0
fusion_fixed,model1_fixed,固定 model1-A,experimental_auto_20260818_184023.jsonl,1787049650.8127177,1787049670.8127177,42,4.496966600418091,nan,5.97198598461749,5.97198598461749,0.03681445093142166,1.0
fusion_fixed,model1_fixed,固定 model1-A,experimental_auto_20260818_184023.jsonl,1787049650.8127177,1787049670.8127177,43,4.6445088386535645,nan,5.801311794349006,5.801311794349006,0.018049666083311725,1.0
fusion_fixed,model1_fixed,固定 model1-A,experimental_auto_20260818_184023.jsonl,1787049650.8127177,1787049670.8127177,44,4.691066265106201,nan,5.579474419684294,5.579474419684294,0.0033258208844384723,1.0
fusion_fixed,model1_fixed,固定 model1-A,experimental_auto_20260818_184023.jsonl,1787049650.8127177,1787049670.8127177,45,4.799804925918579,nan,5.347624095079206,5.347624095079206,-0.006340529655012779,1.0
fusion_fixed,model1_fixed,固定 model1-A,experimental_auto_20260818_184023.jsonl,1787049650.8127177,1787049670.8127177,46,4.893116235733032,nan,5.1308958804334726,5.1308958804334726,-0.011997978843201772,1.0
fusion_fixed,model1_fixed,固定 model1-A,experimental_auto_20260818_184023.jsonl,1787049650.8127177,1787049670.8127177,47,5.0432350635528564,nan,5.261780908846358,5.261780908846358,-0.007249599078010853,1.0
fusion_fixed,model1_fixed,固定 model1-A,experimental_auto_20260818_184023.jsonl,1787049650.8127177,1787049670.8127177,48,5.09450101852417,nan,5.3813709952897355,5.3813709952897355,-0.004277964646931277,1.0
fusion_fixed,model1_fixed,固定 model1-A,experimental_auto_20260818_184023.jsonl,1787049650.8127177,1787049670.8127177,49,5.195560693740845,nan,5.461306870393734,5.461306870393734,-0.002618953851049678,1.0
fusion_fixed,model1_fixed,固定 model1-A,experimental_auto_20260818_184023.jsonl,1787049650.8127177,1787049670.8127177,50,5.2912757396698,nan,5.516236172827238,5.516236172827238,-0.0019500499371214387,1.0
fusion_fixed,model1_fixed,固定 model1-A,experimental_auto_20260818_184023.jsonl,1787049650.8127177,1787049670.8127177,51,5.747420310974121,nan,2.5350690884441196,2.5350690884441196,0.0,1.0
fusion_fixed,model1_fixed,固定 model1-A,experimental_auto_20260818_184023.jsonl,1787049650.8127177,1787049670.8127177,52,5.842891693115234,nan,1.5054070825211263,1.5054070825211263,-0.02722653980455686,1.0
fusion_fixed,model1_fixed,固定 model1-A,experimental_auto_20260818_184023.jsonl,1787049650.8127177,1787049670.8127177,53,5.889309644699097,nan,1.2173729717617099,1.2173729717617099,-0.028942981374169268,1.0
fusion_fixed,model1_fixed,固定 model1-A,experimental_auto_20260818_184023.jsonl,1787049650.8127177,1787049670.8127177,54,5.994797945022583,nan,1.1321973504408667,1.1321973504408667,-0.021505944536958824,1.0
fusion_fixed,model1_fixed,固定 model1-A,experimental_auto_20260818_184023.jsonl,1787049650.8127177,1787049670.8127177,55,6.096713066101074,nan,1.1244276660141606,1.1244276660141606,-0.013959526416965172,1.0
fusion_fixed,model1_fixed,固定 model1-A,experimental_auto_20260818_184023.jsonl,1787049650.8127177,1787049670.8127177,56,6.2407920360565186,nan,2.048896540154166,2.048896540154166,0.019549272895122947,1.0
fusion_fixed,model1_fixed,固定 model1-A,experimental_auto_20260818_184023.jsonl,1787049650.8127177,1787049670.8127177,57,6.294415235519409,nan,2.63146327547209,2.63146327547209,0.029406456225707756,1.0
fusion_fixed,model1_fixed,固定 model1-A,experimental_auto_20260818_184023.jsonl,1787049650.8127177,1787049670.8127177,58,6.391479253768921,nan,2.9778029097310754,2.9778029097310754,0.028249665828040636,1.0
fusion_fixed,model1_fixed,固定 model1-A,experimental_auto_20260818_184023.jsonl,1787049650.8127177,1787049670.8127177,59,6.491013765335083,nan,3.1846553189605165,3.1846553189605165,0.022528721522785945,1.0
fusion_fixed,model1_fixed,固定 model1-A,experimental_auto_20260818_184023.jsonl,1787049650.8127177,1787049670.8127177,60,6.644115447998047,nan,3.9170129380815766,3.9170129380815766,0.029687421469545696,1.0
fusion_fixed,model1_fixed,固定 model1-A,experimental_auto_20260818_184023.jsonl,1787049650.8127177,1787049670.8127177,61,6.69424843788147,nan,4.4100577302580435,4.4100577302580435,0.030201372703240408,1.0
fusion_fixed,model1_fixed,固定 model1-A,experimental_auto_20260818_184023.jsonl,1787049650.8127177,1787049670.8127177,62,6.842729568481445,nan,4.745548607604755,4.745548607604755,0.025588624798588682,1.0
fusion_fixed,model1_fixed,固定 model1-A,experimental_auto_20260818_184023.jsonl,1787049650.8127177,1787049670.8127177,63,6.943301677703857,nan,4.936258549623851,4.936258549623851,0.01865543100894971,1.0
fusion_fixed,model1_fixed,固定 model1-A,experimental_auto_20260818_184023.jsonl,1787049650.8127177,1787049670.8127177,64,7.098503351211548,nan,5.5134438755013555,5.5134438755013555,0.021969811108545803,1.0
fusion_fixed,model1_fixed,固定 model1-A,experimental_auto_20260818_184023.jsonl,1787049650.8127177,1787049670.8127177,65,7.144332647323608,nan,5.898988547129303,5.898988547129303,0.021097787542247008,1.0
fusion_fixed,model1_fixed,固定 model1-A,experimental_auto_20260818_184023.jsonl,1787049650.8127177,1787049670.8127177,66,7.2443296909332275,nan,6.15763272304144,6.15763272304144,0.01700420616112896,1.0
fusion_fixed,model1_fixed,固定 model1-A,experimental_auto_20260818_184023.jsonl,1787049650.8127177,1787049670.8127177,67,7.346354246139526,nan,6.306593340561473,6.306593340561473,0.011522705484225359,1.0
fusion_fixed,model1_fixed,固定 model1-A,experimental_auto_20260818_184023.jsonl,1787049650.8127177,1787049670.8127177,68,7.496900320053101,nan,7.693417158631477,7.693417158631477,0.03576165158590432,1.0
fusion_fixed,model1_fixed,固定 model1-A,experimental_auto_20260818_184023.jsonl,1787049650.8127177,1787049670.8127177,69,7.541089773178101,nan,8.862169323119584,8.862169323119584,0.049318313614177454,1.0
fusion_fixed,model1_fixed,固定 model1-A,experimental_auto_20260818_184023.jsonl,1787049650.8127177,1787049670.8127177,70,7.6434853076934814,nan,9.774135476705158,9.774135476705158,0.05194158282760808,1.0
fusion_fixed,model1_fixed,固定 model1-A,experimental_auto_20260818_184023.jsonl,1787049650.8127177,1787049670.8127177,71,7.746095418930054,nan,10.458186881965137,10.458186881965137,0.047566565152744315,1.0
fusion_fixed,model1_fixed,固定 model1-A,experimental_auto_20260818_184023.jsonl,1787049650.8127177,1787049670.8127177,72,7.897930860519409,nan,9.157687765502565,9.157687765502565,-0.0009943805888877055,1.0
fusion_fixed,model1_fixed,固定 model1-A,experimental_auto_20260818_184023.jsonl,1787049650.8127177,1787049670.8127177,73,7.940737724304199,nan,8.036921546320475,8.036921546320475,-0.03285965051321322,1.0
fusion_fixed,model1_fixed,固定 model1-A,experimental_auto_20260818_184023.jsonl,1787049650.8127177,1787049670.8127177,74,8.043623924255371,nan,7.137780439822716,7.137780439822716,-0.048751098317328094,1.0
fusion_fixed,model1_fixed,固定 model1-A,experimental_auto_20260818_184023.jsonl,1787049650.8127177,1787049670.8127177,75,8.145199298858643,nan,6.4797346957046535,6.4797346957046535,-0.05290899054970134,1.0
fusion_fixed,model1_fixed,固定 model1-A,experimental_auto_20260818_184023.jsonl,1787049650.8127177,1787049670.8127177,76,8.297822952270508,nan,5.942279148465879,5.942279148465879,-0.0514684606086859,1.0
fusion_fixed,model1_fixed,固定 model1-A,experimental_auto_20260818_184023.jsonl,1787049650.8127177,1787049670.8127177,77,8.344242572784424,nan,5.6156628682435095,5.6156628682435095,-0.046014760390809394,1.0
fusion_fixed,model1_fixed,固定 model1-A,experimental_auto_20260818_184023.jsonl,1787049650.8127177,1787049670.8127177,78,8.442962884902954,nan,5.4384422466689175,5.4384422466689175,-0.03752240333453493,1.0
fusion_fixed,model1_fixed,固定 model1-A,experimental_auto_20260818_184023.jsonl,1787049650.8127177,1787049670.8127177,79,8.54526162147522,nan,5.377587623125235,5.377587623125235,-0.028288621941962515,1.0
fusion_fixed,model1_fixed,固定 model1-A,experimental_auto_20260818_184023.jsonl,1787049650.8127177,1787049670.8127177,80,8.695115566253662,nan,3.471288137520123,3.471288137520123,-0.06303499945799655,1.0
fusion_fixed,model1_fixed,固定 model1-A,experimental_auto_20260818_184023.jsonl,1787049650.8127177,1787049670.8127177,81,8.74910855293274,nan,2.023859624143698,2.023859624143698,-0.07911692091038844,1.0
fusion_fixed,model1_fixed,固定 model1-A,experimental_auto_20260818_184023.jsonl,1787049650.8127177,1787049670.8127177,82,8.841955661773682,nan,0.9924122043291406,0.9924122043291406,-0.07917430731445926,1.0
fusion_fixed,model1_fixed,固定 model1-A,experimental_auto_20260818_184023.jsonl,1787049650.8127177,1787049670.8127177,83,8.944693565368652,nan,0.3254045190131616,0.3254045190131616,-0.06960294583596444,1.0
fusion_fixed,model1_fixed,固定 model1-A,experimental_auto_20260818_184023.jsonl,1787049650.8127177,1787049670.8127177,84,9.096393823623657,nan,-0.17586013650460197,0.17586013650460197,-0.05717170948873365,1.0
fusion_fixed,model1_fixed,固定 model1-A,experimental_auto_20260818_184023.jsonl,1787049650.8127177,1787049670.8127177,85,9.14439606666565,nan,-0.4448560536130852,0.4448560536130852,-0.044485308479495424,1.0
fusion_fixed,model1_fixed,固定 model1-A,experimental_auto_20260818_184023.jsonl,1787049650.8127177,1787049670.8127177,86,9.243824243545532,nan,-0.5583671458872952,0.5583671458872952,-0.03199069920281159,1.0
fusion_fixed,model1_fixed,固定 model1-A,experimental_auto_20260818_184023.jsonl,1787049650.8127177,1787049670.8127177,87,9.343422174453735,nan,-0.5884029233730881,0.5884029233730881,-0.020774791283281052,1.0
fusion_fixed,model1_fixed,固定 model1-A,experimental_auto_20260818_184023.jsonl,1787049650.8127177,1787049670.8127177,88,9.49608325958252,nan,-0.5274990640047661,0.5274990640047661,-0.01247058861643813,1.0
fusion_fixed,model1_fixed,固定 model1-A,experimental_auto_20260818_184023.jsonl,1787049650.8127177,1787049670.8127177,89,9.542298555374146,nan,-0.5030778883392872,0.5030778883392872,-0.004997466250751455,1.0
fusion_fixed,model1_fixed,固定 model1-A,experimental_auto_20260818_184023.jsonl,1787049650.8127177,1787049670.8127177,90,9.642864227294922,nan,-0.41545461441693243,0.41545461441693243,2.2281881483419974e-05,1.0
fusion_fixed,model1_fixed,固定 model1-A,experimental_auto_20260818_184023.jsonl,1787049650.8127177,1787049670.8127177,91,9.7442307472229,nan,-0.41869006928763053,0.41869006928763053,0.0038278783663017475,1.0
fusion_fixed,model1_fixed,固定 model1-A,experimental_auto_20260818_184023.jsonl,1787049650.8127177,1787049670.8127177,92,9.896010875701904,nan,0.0624746939195675,0.0624746939195675,0.014203898128811673,1.0
fusion_fixed,model1_fixed,固定 model1-A,experimental_auto_20260818_184023.jsonl,1787049650.8127177,1787049670.8127177,93,9.944772005081177,nan,0.4030457710360591,0.4030457710360591,0.01970247364292242,1.0
fusion_fixed,model1_fixed,固定 model1-A,experimental_auto_20260818_184023.jsonl,1787049650.8127177,1787049670.8127177,94,10.041942834854126,nan,0.6283906730998212,0.6283906730998212,0.020918603124795203,1.0
fusion_fixed,model1_fixed,固定 model1-A,experimental_auto_20260818_184023.jsonl,1787049650.8127177,1787049670.8127177,95,10.141506433486938,nan,0.7717443845857486,0.7717443845857486,0.01942365606270708,1.0
fusion_fixed,model1_fixed,固定 model1-A,experimental_auto_20260818_184023.jsonl,1787049650.8127177,1787049670.8127177,96,10.297207117080688,nan,1.0980034580873377,1.0980034580873377,0.021194397105670722,1.0
fusion_fixed,model1_fixed,固定 model1-A,experimental_auto_20260818_184023.jsonl,1787049650.8127177,1787049670.8127177,97,10.34630298614502,nan,1.313464003553999,1.313464003553999,0.020416365221783674,1.0
fusion_fixed,model1_fixed,固定 model1-A,experimental_auto_20260818_184023.jsonl,1787049650.8127177,1787049670.8127177,98,10.44360899925232,nan,1.4450732308985192,1.4450732308985192,0.017697661456269182,1.0
fusion_fixed,model1_fixed,固定 model1-A,experimental_auto_20260818_184023.jsonl,1787049650.8127177,1787049670.8127177,99,10.544137001037598,nan,1.5099747654589546,1.5099747654589546,0.01413719400901128,1.0
fusion_fixed,model1_fixed,固定 model1-A,experimental_auto_20260818_184023.jsonl,1787049650.8127177,1787049670.8127177,100,10.745740175247192,nan,1.136905334353977,1.136905334353977,0.00160910112488976,1.0
fusion_fixed,model1_fixed,固定 model1-A,experimental_auto_20260818_184023.jsonl,1787049650.8127177,1787049670.8127177,101,10.84304690361023,nan,0.8279549709148792,0.8279549709148792,-0.006284345188040179,1.0
fusion_fixed,model1_fixed,固定 model1-A,experimental_auto_20260818_184023.jsonl,1787049650.8127177,1787049670.8127177,102,10.945233583450317,nan,0.5857964490244782,0.5857964490244782,-0.010336993022638793,1.0
fusion_fixed,model1_fixed,固定 model1-A,experimental_auto_20260818_184023.jsonl,1787049650.8127177,1787049670.8127177,103,11.148163795471191,nan,-0.15727620690755284,0.15727620690755284,-0.025356108316105283,1.0
fusion_fixed,model1_fixed,固定 model1-A,experimental_auto_20260818_184023.jsonl,1787049650.8127177,1787049670.8127177,104,11.294154167175293,nan,-0.7312434787665412,0.7312434787665412,-0.03140614242786975,1.0
fusion_fixed,model1_fixed,固定 model1-A,experimental_auto_20260818_184023.jsonl,1787049650.8127177,1787049670.8127177,105,11.395350933074951,nan,-1.1416019409321465,1.1416019409321465,-0.030978331102115106,1.0
fusion_fixed,model1_fixed,固定 model1-A,experimental_auto_20260818_184023.jsonl,1787049650.8127177,1787049670.8127177,106,11.547835111618042,nan,-2.9697393276432837,2.9697393276432837,-0.061854560696623484,1.0
fusion_fixed,model1_fixed,固定 model1-A,experimental_auto_20260818_184023.jsonl,1787049650.8127177,1787049670.8127177,107,11.59040379524231,nan,-4.365159771820548,4.365159771820548,-0.07452802799932601,1.0
fusion_fixed,model1_fixed,固定 model1-A,experimental_auto_20260818_184023.jsonl,1787049650.8127177,1787049670.8127177,108,11.695533752441406,nan,-5.3486036195594995,5.3486036195594995,-0.07216150205862773,1.0
fusion_fixed,model1_fixed,固定 model1-A,experimental_auto_20260818_184023.jsonl,1787049650.8127177,1787049670.8127177,109,11.791554927825928,nan,-5.9749912282018425,5.9749912282018425,-0.06057385354144817,1.0
fusion_fixed,model1_fixed,固定 model1-A,experimental_auto_20260818_184023.jsonl,1787049650.8127177,1787049670.8127177,110,11.942060947418213,nan,-8.217622950931602,8.217622950931602,-0.08813106274405919,1.0
fusion_fixed,model1_fixed,固定 model1-A,experimental_auto_20260818_184023.jsonl,1787049650.8127177,1787049670.8127177,111,11.990079402923584,nan,-9.86968357268092,9.86968357268092,-0.09591984862513595,1.0
fusion_fixed,model1_fixed,固定 model1-A,experimental_auto_20260818_184023.jsonl,1787049650.8127177,1787049670.8127177,112,12.091598749160767,nan,-10.983279592684037,10.983279592684037,-0.08687901437386716,1.0
fusion_fixed,model1_fixed,固定 model1-A,experimental_auto_20260818_184023.jsonl,1787049650.8127177,1787049670.8127177,113,12.197446346282959,nan,-11.64211265094286,11.64211265094286,-0.06837242999933614,1.0
fusion_fixed,model1_fixed,固定 model1-A,experimental_auto_20260818_184023.jsonl,1787049650.8127177,1787049670.8127177,114,12.342917919158936,nan,-12.814035076917119,12.814035076917119,-0.06578122974136792,1.0
fusion_fixed,model1_fixed,固定 model1-A,experimental_auto_20260818_184023.jsonl,1787049650.8127177,1787049670.8127177,115,12.392068147659302,nan,-13.52604389975669,13.52604389975669,-0.05453924052771967,1.0
fusion_fixed,model1_fixed,固定 model1-A,experimental_auto_20260818_184023.jsonl,1787049650.8127177,1787049670.8127177,116,12.49447250366211,nan,-13.885540254784988,13.885540254784988,-0.03759130425114065,1.0
fusion_fixed,model1_fixed,固定 model1-A,experimental_auto_20260818_184023.jsonl,1787049650.8127177,1787049670.8127177,117,12.593113422393799,nan,-13.987758831951979,13.987758831951979,-0.019423490887448384,1.0
fusion_fixed,model1_fixed,固定 model1-A,experimental_auto_20260818_184023.jsonl,1787049650.8127177,1787049670.8127177,118,12.740401983261108,nan,-13.31674781063259,13.31674781063259,0.010964932205816449,1.0
fusion_fixed,model1_fixed,固定 model1-A,experimental_auto_20260818_184023.jsonl,1787049650.8127177,1787049670.8127177,119,12.790751457214355,nan,-12.684761301677238,12.684761301677238,0.03162870494316653,1.0
fusion_fixed,model1_fixed,固定 model1-A,experimental_auto_20260818_184023.jsonl,1787049650.8127177,1787049670.8127177,120,12.890885591506958,nan,-12.148223718368767,12.148223718368767,0.04269862877944242,1.0
fusion_fixed,model1_fixed,固定 model1-A,experimental_auto_20260818_184023.jsonl,1787049650.8127177,1787049670.8127177,121,12.990365266799927,nan,-11.733316218074197,11.733316218074197,0.04641261850973174,1.0
fusion_fixed,model1_fixed,固定 model1-A,experimental_auto_20260818_184023.jsonl,1787049650.8127177,1787049670.8127177,122,13.140069961547852,nan,-9.559119251398451,9.559119251398451,0.08770252175107723,1.0
fusion_fixed,model1_fixed,固定 model1-A,experimental_auto_20260818_184023.jsonl,1787049650.8127177,1787049670.8127177,123,13.191429615020752,nan,-7.8958848416043725,7.8958848416043725,0.10651221902898782,1.0
fusion_fixed,model1_fixed,固定 model1-A,experimental_auto_20260818_184023.jsonl,1787049650.8127177,1787049670.8127177,124,13.293131589889526,nan,-6.740026491806439,6.740026491806439,0.1055764170535376,1.0
fusion_fixed,model1_fixed,固定 model1-A,experimental_auto_20260818_184023.jsonl,1787049650.8127177,1787049670.8127177,125,13.393633127212524,nan,-6.024177483717718,6.024177483717718,0.09279714262233241,1.0
fusion_fixed,model1_fixed,固定 model1-A,experimental_auto_20260818_184023.jsonl,1787049650.8127177,1787049670.8127177,126,13.542493343353271,nan,-3.594446968378595,3.594446968378595,0.12094052422032078,1.0
fusion_fixed,model1_fixed,固定 model1-A,experimental_auto_20260818_184023.jsonl,1787049650.8127177,1787049670.8127177,127,13.591627836227417,nan,-1.864018242357146,1.864018242357146,0.12637624256791902,1.0
fusion_fixed,model1_fixed,固定 model1-A,experimental_auto_20260818_184023.jsonl,1787049650.8127177,1787049670.8127177,128,13.692615985870361,nan,-0.7425287158678517,0.7425287158678517,0.11405442246527278,1.0
fusion_fixed,model1_fixed,固定 model1-A,experimental_auto_20260818_184023.jsonl,1787049650.8127177,1787049670.8127177,129,13.793171167373657,nan,-0.10583268934504231,0.10583268934504231,0.09221045191637177,1.0
fusion_fixed,model1_fixed,固定 model1-A,experimental_auto_20260818_184023.jsonl,1787049650.8127177,1787049670.8127177,130,13.939898014068604,nan,2.2371215754684592,2.2371215754684592,0.11508692957708413,1.0
fusion_fixed,model1_fixed,固定 model1-A,experimental_auto_20260818_184023.jsonl,1787049650.8127177,1787049670.8127177,131,13.990809440612793,nan,3.8911875374383786,3.8911875374383786,0.11651531250933361,1.0
fusion_fixed,model1_fixed,固定 model1-A,experimental_auto_20260818_184023.jsonl,1787049650.8127177,1787049670.8127177,132,14.092223167419434,nan,4.948091501048157,4.948091501048157,0.1017263598573442,1.0
fusion_fixed,model1_fixed,固定 model1-A,experimental_auto_20260818_184023.jsonl,1787049650.8127177,1787049670.8127177,133,14.192422151565552,nan,5.536307582653855,5.536307582653855,0.0792518678117202,1.0
fusion_fixed,model1_fixed,固定 model1-A,experimental_auto_20260818_184023.jsonl,1787049650.8127177,1787049670.8127177,134,14.341519355773926,nan,6.838083927607952,6.838083927607952,0.0785126712232468,1.0
fusion_fixed,model1_fixed,固定 model1-A,experimental_auto_20260818_184023.jsonl,1787049650.8127177,1787049670.8127177,135,14.393873453140259,nan,7.726912560810906,7.726912560810906,0.06963353837441807,1.0
fusion_fixed,model1_fixed,固定 model1-A,experimental_auto_20260818_184023.jsonl,1787049650.8127177,1787049670.8127177,136,14.493186235427856,nan,8.305310680604228,8.305310680604228,0.0553737647099941,1.0
fusion_fixed,model1_fixed,固定 model1-A,experimental_auto_20260818_184023.jsonl,1787049650.8127177,1787049670.8127177,137,14.590859174728394,nan,8.641161302341981,8.641161302341981,0.03934242164847568,1.0
fusion_fixed,model1_fixed,固定 model1-A,experimental_auto_20260818_184023.jsonl,1787049650.8127177,1787049670.8127177,138,14.7929048538208,nan,8.486959082400924,8.486959082400924,0.01677041741250843,1.0
fusion_fixed,model1_fixed,固定 model1-A,experimental_auto_20260818_184023.jsonl,1787049650.8127177,1787049670.8127177,139,14.945833683013916,nan,8.262776248503133,8.262776248503133,-0.0002659148571279744,1.0
fusion_fixed,model1_fixed,固定 model1-A,experimental_auto_20260818_184023.jsonl,1787049650.8127177,1787049670.8127177,140,14.991177558898926,nan,8.02121720895027,8.02121720895027,-0.012639160639660993,1.0
fusion_fixed,model1_fixed,固定 model1-A,experimental_auto_20260818_184023.jsonl,1787049650.8127177,1787049670.8127177,141,15.19192361831665,nan,7.539915226796412,7.539915226796412,-0.02574240005243368,1.0
fusion_fixed,model1_fixed,固定 model1-A,experimental_auto_20260818_184023.jsonl,1787049650.8127177,1787049670.8127177,142,15.241198778152466,nan,7.128262357073146,7.128262357073146,-0.0334930344291842,1.0
fusion_fixed,model1_fixed,固定 model1-A,experimental_auto_20260818_184023.jsonl,1787049650.8127177,1787049670.8127177,143,15.291422605514526,nan,6.805407389422802,6.805407389422802,-0.03585653649837206,1.0
fusion_fixed,model1_fixed,固定 model1-A,experimental_auto_20260818_184023.jsonl,1787049650.8127177,1787049670.8127177,144,15.390738487243652,nan,6.559659550935759,6.559659550935759,-0.03465936928448895,1.0
fusion_fixed,model1_fixed,固定 model1-A,experimental_auto_20260818_184023.jsonl,1787049650.8127177,1787049670.8127177,145,15.590406656265259,nan,6.072925730791057,6.072925730791057,-0.03854742308600531,1.0
fusion_fixed,model1_fixed,固定 model1-A,experimental_auto_20260818_184023.jsonl,1787049650.8127177,1787049670.8127177,146,15.64726972579956,nan,5.723488437576751,5.723488437576751,-0.03824406680441651,1.0
fusion_fixed,model1_fixed,固定 model1-A,experimental_auto_20260818_184023.jsonl,1787049650.8127177,1787049670.8127177,147,15.746037721633911,nan,5.495568506619463,5.495568506619463,-0.03457571025837828,1.0
fusion_fixed,model1_fixed,固定 model1-A,experimental_auto_20260818_184023.jsonl,1787049650.8127177,1787049670.8127177,148,15.848028421401978,nan,5.367461223395464,5.367461223395464,-0.02928385439515841,1.0
fusion_fixed,model1_fixed,固定 model1-A,experimental_auto_20260818_184023.jsonl,1787049650.8127177,1787049670.8127177,149,15.992748975753784,nan,3.0188262791735254,3.0188262791735254,-0.07546358627580367,1.0
fusion_fixed,model1_fixed,固定 model1-A,experimental_auto_20260818_184023.jsonl,1787049650.8127177,1787049670.8127177,150,16.039968729019165,nan,1.2070960019483823,1.2070960019483823,-0.09769804580101263,1.0
fusion_fixed,model1_fixed,固定 model1-A,experimental_auto_20260818_184023.jsonl,1787049650.8127177,1787049670.8127177,151,16.140026807785034,nan,-0.08457642873604954,0.08457642873604954,-0.09931869912743711,1.0
fusion_fixed,model1_fixed,固定 model1-A,experimental_auto_20260818_184023.jsonl,1787049650.8127177,1787049670.8127177,152,16.240042686462402,nan,-0.9377204420023766,0.9377204420023766,-0.08791231879273961,1.0
fusion_fixed,model1_fixed,固定 model1-A,experimental_auto_20260818_184023.jsonl,1787049650.8127177,1787049670.8127177,153,16.395554542541504,nan,-2.399616558532036,2.399616558532036,-0.09273849128245912,1.0
fusion_fixed,model1_fixed,固定 model1-A,experimental_auto_20260818_184023.jsonl,1787049650.8127177,1787049670.8127177,154,16.44092345237732,nan,-3.3840153113166793,3.3840153113166793,-0.08585898619362502,1.0
fusion_fixed,model1_fixed,固定 model1-A,experimental_auto_20260818_184023.jsonl,1787049650.8127177,1787049670.8127177,155,16.539907455444336,nan,-3.957444517020714,3.957444517020714,-0.07026868684785072,1.0
fusion_fixed,model1_fixed,固定 model1-A,experimental_auto_20260818_184023.jsonl,1787049650.8127177,1787049670.8127177,156,16.64073872566223,nan,-4.212782446159446,4.212782446159446,-0.0519056388232223,1.0
fusion_fixed,model1_fixed,固定 model1-A,experimental_auto_20260818_184023.jsonl,1787049650.8127177,1787049670.8127177,157,16.794838905334473,nan,-5.452923021442613,5.452923021442613,-0.06074525508411546,1.0
fusion_fixed,model1_fixed,固定 model1-A,experimental_auto_20260818_184023.jsonl,1787049650.8127177,1787049670.8127177,158,16.84062910079956,nan,-6.3314701276175995,6.3314701276175995,-0.05918971431166169,1.0
fusion_fixed,model1_fixed,固定 model1-A,experimental_auto_20260818_184023.jsonl,1787049650.8127177,1787049670.8127177,159,16.93991184234619,nan,-6.888983165903017,6.888983165903017,-0.04999927640663287,1.0
fusion_fixed,model1_fixed,固定 model1-A,experimental_auto_20260818_184023.jsonl,1787049650.8127177,1787049670.8127177,160,17.04072904586792,nan,-7.209722822823073,7.209722822823073,-0.03715648888067755,1.0
fusion_fixed,model1_fixed,固定 model1-A,experimental_auto_20260818_184023.jsonl,1787049650.8127177,1787049670.8127177,161,17.592323303222656,nan,-6.137337173733859,6.137337173733859,0.0,1.0
fusion_fixed,model1_fixed,固定 model1-A,experimental_auto_20260818_184023.jsonl,1787049650.8127177,1787049670.8127177,162,17.63892102241516,nan,-6.149753904025546,6.149753904025546,-0.0005078908656372889,1.0
fusion_fixed,model1_fixed,固定 model1-A,experimental_auto_20260818_184023.jsonl,1787049650.8127177,1787049670.8127177,163,17.690264463424683,nan,-6.155508718896363,6.155508718896363,0.0005212841225748126,1.0
fusion_fixed,model1_fixed,固定 model1-A,experimental_auto_20260818_184023.jsonl,1787049650.8127177,1787049670.8127177,164,17.795027017593384,nan,-6.704887909121171,6.704887909121171,-0.020405284878857483,1.0
fusion_fixed,model1_fixed,固定 model1-A,experimental_auto_20260818_184023.jsonl,1787049650.8127177,1787049670.8127177,165,17.842716932296753,nan,-6.991492250470699,6.991492250470699,-0.019911419042883415,1.0
fusion_fixed,model1_fixed,固定 model1-A,experimental_auto_20260818_184023.jsonl,1787049650.8127177,1787049670.8127177,166,17.99073839187622,nan,-6.385736485886939,6.385736485886939,0.009325319631116883,1.0
fusion_fixed,model1_fixed,固定 model1-A,experimental_auto_20260818_184023.jsonl,1787049650.8127177,1787049670.8127177,167,18.039928197860718,nan,-5.974853239103039,5.974853239103039,0.021141205266427546,1.0
fusion_fixed,model1_fixed,固定 model1-A,experimental_auto_20260818_184023.jsonl,1787049650.8127177,1787049670.8127177,168,18.13978362083435,nan,-5.710577517848481,5.710577517848481,0.02526485793314576,1.0
fusion_fixed,model1_fixed,固定 model1-A,experimental_auto_20260818_184023.jsonl,1787049650.8127177,1787049670.8127177,169,18.24002504348755,nan,-5.525699291214792,5.525699291214792,0.02549397531771502,1.0
fusion_fixed,model1_fixed,固定 model1-A,experimental_auto_20260818_184023.jsonl,1787049650.8127177,1787049670.8127177,170,18.44221043586731,nan,-4.67838383389938,4.67838383389938,0.03998269652683967,1.0
fusion_fixed,model1_fixed,固定 model1-A,experimental_auto_20260818_184023.jsonl,1787049650.8127177,1787049670.8127177,171,18.543660879135132,nan,-4.07354810657754,4.07354810657754,0.04435163103241745,1.0
fusion_fixed,model1_fixed,固定 model1-A,experimental_auto_20260818_184023.jsonl,1787049650.8127177,1787049670.8127177,172,18.69630265235901,nan,-3.6729715675827945,3.6729715675827945,0.042139261193743324,1.0
fusion_fixed,model1_fixed,固定 model1-A,experimental_auto_20260818_184023.jsonl,1787049650.8127177,1787049670.8127177,173,18.842697381973267,nan,-2.1224390992319653,2.1224390992319653,0.06508389400738007,1.0
fusion_fixed,model1_fixed,固定 model1-A,experimental_auto_20260818_184023.jsonl,1787049650.8127177,1787049670.8127177,174,18.943897247314453,nan,-0.9615391289109598,0.9615391289109598,0.07109089448647851,1.0
fusion_fixed,model1_fixed,固定 model1-A,experimental_auto_20260818_184023.jsonl,1787049650.8127177,1787049670.8127177,175,19.04451847076416,nan,-0.21362765766296254,0.21362765766296254,0.06676940157019393,1.0
fusion_fixed,model1_fixed,固定 model1-A,experimental_auto_20260818_184023.jsonl,1787049650.8127177,1787049670.8127177,176,19.24675726890564,nan,1.6827088088775866,1.6827088088775866,0.08845704589429243,1.0
fusion_fixed,model1_fixed,固定 model1-A,experimental_auto_20260818_184023.jsonl,1787049650.8127177,1787049670.8127177,177,19.290173530578613,nan,3.039978836754531,3.039978836754531,0.09303026950920835,1.0
fusion_fixed,model1_fixed,固定 model1-A,experimental_auto_20260818_184023.jsonl,1787049650.8127177,1787049670.8127177,178,19.392087697982788,nan,3.924414223352868,3.924414223352868,0.08361462366161326,1.0
fusion_fixed,model1_fixed,固定 model1-A,experimental_auto_20260818_184023.jsonl,1787049650.8127177,1787049670.8127177,179,19.493472814559937,nan,4.458360825921548,4.458360825921548,0.0669093641290051,1.0
fusion_fixed,model1_fixed,固定 model1-A,experimental_auto_20260818_184023.jsonl,1787049650.8127177,1787049670.8127177,180,19.644699096679688,nan,4.400207688742386,4.400207688742386,0.04072548338951014,1.0
fusion_fixed,model1_fixed,固定 model1-A,experimental_auto_20260818_184023.jsonl,1787049650.8127177,1787049670.8127177,181,19.68993330001831,nan,4.221110523745786,4.221110523745786,0.019770825330971794,1.0
fusion_fixed,model1_fixed,固定 model1-A,experimental_auto_20260818_184023.jsonl,1787049650.8127177,1787049670.8127177,182,19.793870210647583,nan,4.014776763946659,4.014776763946659,0.004855929789186814,1.0
fusion_fixed,model1_fixed,固定 model1-A,experimental_auto_20260818_184023.jsonl,1787049650.8127177,1787049670.8127177,183,19.893239974975586,nan,3.8214389154281325,3.8214389154281325,-0.004651143951341299,1.0
fusion_fixed,model1_fixed,固定 model1-B,experimental_auto_20260818_184336.jsonl,1787049838.112539,1787049858.112539,0,0.012514352798461914,nan,6.252435143109336,6.252435143109336,0.04501564786088039,1.0
fusion_fixed,model1_fixed,固定 model1-B,experimental_auto_20260818_184336.jsonl,1787049838.112539,1787049858.112539,1,0.0602259635925293,nan,7.20024172569067,7.20024172569067,0.05042156289567735,1.0
fusion_fixed,model1_fixed,固定 model1-B,experimental_auto_20260818_184336.jsonl,1787049838.112539,1787049858.112539,2,0.16113734245300293,nan,7.8424112814466485,7.8424112814466485,0.04643636334836638,1.0
fusion_fixed,model1_fixed,固定 model1-B,experimental_auto_20260818_184336.jsonl,1787049838.112539,1787049858.112539,3,0.2620248794555664,nan,8.234598668500382,8.234598668500382,0.03730833626836393,1.0
fusion_fixed,model1_fixed,固定 model1-B,experimental_auto_20260818_184336.jsonl,1787049838.112539,1787049858.112539,4,0.4141349792480469,nan,9.642768353575216,9.642768353575216,0.053814220450463794,1.0
fusion_fixed,model1_fixed,固定 model1-B,experimental_auto_20260818_184336.jsonl,1787049838.112539,1787049858.112539,5,0.45975708961486816,nan,10.68073040072356,10.68073040072356,0.05770016365128357,1.0
fusion_fixed,model1_fixed,固定 model1-B,experimental_auto_20260818_184336.jsonl,1787049838.112539,1787049858.112539,6,0.5617697238922119,nan,11.345252606643918,11.345252606643918,0.05103099057134297,1.0
fusion_fixed,model1_fixed,固定 model1-B,experimental_auto_20260818_184336.jsonl,1787049838.112539,1787049858.112539,7,0.6610286235809326,nan,11.728948384375315,11.728948384375315,0.03904452953094879,1.0
fusion_fixed,model1_fixed,固定 model1-B,experimental_auto_20260818_184336.jsonl,1787049838.112539,1787049858.112539,8,0.8106985092163086,nan,11.970762723535511,11.970762723535511,0.02720283914135759,1.0
fusion_fixed,model1_fixed,固定 model1-B,experimental_auto_20260818_184336.jsonl,1787049838.112539,1787049858.112539,9,0.8625547885894775,nan,12.07644532894092,12.07644532894092,0.015218480356071857,1.0
fusion_fixed,model1_fixed,固定 model1-B,experimental_auto_20260818_184336.jsonl,1787049838.112539,1787049858.112539,10,0.9632265567779541,nan,12.075156375021944,12.075156375021944,0.0044078594184157015,1.0
fusion_fixed,model1_fixed,固定 model1-B,experimental_auto_20260818_184336.jsonl,1787049838.112539,1787049858.112539,11,1.0600128173828125,nan,12.0272729518072,12.0272729518072,-0.004428703431245706,1.0
fusion_fixed,model1_fixed,固定 model1-B,experimental_auto_20260818_184336.jsonl,1787049838.112539,1787049858.112539,12,1.2107360363006592,nan,10.857300359739952,10.857300359739952,-0.03594776161171247,1.0
fusion_fixed,model1_fixed,固定 model1-B,experimental_auto_20260818_184336.jsonl,1787049838.112539,1787049858.112539,13,1.2603068351745605,nan,9.9073958355129,9.9073958355129,-0.053918394688045185,1.0
fusion_fixed,model1_fixed,固定 model1-B,experimental_auto_20260818_184336.jsonl,1787049838.112539,1787049858.112539,14,1.362142562866211,nan,9.212024600207315,9.212024600207315,-0.05936132642907452,1.0
fusion_fixed,model1_fixed,固定 model1-B,experimental_auto_20260818_184336.jsonl,1787049838.112539,1787049858.112539,15,1.4688961505889893,nan,8.759534435246973,8.759534435246973,-0.05629053570101165,1.0
fusion_fixed,model1_fixed,固定 model1-B,experimental_auto_20260818_184336.jsonl,1787049838.112539,1787049858.112539,16,1.6116583347320557,nan,6.906962208195832,6.906962208195832,-0.0845113666974216,1.0
fusion_fixed,model1_fixed,固定 model1-B,experimental_auto_20260818_184336.jsonl,1787049838.112539,1787049858.112539,17,1.6600127220153809,nan,5.534519255491599,5.534519255491599,-0.09456511900673559,1.0
fusion_fixed,model1_fixed,固定 model1-B,experimental_auto_20260818_184336.jsonl,1787049838.112539,1787049858.112539,18,1.7623372077941895,nan,4.604568081136817,4.604568081136817,-0.08924417935671941,1.0
fusion_fixed,model1_fixed,固定 model1-B,experimental_auto_20260818_184336.jsonl,1787049838.112539,1787049858.112539,19,1.867020845413208,nan,4.053515415921948,4.053515415921948,-0.07512651302283688,1.0
fusion_fixed,model1_fixed,固定 model1-B,experimental_auto_20260818_184336.jsonl,1787049838.112539,1787049858.112539,20,2.010944366455078,nan,1.7850764264760843,1.7850764264760843,-0.10262809450846179,1.0
fusion_fixed,model1_fixed,固定 model1-B,experimental_auto_20260818_184336.jsonl,1787049838.112539,1787049858.112539,21,2.059704065322876,nan,0.1301546945687182,0.1301546945687182,-0.10999614989137081,1.0
fusion_fixed,model1_fixed,固定 model1-B,experimental_auto_20260818_184336.jsonl,1787049838.112539,1787049858.112539,22,2.15948486328125,nan,-0.9932286837237569,0.9932286837237569,-0.10076344761522407,1.0
fusion_fixed,model1_fixed,固定 model1-B,experimental_auto_20260818_184336.jsonl,1787049838.112539,1787049858.112539,23,2.261143207550049,nan,-1.6905267675836,1.6905267675836,-0.08221656042566047,1.0
fusion_fixed,model1_fixed,固定 model1-B,experimental_auto_20260818_184336.jsonl,1787049838.112539,1787049858.112539,24,2.43019962310791,nan,-3.175223964271512,3.175223964271512,-0.08820257505505183,1.0
fusion_fixed,model1_fixed,固定 model1-B,experimental_auto_20260818_184336.jsonl,1787049838.112539,1787049858.112539,25,2.4598989486694336,nan,-4.17460515627327,4.17460515627327,-0.08146922083176873,1.0
fusion_fixed,model1_fixed,固定 model1-B,experimental_auto_20260818_184336.jsonl,1787049838.112539,1787049858.112539,26,2.56058406829834,nan,-4.745323321905703,4.745323321905703,-0.0663122208970767,1.0
fusion_fixed,model1_fixed,固定 model1-B,experimental_auto_20260818_184336.jsonl,1787049838.112539,1787049858.112539,27,2.6663146018981934,nan,-5.019324414525661,5.019324414525661,-0.04727741603691108,1.0
fusion_fixed,model1_fixed,固定 model1-B,experimental_auto_20260818_184336.jsonl,1787049838.112539,1787049858.112539,28,2.863497257232666,nan,-5.545996037445223,5.545996037445223,-0.039180861247048636,1.0
fusion_fixed,model1_fixed,固定 model1-B,experimental_auto_20260818_184336.jsonl,1787049838.112539,1787049858.112539,29,2.9651572704315186,nan,-5.8437398681233095,5.8437398681233095,-0.02861732718322609,1.0
fusion_fixed,model1_fixed,固定 model1-B,experimental_auto_20260818_184336.jsonl,1787049838.112539,1787049858.112539,30,3.069736957550049,nan,-5.98464640741051,5.98464640741051,-0.017797135605558023,1.0
fusion_fixed,model1_fixed,固定 model1-B,experimental_auto_20260818_184336.jsonl,1787049838.112539,1787049858.112539,31,3.212160587310791,nan,-5.357399593110179,5.357399593110179,0.007007969826041046,1.0
fusion_fixed,model1_fixed,固定 model1-B,experimental_auto_20260818_184336.jsonl,1787049838.112539,1787049858.112539,32,3.3098092079162598,nan,-4.819827742128558,4.819827742128558,0.02214997392564272,1.0
fusion_fixed,model1_fixed,固定 model1-B,experimental_auto_20260818_184336.jsonl,1787049838.112539,1787049858.112539,33,3.363774061203003,nan,-4.389950603039006,4.389950603039006,0.030592193384324264,1.0
fusion_fixed,model1_fixed,固定 model1-B,experimental_auto_20260818_184336.jsonl,1787049838.112539,1787049858.112539,34,3.4667160511016846,nan,-4.081692496651279,4.081692496651279,0.032559556782057554,1.0
fusion_fixed,model1_fixed,固定 model1-B,experimental_auto_20260818_184336.jsonl,1787049838.112539,1787049858.112539,35,3.66230845451355,nan,-2.2804973632937764,2.2804973632937764,0.06638660095074461,1.0
fusion_fixed,model1_fixed,固定 model1-B,experimental_auto_20260818_184336.jsonl,1787049838.112539,1787049858.112539,36,3.810028553009033,nan,-0.9427077448819765,0.9427077448819765,0.07994287463509028,1.0
fusion_fixed,model1_fixed,固定 model1-B,experimental_auto_20260818_184336.jsonl,1787049838.112539,1787049858.112539,37,3.9153060913085938,nan,-0.0074938191808260335,0.0074938191808260335,0.07818809715762166,1.0
fusion_fixed,model1_fixed,固定 model1-B,experimental_auto_20260818_184336.jsonl,1787049838.112539,1787049858.112539,38,4.0599524974823,nan,1.7927201616291022,1.7927201616291022,0.09514227818047005,1.0
fusion_fixed,model1_fixed,固定 model1-B,experimental_auto_20260818_184336.jsonl,1787049838.112539,1787049858.112539,39,4.110898971557617,nan,3.058510751263044,3.058510751263044,0.09618614343754708,1.0
fusion_fixed,model1_fixed,固定 model1-B,experimental_auto_20260818_184336.jsonl,1787049838.112539,1787049858.112539,40,4.212833881378174,nan,3.8717498388426863,3.8717498388426863,0.08467139862280819,1.0
fusion_fixed,model1_fixed,固定 model1-B,experimental_auto_20260818_184336.jsonl,1787049838.112539,1787049858.112539,41,4.310210943222046,nan,4.3292558601299325,4.3292558601299325,0.0669973622687733,1.0
fusion_fixed,model1_fixed,固定 model1-B,experimental_auto_20260818_184336.jsonl,1787049838.112539,1787049858.112539,42,4.462223291397095,nan,5.883561898889478,5.883561898889478,0.07850891692813017,1.0
fusion_fixed,model1_fixed,固定 model1-B,experimental_auto_20260818_184336.jsonl,1787049838.112539,1787049858.112539,43,4.5109333992004395,nan,6.9489272926521295,6.9489272926521295,0.07658969604436539,1.0
fusion_fixed,model1_fixed,固定 model1-B,experimental_auto_20260818_184336.jsonl,1787049838.112539,1787049858.112539,44,4.61447811126709,nan,7.596190048823958,7.596190048823958,0.06450143155540372,1.0
fusion_fixed,model1_fixed,固定 model1-B,experimental_auto_20260818_184336.jsonl,1787049838.112539,1787049858.112539,45,4.715085983276367,nan,7.923791918204348,7.923791918204348,0.047886145330431076,1.0
fusion_fixed,model1_fixed,固定 model1-B,experimental_auto_20260818_184336.jsonl,1787049838.112539,1787049858.112539,46,4.861103534698486,nan,8.348026614172731,8.348026614172731,0.03797362158954127,1.0
fusion_fixed,model1_fixed,固定 model1-B,experimental_auto_20260818_184336.jsonl,1787049838.112539,1787049858.112539,47,4.911133766174316,nan,8.59064149937765,8.59064149937765,0.027019797441983365,1.0
fusion_fixed,model1_fixed,固定 model1-B,experimental_auto_20260818_184336.jsonl,1787049838.112539,1787049858.112539,48,5.014533042907715,nan,8.718777533522282,8.718777533522282,0.01655148455595282,1.0
fusion_fixed,model1_fixed,固定 model1-B,experimental_auto_20260818_184336.jsonl,1787049838.112539,1787049858.112539,49,5.115996837615967,nan,8.77745957075059,8.77745957075059,0.007621566277862914,1.0
fusion_fixed,model1_fixed,固定 model1-B,experimental_auto_20260818_184336.jsonl,1787049838.112539,1787049858.112539,50,5.262445449829102,nan,6.969346703793422,6.969346703793422,-0.04084428013423332,1.0
fusion_fixed,model1_fixed,固定 model1-B,experimental_auto_20260818_184336.jsonl,1787049838.112539,1787049858.112539,51,5.310368537902832,nan,5.5049098294171035,5.5049098294171035,-0.06841382187903107,1.0
fusion_fixed,model1_fixed,固定 model1-B,experimental_auto_20260818_184336.jsonl,1787049838.112539,1787049858.112539,52,5.412595510482788,nan,4.434053885388478,4.434053885388478,-0.0767728659138882,1.0
fusion_fixed,model1_fixed,固定 model1-B,experimental_auto_20260818_184336.jsonl,1787049838.112539,1787049858.112539,53,5.514875411987305,nan,3.717093517527592,3.717093517527592,-0.07254292803490091,1.0
fusion_fixed,model1_fixed,固定 model1-B,experimental_auto_20260818_184336.jsonl,1787049838.112539,1787049858.112539,54,5.659444808959961,nan,1.7615454021691845,1.7615454021691845,-0.09611545989178702,1.0
fusion_fixed,model1_fixed,固定 model1-B,experimental_auto_20260818_184336.jsonl,1787049838.112539,1787049858.112539,55,5.71074914932251,nan,0.3477272658008457,0.3477272658008457,-0.10125259356738622,1.0
fusion_fixed,model1_fixed,固定 model1-B,experimental_auto_20260818_184336.jsonl,1787049838.112539,1787049858.112539,56,5.810112476348877,nan,-0.5661233863783588,0.5661233863783588,-0.0912558557797654,1.0
fusion_fixed,model1_fixed,固定 model1-B,experimental_auto_20260818_184336.jsonl,1787049838.112539,1787049858.112539,57,5.915470123291016,nan,-1.091041241258972,1.091041241258972,-0.07340964611302388,1.0
fusion_fixed,model1_fixed,固定 model1-B,experimental_auto_20260818_184336.jsonl,1787049838.112539,1787049858.112539,58,6.059715509414673,nan,-2.486693408424445,2.486693408424445,-0.07944300445140216,1.0
fusion_fixed,model1_fixed,固定 model1-B,experimental_auto_20260818_184336.jsonl,1787049838.112539,1787049858.112539,59,6.1112282276153564,nan,-3.4406537256855163,3.4406537256855163,-0.07473106969067611,1.0
fusion_fixed,model1_fixed,固定 model1-B,experimental_auto_20260818_184336.jsonl,1787049838.112539,1787049858.112539,60,6.212348222732544,nan,-4.022204115894312,4.022204115894312,-0.06211018034351977,1.0
fusion_fixed,model1_fixed,固定 model1-B,experimental_auto_20260818_184336.jsonl,1787049838.112539,1787049858.112539,61,6.311481952667236,nan,-4.323407277393554,4.323407277393554,-0.04620106224589659,1.0
fusion_fixed,model1_fixed,固定 model1-B,experimental_auto_20260818_184336.jsonl,1787049838.112539,1787049858.112539,62,6.461672306060791,nan,-4.809820862744751,4.809820862744751,-0.038874855742884004,1.0
fusion_fixed,model1_fixed,固定 model1-B,experimental_auto_20260818_184336.jsonl,1787049838.112539,1787049858.112539,63,6.511640310287476,nan,-5.090448797129177,5.090448797129177,-0.029032125840509244,1.0
fusion_fixed,model1_fixed,固定 model1-B,experimental_auto_20260818_184336.jsonl,1787049838.112539,1787049858.112539,64,6.614566802978516,nan,-5.206826853986268,5.206826853986268,-0.018424153194141337,1.0
fusion_fixed,model1_fixed,固定 model1-B,experimental_auto_20260818_184336.jsonl,1787049838.112539,1787049858.112539,65,6.766797304153442,nan,-5.216147280686345,5.216147280686345,-0.008749834875605635,1.0
fusion_fixed,model1_fixed,固定 model1-B,experimental_auto_20260818_184336.jsonl,1787049838.112539,1787049858.112539,66,6.912415266036987,nan,-4.0611578475523995,4.0611578475523995,0.02406360801800486,1.0
fusion_fixed,model1_fixed,固定 model1-B,experimental_auto_20260818_184336.jsonl,1787049838.112539,1787049858.112539,67,7.014436960220337,nan,-3.1267129885310885,3.1267129885310885,0.041966700795448626,1.0
fusion_fixed,model1_fixed,固定 model1-B,experimental_auto_20260818_184336.jsonl,1787049838.112539,1787049858.112539,68,7.166884899139404,nan,-2.430101249449168,2.430101249449168,0.048026265835743626,1.0
fusion_fixed,model1_fixed,固定 model1-B,experimental_auto_20260818_184336.jsonl,1787049838.112539,1787049858.112539,69,7.310716867446899,nan,-0.7987029471391294,0.7987029471391294,0.07389127157917055,1.0
fusion_fixed,model1_fixed,固定 model1-B,experimental_auto_20260818_184336.jsonl,1787049838.112539,1787049858.112539,70,7.359850883483887,nan,0.43137502712549125,0.43137502712549125,0.08324003251531994,1.0
fusion_fixed,model1_fixed,固定 model1-B,experimental_auto_20260818_184336.jsonl,1787049838.112539,1787049858.112539,71,7.460676908493042,nan,1.2358793835743453,1.2358793835743453,0.07819533546240964,1.0
fusion_fixed,model1_fixed,固定 model1-B,experimental_auto_20260818_184336.jsonl,1787049838.112539,1787049858.112539,72,7.51326847076416,nan,1.7278518065926507,1.7278518065926507,0.06703457845439183,1.0
fusion_fixed,model1_fixed,固定 model1-B,experimental_auto_20260818_184336.jsonl,1787049838.112539,1787049858.112539,73,7.712705850601196,nan,2.3842649468777566,2.3842649468777566,0.061310045283901965,1.0
fusion_fixed,model1_fixed,固定 model1-B,experimental_auto_20260818_184336.jsonl,1787049838.112539,1787049858.112539,74,7.866102695465088,nan,2.7669494809769546,2.7669494809769546,0.05025711815365089,1.0
fusion_fixed,model1_fixed,固定 model1-B,experimental_auto_20260818_184336.jsonl,1787049838.112539,1787049858.112539,75,7.962564468383789,nan,2.9421948005757703,2.9421948005757703,0.037145883935874646,1.0
fusion_fixed,model1_fixed,固定 model1-B,experimental_auto_20260818_184336.jsonl,1787049838.112539,1787049858.112539,76,8.113688230514526,nan,3.7165105741506776,3.7165105741506776,0.04129558395931779,1.0
fusion_fixed,model1_fixed,固定 model1-B,experimental_auto_20260818_184336.jsonl,1787049838.112539,1787049858.112539,77,8.163389205932617,nan,4.2544100610593105,4.2544100610593105,0.039333789983097674,1.0
fusion_fixed,model1_fixed,固定 model1-B,experimental_auto_20260818_184336.jsonl,1787049838.112539,1787049858.112539,78,8.267577409744263,nan,4.591522419873561,4.591522419873561,0.033137443399129475,1.0
fusion_fixed,model1_fixed,固定 model1-B,experimental_auto_20260818_184336.jsonl,1787049838.112539,1787049858.112539,79,8.362587451934814,nan,4.774844883104912,4.774844883104912,0.02512876244664668,1.0
fusion_fixed,model1_fixed,固定 model1-B,experimental_auto_20260818_184336.jsonl,1787049838.112539,1787049858.112539,80,8.51162075996399,nan,5.29538585534447,5.29538585534447,0.02712950661840361,1.0
fusion_fixed,model1_fixed,固定 model1-B,experimental_auto_20260818_184336.jsonl,1787049838.112539,1787049858.112539,81,8.56375789642334,nan,5.654795947746349,5.654795947746349,0.024993255015087475,1.0
fusion_fixed,model1_fixed,固定 model1-B,experimental_auto_20260818_184336.jsonl,1787049838.112539,1787049858.112539,82,8.665889263153076,nan,5.860222833589823,5.860222833589823,0.019963420405064568,1.0
fusion_fixed,model1_fixed,固定 model1-B,experimental_auto_20260818_184336.jsonl,1787049838.112539,1787049858.112539,83,8.761769533157349,nan,5.954640544649759,5.954640544649759,0.01373156786012759,1.0
fusion_fixed,model1_fixed,固定 model1-B,experimental_auto_20260818_184336.jsonl,1787049838.112539,1787049858.112539,84,8.911317586898804,nan,5.368575155213684,5.368575155213684,-0.00579188230589496,1.0
fusion_fixed,model1_fixed,固定 model1-B,experimental_auto_20260818_184336.jsonl,1787049838.112539,1787049858.112539,85,8.962185144424438,nan,4.884710769748524,4.884710769748524,-0.01818196540802427,1.0
fusion_fixed,model1_fixed,固定 model1-B,experimental_auto_20260818_184336.jsonl,1787049838.112539,1787049858.112539,86,9.06201171875,nan,4.495621395223804,4.495621395223804,-0.023599148383619373,1.0
fusion_fixed,model1_fixed,固定 model1-B,experimental_auto_20260818_184336.jsonl,1787049838.112539,1787049858.112539,87,9.16192626953125,nan,4.219908550051055,4.219908550051055,-0.024052647189796536,1.0
fusion_fixed,model1_fixed,固定 model1-B,experimental_auto_20260818_184336.jsonl,1787049838.112539,1787049858.112539,88,9.36161732673645,nan,3.5493473919576357,3.5493473919576357,-0.032475271457637636,1.0
fusion_fixed,model1_fixed,固定 model1-B,experimental_auto_20260818_184336.jsonl,1787049838.112539,1787049858.112539,89,9.411334037780762,nan,3.0841859430515095,3.0841859430515095,-0.03484963012241514,1.0
fusion_fixed,model1_fixed,固定 model1-B,experimental_auto_20260818_184336.jsonl,1787049838.112539,1787049858.112539,90,9.460530042648315,nan,2.774863306909281,2.774863306909281,-0.03241480824855973,1.0
fusion_fixed,model1_fixed,固定 model1-B,experimental_auto_20260818_184336.jsonl,1787049838.112539,1787049858.112539,91,9.56135606765747,nan,2.601091665902011,2.601091665902011,-0.02722562638288643,1.0
fusion_fixed,model1_fixed,固定 model1-B,experimental_auto_20260818_184336.jsonl,1787049838.112539,1787049858.112539,92,9.714789152145386,nan,1.8929920529432986,1.8929920529432986,-0.036037364135683765,1.0
fusion_fixed,model1_fixed,固定 model1-B,experimental_auto_20260818_184336.jsonl,1787049838.112539,1787049858.112539,93,9.760059118270874,nan,1.3723148609049551,1.3723148609049551,-0.03803367644324989,1.0
fusion_fixed,model1_fixed,固定 model1-B,experimental_auto_20260818_184336.jsonl,1787049838.112539,1787049858.112539,94,9.862725496292114,nan,1.0617925667816719,1.0617925667816719,-0.03476111750765124,1.0
fusion_fixed,model1_fixed,固定 model1-B,experimental_auto_20260818_184336.jsonl,1787049838.112539,1787049858.112539,95,9.963640689849854,nan,0.8984326900117412,0.8984326900117412,-0.028611201615156526,1.0
fusion_fixed,model1_fixed,固定 model1-B,experimental_auto_20260818_184336.jsonl,1787049838.112539,1787049858.112539,96,10.113805294036865,nan,0.4195038062835055,0.4195038062835055,-0.0314547706165925,1.0
fusion_fixed,model1_fixed,固定 model1-B,experimental_auto_20260818_184336.jsonl,1787049838.112539,1787049858.112539,97,10.160832643508911,nan,0.07040568684566484,0.07040568684566484,-0.02966453991969924,1.0
fusion_fixed,model1_fixed,固定 model1-B,experimental_auto_20260818_184336.jsonl,1787049838.112539,1787049858.112539,98,10.260827541351318,nan,-0.12167248074176351,0.12167248074176351,-0.024419747665846946,1.0
fusion_fixed,model1_fixed,固定 model1-B,experimental_auto_20260818_184336.jsonl,1787049838.112539,1787049858.112539,99,10.361399173736572,nan,-0.230242279160775,0.230242279160775,-0.017549199929656048,1.0
fusion_fixed,model1_fixed,固定 model1-B,experimental_auto_20260818_184336.jsonl,1787049838.112539,1787049858.112539,100,10.513575553894043,nan,0.10262514215835239,0.10262514215835239,-0.0009641631348117075,1.0
fusion_fixed,model1_fixed,固定 model1-B,experimental_auto_20260818_184336.jsonl,1787049838.112539,1787049858.112539,101,10.562246561050415,nan,0.44110396995844514,0.44110396995844514,0.009857898754270162,1.0
fusion_fixed,model1_fixed,固定 model1-B,experimental_auto_20260818_184336.jsonl,1787049838.112539,1787049858.112539,102,10.662965536117554,nan,0.715217127175305,0.715217127175305,0.01523606716405611,1.0
fusion_fixed,model1_fixed,固定 model1-B,experimental_auto_20260818_184336.jsonl,1787049838.112539,1787049858.112539,103,10.760399580001831,nan,0.8852414776190698,0.8852414776190698,0.016982518652384506,1.0
fusion_fixed,model1_fixed,固定 model1-B,experimental_auto_20260818_184336.jsonl,1787049838.112539,1787049858.112539,104,10.91138219833374,nan,0.5676252344029464,0.5676252344029464,0.008365531737796052,1.0
fusion_fixed,model1_fixed,固定 model1-B,experimental_auto_20260818_184336.jsonl,1787049838.112539,1787049858.112539,105,11.01442003250122,nan,0.3429472378584375,0.3429472378584375,0.0018746742871783625,1.0
fusion_fixed,model1_fixed,固定 model1-B,experimental_auto_20260818_184336.jsonl,1787049838.112539,1787049858.112539,106,11.060298919677734,nan,0.14956696443478856,0.14956696443478856,-0.002441381147932335,1.0
fusion_fixed,model1_fixed,固定 model1-B,experimental_auto_20260818_184336.jsonl,1787049838.112539,1787049858.112539,107,11.159656524658203,nan,-0.010114728961774233,0.010114728961774233,-0.004426802721387088,1.0
fusion_fixed,model1_fixed,固定 model1-B,experimental_auto_20260818_184336.jsonl,1787049838.112539,1787049858.112539,108,11.310869693756104,nan,-0.2776528299483494,0.2776528299483494,-0.008212425161781296,1.0
fusion_fixed,model1_fixed,固定 model1-B,experimental_auto_20260818_184336.jsonl,1787049838.112539,1787049858.112539,109,11.362645864486694,nan,-0.480091431882923,0.480091431882923,-0.009637101636648014,1.0
fusion_fixed,model1_fixed,固定 model1-B,experimental_auto_20260818_184336.jsonl,1787049838.112539,1787049858.112539,110,11.461299180984497,nan,-0.6157590137519708,0.6157590137519708,-0.00890660733111174,1.0
fusion_fixed,model1_fixed,固定 model1-B,experimental_auto_20260818_184336.jsonl,1787049838.112539,1787049858.112539,111,11.61236047744751,nan,-0.7279666905484983,0.7279666905484983,-0.006625160014775231,1.0
fusion_fixed,model1_fixed,固定 model1-B,experimental_auto_20260818_184336.jsonl,1787049838.112539,1787049858.112539,112,11.761615514755249,nan,-0.7323599925761259,0.7323599925761259,-0.0037829413392291085,1.0
fusion_fixed,model1_fixed,固定 model1-B,experimental_auto_20260818_184336.jsonl,1787049838.112539,1787049858.112539,113,11.909608364105225,nan,-0.7207254127086116,0.7207254127086116,-0.0011100982274428373,1.0
fusion_fixed,model1_fixed,固定 model1-B,experimental_auto_20260818_184336.jsonl,1787049838.112539,1787049858.112539,114,12.00961446762085,nan,-0.6880765318459381,0.6880765318459381,0.0014774260123992255,1.0
fusion_fixed,model1_fixed,固定 model1-B,experimental_auto_20260818_184336.jsonl,1787049838.112539,1787049858.112539,115,12.16288447380066,nan,-0.04255983024699095,0.04255983024699095,0.01771790882086259,1.0
fusion_fixed,model1_fixed,固定 model1-B,experimental_auto_20260818_184336.jsonl,1787049838.112539,1787049858.112539,116,12.209614276885986,nan,0.4961031980291519,0.4961031980291519,0.026967859668974897,1.0
fusion_fixed,model1_fixed,固定 model1-B,experimental_auto_20260818_184336.jsonl,1787049838.112539,1787049858.112539,117,12.309699296951294,nan,0.9069098704495016,0.9069098704495016,0.029304207232493024,1.0
fusion_fixed,model1_fixed,固定 model1-B,experimental_auto_20260818_184336.jsonl,1787049838.112539,1787049858.112539,118,12.410054206848145,nan,1.1994592808829974,1.1994592808829974,0.027210750782036885,1.0
fusion_fixed,model1_fixed,固定 model1-B,experimental_auto_20260818_184336.jsonl,1787049838.112539,1787049858.112539,119,12.560288906097412,nan,1.5115149767371272,1.5115149767371272,0.025655491577569144,1.0
fusion_fixed,model1_fixed,固定 model1-B,experimental_auto_20260818_184336.jsonl,1787049838.112539,1787049858.112539,120,12.620384931564331,nan,1.7040507852255637,1.7040507852255637,0.022336652008217186,1.0
fusion_fixed,model1_fixed,固定 model1-B,experimental_auto_20260818_184336.jsonl,1787049838.112539,1787049858.112539,121,12.716663122177124,nan,1.8122894857679595,1.8122894857679595,0.01778686988726131,1.0
fusion_fixed,model1_fixed,固定 model1-B,experimental_auto_20260818_184336.jsonl,1787049838.112539,1787049858.112539,122,12.809711933135986,nan,1.8540247701465562,1.8540247701465562,0.013008294951996471,1.0
fusion_fixed,model1_fixed,固定 model1-B,experimental_auto_20260818_184336.jsonl,1787049838.112539,1787049858.112539,123,12.961876392364502,nan,2.103280377469585,2.103280377469585,0.01441256103712448,1.0
fusion_fixed,model1_fixed,固定 model1-B,experimental_auto_20260818_184336.jsonl,1787049838.112539,1787049858.112539,124,13.018863439559937,nan,2.2666822706903678,2.2666822706903678,0.013342065052099956,1.0
fusion_fixed,model1_fixed,固定 model1-B,experimental_auto_20260818_184336.jsonl,1787049838.112539,1787049858.112539,125,13.115931987762451,nan,2.3527048811899154,2.3527048811899154,0.010754801998624806,1.0
fusion_fixed,model1_fixed,固定 model1-B,experimental_auto_20260818_184336.jsonl,1787049838.112539,1787049858.112539,126,13.20950961112976,nan,2.3884105232334862,2.3884105232334862,0.007650015979352041,1.0
fusion_fixed,model1_fixed,固定 model1-B,experimental_auto_20260818_184336.jsonl,1787049838.112539,1787049858.112539,127,13.362417697906494,nan,2.8378076361629145,2.8378076361629145,0.014765051990677788,1.0
fusion_fixed,model1_fixed,固定 model1-B,experimental_auto_20260818_184336.jsonl,1787049838.112539,1787049858.112539,128,13.410524129867554,nan,3.1752487437936683,3.1752487437936683,0.01752459658333712,1.0
fusion_fixed,model1_fixed,固定 model1-B,experimental_auto_20260818_184336.jsonl,1787049838.112539,1787049858.112539,129,13.510454177856445,nan,3.4113688664829778,3.4113688664829778,0.01687236046164842,1.0
fusion_fixed,model1_fixed,固定 model1-B,experimental_auto_20260818_184336.jsonl,1787049838.112539,1787049858.112539,130,13.610069990158081,nan,3.5613703123494433,3.5613703123494433,0.014223379568367259,1.0
fusion_fixed,model1_fixed,固定 model1-B,experimental_auto_20260818_184336.jsonl,1787049838.112539,1787049858.112539,131,13.761583089828491,nan,3.7816809069752932,3.7816809069752932,0.013918063314440409,1.0
fusion_fixed,model1_fixed,固定 model1-B,experimental_auto_20260818_184336.jsonl,1787049838.112539,1787049858.112539,132,13.809916734695435,nan,3.9437899531506004,3.9437899531506004,0.012401219273056412,1.0
fusion_fixed,model1_fixed,固定 model1-B,experimental_auto_20260818_184336.jsonl,1787049838.112539,1787049858.112539,133,13.916730642318726,nan,4.04951224409621,4.04951224409621,0.009992769818711864,1.0
fusion_fixed,model1_fixed,固定 model1-B,experimental_auto_20260818_184336.jsonl,1787049838.112539,1787049858.112539,134,14.016737699508667,nan,4.117706412531874,4.117706412531874,0.007325512647605112,1.0
fusion_fixed,model1_fixed,固定 model1-B,experimental_auto_20260818_184336.jsonl,1787049838.112539,1787049858.112539,135,14.167452812194824,nan,3.6873222830021257,3.6873222830021257,-0.005624932397653982,1.0
fusion_fixed,model1_fixed,固定 model1-B,experimental_auto_20260818_184336.jsonl,1787049838.112539,1787049858.112539,136,14.21169114112854,nan,3.3382317666985184,3.3382317666985184,-0.01351209580466707,1.0
fusion_fixed,model1_fixed,固定 model1-B,experimental_auto_20260818_184336.jsonl,1787049838.112539,1787049858.112539,137,14.311766624450684,nan,3.057922986787698,3.057922986787698,-0.016694056985890895,1.0
fusion_fixed,model1_fixed,固定 model1-B,experimental_auto_20260818_184336.jsonl,1787049838.112539,1787049858.112539,138,14.464055299758911,nan,2.844891393233917,2.844891393233917,-0.01672464663867985,1.0
fusion_fixed,model1_fixed,固定 model1-B,experimental_auto_20260818_184336.jsonl,1787049838.112539,1787049858.112539,139,14.561624765396118,nan,1.968462144393468,1.968462144393468,-0.03160191663131149,1.0
fusion_fixed,model1_fixed,固定 model1-B,experimental_auto_20260818_184336.jsonl,1787049838.112539,1787049858.112539,140,14.610463857650757,nan,1.307218033697366,1.307218033697366,-0.03810436999578966,1.0
fusion_fixed,model1_fixed,固定 model1-B,experimental_auto_20260818_184336.jsonl,1787049838.112539,1787049858.112539,141,14.713693618774414,nan,0.8423627990561511,0.8423627990561511,-0.03713782331106006,1.0
fusion_fixed,model1_fixed,固定 model1-B,experimental_auto_20260818_184336.jsonl,1787049838.112539,1787049858.112539,142,14.81265115737915,nan,0.5478270142734942,0.5478270142734942,-0.0317430799331308,1.0
fusion_fixed,model1_fixed,固定 model1-B,experimental_auto_20260818_184336.jsonl,1787049838.112539,1787049858.112539,143,14.958948135375977,nan,1.615670178505868,1.615670178505868,0.00280243235308476,1.0
fusion_fixed,model1_fixed,固定 model1-B,experimental_auto_20260818_184336.jsonl,1787049838.112539,1787049858.112539,144,15.009676694869995,nan,2.54178381124337,2.54178381124337,0.025612145705201622,1.0
fusion_fixed,model1_fixed,固定 model1-B,experimental_auto_20260818_184336.jsonl,1787049838.112539,1787049858.112539,145,15.109368801116943,nan,3.2869173410633112,3.2869173410633112,0.03629823419211716,1.0
fusion_fixed,model1_fixed,固定 model1-B,experimental_auto_20260818_184336.jsonl,1787049838.112539,1787049858.112539,146,15.210468292236328,nan,3.835578525464489,3.835578525464489,0.03840439623667876,1.0
fusion_fixed,model1_fixed,固定 model1-B,experimental_auto_20260818_184336.jsonl,1787049838.112539,1787049858.112539,147,15.359055042266846,nan,-0.3504947292384153,0.3504947292384153,-0.06994051721571931,1.0
fusion_fixed,model1_fixed,固定 model1-B,experimental_auto_20260818_184336.jsonl,1787049838.112539,1787049858.112539,148,15.410789489746094,nan,-3.7607198715668644,3.7607198715668644,-0.13168217909506358,1.0
fusion_fixed,model1_fixed,固定 model1-B,experimental_auto_20260818_184336.jsonl,1787049838.112539,1787049858.112539,149,15.559116840362549,nan,-6.301787463575248,6.301787463575248,-0.1545104091262269,1.0
fusion_fixed,model1_fixed,固定 model1-B,experimental_auto_20260818_184336.jsonl,1787049838.112539,1787049858.112539,150,15.610260963439941,nan,-8.08706621727352,8.08706621727352,-0.15420379254791225,1.0
fusion_fixed,model1_fixed,固定 model1-B,experimental_auto_20260818_184336.jsonl,1787049838.112539,1787049858.112539,151,15.813114643096924,nan,-12.57051765496846,12.57051765496846,-0.21120688875776938,1.0
fusion_fixed,model1_fixed,固定 model1-B,experimental_auto_20260818_184336.jsonl,1787049838.112539,1787049858.112539,152,15.910463571548462,nan,-15.78030409217327,15.78030409217327,-0.22082195976911023,1.0
fusion_fixed,model1_fixed,固定 model1-B,experimental_auto_20260818_184336.jsonl,1787049838.112539,1787049858.112539,153,16.064760446548462,nan,-17.68024516437954,17.68024516437954,-0.19490569698478702,1.0
fusion_fixed,model1_fixed,固定 model1-B,experimental_auto_20260818_184336.jsonl,1787049838.112539,1787049858.112539,154,16.210421562194824,nan,-21.69808668254004,21.69808668254004,-0.2205815149735809,1.0
fusion_fixed,model1_fixed,固定 model1-B,experimental_auto_20260818_184336.jsonl,1787049838.112539,1787049858.112539,155,16.258946657180786,nan,-24.50587230906254,24.50587230906254,-0.21244566636005627,1.0
fusion_fixed,model1_fixed,固定 model1-B,experimental_auto_20260818_184336.jsonl,1787049838.112539,1787049858.112539,156,16.358996629714966,nan,-26.12162922632032,26.12162922632032,-0.17587090452013057,1.0
fusion_fixed,model1_fixed,固定 model1-B,experimental_auto_20260818_184336.jsonl,1787049838.112539,1787049858.112539,157,16.458874225616455,nan,-26.865762824982752,26.865762824982752,-0.12887931896586516,1.0
fusion_fixed,model1_fixed,固定 model1-B,experimental_auto_20260818_184336.jsonl,1787049838.112539,1787049858.112539,158,16.612133502960205,nan,-27.283759398827556,27.283759398827556,-0.08652956579335823,1.0
fusion_fixed,model1_fixed,固定 model1-B,experimental_auto_20260818_184336.jsonl,1787049838.112539,1787049858.112539,159,16.658637762069702,nan,-27.348237128093444,27.348237128093444,-0.046844070503898876,1.0
fusion_fixed,model1_fixed,固定 model1-B,experimental_auto_20260818_184336.jsonl,1787049838.112539,1787049858.112539,160,16.758957147598267,nan,-27.179339379103475,27.179339379103475,-0.011952246895175446,1.0
fusion_fixed,model1_fixed,固定 model1-B,experimental_auto_20260818_184336.jsonl,1787049838.112539,1787049858.112539,161,16.858806610107422,nan,-26.807728253780105,26.807728253780105,0.01867022841453502,1.0
fusion_fixed,model1_fixed,固定 model1-B,experimental_auto_20260818_184336.jsonl,1787049838.112539,1787049858.112539,162,17.011986017227173,nan,-22.953558466712497,22.953558466712497,0.12001545277725414,1.0
fusion_fixed,model1_fixed,固定 model1-B,experimental_auto_20260818_184336.jsonl,1787049838.112539,1787049858.112539,163,17.059462785720825,nan,-19.88076543746641,19.88076543746641,0.17764454516233777,1.0
fusion_fixed,model1_fixed,固定 model1-B,experimental_auto_20260818_184336.jsonl,1787049838.112539,1787049858.112539,164,17.159584999084473,nan,-17.642098855588973,17.642098855588973,0.1965187340840425,1.0
fusion_fixed,model1_fixed,固定 model1-B,experimental_auto_20260818_184336.jsonl,1787049838.112539,1787049858.112539,165,17.25882863998413,nan,-16.164389746875308,16.164389746875308,0.18865772058111382,1.0
fusion_fixed,model1_fixed,固定 model1-B,experimental_auto_20260818_184336.jsonl,1787049838.112539,1787049858.112539,166,17.413463830947876,nan,-12.257917448247069,12.257917448247069,0.2333039104378673,1.0
fusion_fixed,model1_fixed,固定 model1-B,experimental_auto_20260818_184336.jsonl,1787049838.112539,1787049858.112539,167,17.458993911743164,nan,-9.502007941072533,9.502007941072533,0.24050677490082747,1.0
fusion_fixed,model1_fixed,固定 model1-B,experimental_auto_20260818_184336.jsonl,1787049838.112539,1787049858.112539,168,17.55876874923706,nan,-7.743231461338185,7.743231461338185,0.21960813573706447,1.0
fusion_fixed,model1_fixed,固定 model1-B,experimental_auto_20260818_184336.jsonl,1787049838.112539,1787049858.112539,169,17.658480167388916,nan,-6.800370578948101,6.800370578948101,0.18207390293769532,1.0
fusion_fixed,model1_fixed,固定 model1-B,experimental_auto_20260818_184336.jsonl,1787049838.112539,1787049858.112539,170,17.81300377845764,nan,-3.9758510597772356,3.9758510597772356,0.19479824200428147,1.0
fusion_fixed,model1_fixed,固定 model1-B,experimental_auto_20260818_184336.jsonl,1787049838.112539,1787049858.112539,171,17.85883903503418,nan,-2.0834716809602583,2.0834716809602583,0.18353406717979448,1.0
fusion_fixed,model1_fixed,固定 model1-B,experimental_auto_20260818_184336.jsonl,1787049838.112539,1787049858.112539,172,17.958757877349854,nan,-0.9722958085468636,0.9722958085468636,0.15521109239279587,1.0
fusion_fixed,model1_fixed,固定 model1-B,experimental_auto_20260818_184336.jsonl,1787049838.112539,1787049858.112539,173,18.058706045150757,nan,-0.4400067660011442,0.4400067660011442,0.12036088913991022,1.0
fusion_fixed,model1_fixed,固定 model1-B,experimental_auto_20260818_184336.jsonl,1787049838.112539,1787049858.112539,174,18.21170473098755,nan,0.14750639798888354,0.14750639798888354,0.09645673607560117,1.0
fusion_fixed,model1_fixed,固定 model1-B,experimental_auto_20260818_184336.jsonl,1787049838.112539,1787049858.112539,175,18.258769035339355,nan,0.40839522623703495,0.40839522623703495,0.07132649901579699,1.0
fusion_fixed,model1_fixed,固定 model1-B,experimental_auto_20260818_184336.jsonl,1787049838.112539,1787049858.112539,176,18.3586323261261,nan,0.4462759905840441,0.4462759905840441,0.04894002078894248,1.0
fusion_fixed,model1_fixed,固定 model1-B,experimental_auto_20260818_184336.jsonl,1787049838.112539,1787049858.112539,177,18.45886516571045,nan,0.3725959742028162,0.3725959742028162,0.030984365061663032,1.0
fusion_fixed,model1_fixed,固定 model1-B,experimental_auto_20260818_184336.jsonl,1787049838.112539,1787049858.112539,178,18.612242937088013,nan,-1.1303762671228457,1.1303762671228457,-0.013605598133188134,1.0
fusion_fixed,model1_fixed,固定 model1-B,experimental_auto_20260818_184336.jsonl,1787049838.112539,1787049858.112539,179,18.65889263153076,nan,-2.352588735919614,2.352588735919614,-0.040261758261858946,1.0
fusion_fixed,model1_fixed,固定 model1-B,experimental_auto_20260818_184336.jsonl,1787049838.112539,1787049858.112539,180,18.758700847625732,nan,-3.255690952729895,3.255690952729895,-0.049354268974852754,1.0
fusion_fixed,model1_fixed,固定 model1-B,experimental_auto_20260818_184336.jsonl,1787049838.112539,1787049858.112539,181,18.859367609024048,nan,-3.8642260870337175,3.8642260870337175,-0.04698766432697005,1.0
fusion_fixed,model1_fixed,固定 model1-B,experimental_auto_20260818_184336.jsonl,1787049838.112539,1787049858.112539,182,19.012109994888306,nan,-5.628208364522624,5.628208364522624,-0.07035227159484407,1.0
fusion_fixed,model1_fixed,固定 model1-B,experimental_auto_20260818_184336.jsonl,1787049838.112539,1787049858.112539,183,19.05861783027649,nan,-6.9342621955068235,6.9342621955068235,-0.07732241807989529,1.0
fusion_fixed,model1_fixed,固定 model1-B,experimental_auto_20260818_184336.jsonl,1787049838.112539,1787049858.112539,184,19.158856630325317,nan,-7.824167546507821,7.824167546507821,-0.07010831718475828,1.0
fusion_fixed,model1_fixed,固定 model1-B,experimental_auto_20260818_184336.jsonl,1787049838.112539,1787049858.112539,185,19.25898790359497,nan,-8.359616581772078,8.359616581772078,-0.055592470062521715,1.0
fusion_fixed,model1_fixed,固定 model1-B,experimental_auto_20260818_184336.jsonl,1787049838.112539,1787049858.112539,186,19.810859203338623,nan,-8.83903845496028,8.83903845496028,0.0,1.0
fusion_fixed,model1_fixed,固定 model1-B,experimental_auto_20260818_184336.jsonl,1787049838.112539,1787049858.112539,187,19.857154369354248,nan,-8.838284355868787,8.838284355868787,0.00017013012781653058,1.0
fusion_fixed,model1_fixed,固定 model1-B,experimental_auto_20260818_184336.jsonl,1787049838.112539,1787049858.112539,188,19.908365726470947,nan,-8.838875245321221,8.838875245321221,0.002253830203498345,1.0
fusion_fixed,model2_fixed,固定 model2-A,experimental_auto_20260818_184822.jsonl,1787050122.6805718,1787050142.6805718,0,0.06952524185180664,nan,1.8438651488662638,1.8438651488662638,0.00679166756365157,0.0
fusion_fixed,model2_fixed,固定 model2-A,experimental_auto_20260818_184822.jsonl,1787050122.6805718,1787050142.6805718,1,0.2199106216430664,nan,2.300971970659915,2.300971970659915,0.013760889136296247,0.0
fusion_fixed,model2_fixed,固定 model2-A,experimental_auto_20260818_184822.jsonl,1787050122.6805718,1787050142.6805718,2,0.26772022247314453,nan,2.6391846205029768,2.6391846205029768,0.016848047621162644,0.0
fusion_fixed,model2_fixed,固定 model2-A,experimental_auto_20260818_184822.jsonl,1787050122.6805718,1787050142.6805718,3,0.3727998733520508,nan,2.8740424909827977,2.8740424909827977,0.015648990482717114,0.0
fusion_fixed,model2_fixed,固定 model2-A,experimental_auto_20260818_184822.jsonl,1787050122.6805718,1787050142.6805718,4,0.47267937660217285,nan,3.006058885572105,3.006058885572105,0.012660580960591625,0.0
fusion_fixed,model2_fixed,固定 model2-A,experimental_auto_20260818_184822.jsonl,1787050122.6805718,1787050142.6805718,5,0.6171877384185791,nan,3.598609401096653,3.598609401096653,0.01985837429897,0.0
fusion_fixed,model2_fixed,固定 model2-A,experimental_auto_20260818_184822.jsonl,1787050122.6805718,1787050142.6805718,6,0.666933536529541,nan,4.025721562771867,4.025721562771867,0.021665191240969252,0.0
fusion_fixed,model2_fixed,固定 model2-A,experimental_auto_20260818_184822.jsonl,1787050122.6805718,1787050142.6805718,7,0.7723636627197266,nan,4.317953396694573,4.317953396694573,0.01921246387396494,0.0
fusion_fixed,model2_fixed,固定 model2-A,experimental_auto_20260818_184822.jsonl,1787050122.6805718,1787050142.6805718,8,0.8730897903442383,nan,4.4953929416071015,4.4953929416071015,0.014409485947311831,0.0
fusion_fixed,model2_fixed,固定 model2-A,experimental_auto_20260818_184822.jsonl,1787050122.6805718,1787050142.6805718,9,1.0688648223876953,nan,5.340717883532653,5.340717883532653,0.025726340818771634,0.0
fusion_fixed,model2_fixed,固定 model2-A,experimental_auto_20260818_184822.jsonl,1787050122.6805718,1787050142.6805718,10,1.16945219039917,nan,5.96425250737056,5.96425250737056,0.02851808303610299,0.0
fusion_fixed,model2_fixed,固定 model2-A,experimental_auto_20260818_184822.jsonl,1787050122.6805718,1787050142.6805718,11,1.2709324359893799,nan,6.391119579777094,6.391119579777094,0.025524715244223454,0.0
fusion_fixed,model2_fixed,固定 model2-A,experimental_auto_20260818_184822.jsonl,1787050122.6805718,1787050142.6805718,12,1.4682083129882812,nan,6.808612041330808,6.808612041330808,0.022734397611600607,0.0
fusion_fixed,model2_fixed,固定 model2-A,experimental_auto_20260818_184822.jsonl,1787050122.6805718,1787050142.6805718,13,1.5688540935516357,nan,7.053173505628174,7.053173505628174,0.016539850292785974,0.0
fusion_fixed,model2_fixed,固定 model2-A,experimental_auto_20260818_184822.jsonl,1787050122.6805718,1787050142.6805718,14,1.6667096614837646,nan,7.16647338321229,7.16647338321229,0.008974828439163569,0.0
fusion_fixed,model2_fixed,固定 model2-A,experimental_auto_20260818_184822.jsonl,1787050122.6805718,1787050142.6805718,15,1.818082571029663,nan,7.105480331015435,7.105480331015435,-0.0003448002088516644,0.0
fusion_fixed,model2_fixed,固定 model2-A,experimental_auto_20260818_184822.jsonl,1787050122.6805718,1787050142.6805718,16,1.8675498962402344,nan,7.011569951598484,7.011569951598484,-0.008149564281546399,0.0
fusion_fixed,model2_fixed,固定 model2-A,experimental_auto_20260818_184822.jsonl,1787050122.6805718,1787050142.6805718,17,2.0181188583374023,nan,6.906018927687041,6.906018927687041,-0.013497539241464743,0.0
fusion_fixed,model2_fixed,固定 model2-A,experimental_auto_20260818_184822.jsonl,1787050122.6805718,1787050142.6805718,18,2.1178834438323975,nan,6.814779752205558,6.814779752205558,-0.016690005148880367,0.0
fusion_fixed,model2_fixed,固定 model2-A,experimental_auto_20260818_184822.jsonl,1787050122.6805718,1787050142.6805718,19,2.216599464416504,nan,6.99313212763254,6.99313212763254,-0.012610484553176074,0.0
fusion_fixed,model2_fixed,固定 model2-A,experimental_auto_20260818_184822.jsonl,1787050122.6805718,1787050142.6805718,20,2.320712089538574,nan,7.159849323739397,7.159849323739397,-0.00982134055702099,0.0
fusion_fixed,model2_fixed,固定 model2-A,experimental_auto_20260818_184822.jsonl,1787050122.6805718,1787050142.6805718,21,2.4166154861450195,nan,7.305116846866911,7.305116846866911,-0.008359177566028157,0.0
fusion_fixed,model2_fixed,固定 model2-A,experimental_auto_20260818_184822.jsonl,1787050122.6805718,1787050142.6805718,22,2.517061471939087,nan,7.430430960344703,7.430430960344703,-0.007864373880679322,0.0
fusion_fixed,model2_fixed,固定 model2-A,experimental_auto_20260818_184822.jsonl,1787050122.6805718,1787050142.6805718,23,2.666760206222534,nan,7.389643691285752,7.389643691285752,-0.01139587975565641,0.0
fusion_fixed,model2_fixed,固定 model2-A,experimental_auto_20260818_184822.jsonl,1787050122.6805718,1787050142.6805718,24,2.720862627029419,nan,7.36797698439492,7.36797698439492,-0.01350907771799709,0.0
fusion_fixed,model2_fixed,固定 model2-A,experimental_auto_20260818_184822.jsonl,1787050122.6805718,1787050142.6805718,25,2.82362961769104,nan,7.361638706617879,7.361638706617879,-0.014618742139094264,0.0
fusion_fixed,model2_fixed,固定 model2-A,experimental_auto_20260818_184822.jsonl,1787050122.6805718,1787050142.6805718,26,2.918458938598633,nan,7.364048652591748,7.364048652591748,-0.015118081145995908,0.0
fusion_fixed,model2_fixed,固定 model2-A,experimental_auto_20260818_184822.jsonl,1787050122.6805718,1787050142.6805718,27,3.067214250564575,nan,7.2640101733634,7.2640101733634,-0.01771860589895316,0.0
fusion_fixed,model2_fixed,固定 model2-A,experimental_auto_20260818_184822.jsonl,1787050122.6805718,1787050142.6805718,28,3.1198246479034424,nan,7.191117504140621,7.191117504140621,-0.019043036342719345,0.0
fusion_fixed,model2_fixed,固定 model2-A,experimental_auto_20260818_184822.jsonl,1787050122.6805718,1787050142.6805718,29,3.2188003063201904,nan,7.143884272965051,7.143884272965051,-0.01923895784028465,0.0
fusion_fixed,model2_fixed,固定 model2-A,experimental_auto_20260818_184822.jsonl,1787050122.6805718,1787050142.6805718,30,3.3165345191955566,nan,7.119778114621966,7.119778114621966,-0.018713253081641068,0.0
fusion_fixed,model2_fixed,固定 model2-A,experimental_auto_20260818_184822.jsonl,1787050122.6805718,1787050142.6805718,31,3.467806577682495,nan,7.8256913534306864,7.8256913534306864,-0.0017467010798504663,0.0
fusion_fixed,model2_fixed,固定 model2-A,experimental_auto_20260818_184822.jsonl,1787050122.6805718,1787050142.6805718,32,3.5214576721191406,nan,8.399940243841753,8.399940243841753,0.007915512705771626,0.0
fusion_fixed,model2_fixed,固定 model2-A,experimental_auto_20260818_184822.jsonl,1787050122.6805718,1787050142.6805718,33,3.6186280250549316,nan,8.826906875612138,8.826906875612138,0.010685818791576665,0.0
fusion_fixed,model2_fixed,固定 model2-A,experimental_auto_20260818_184822.jsonl,1787050122.6805718,1787050142.6805718,34,3.7191781997680664,nan,9.117378654059927,9.117378654059927,0.008843180804146327,0.0
fusion_fixed,model2_fixed,固定 model2-A,experimental_auto_20260818_184822.jsonl,1787050122.6805718,1787050142.6805718,35,3.871352434158325,nan,10.080762315205394,10.080762315205394,0.022203995959263957,0.0
fusion_fixed,model2_fixed,固定 model2-A,experimental_auto_20260818_184822.jsonl,1787050122.6805718,1787050142.6805718,36,3.9197003841400146,nan,10.815259331169791,10.815259331169791,0.026900931130074884,0.0
fusion_fixed,model2_fixed,固定 model2-A,experimental_auto_20260818_184822.jsonl,1787050122.6805718,1787050142.6805718,37,4.020623207092285,nan,11.331680491101636,11.331680491101636,0.024132377597937814,0.0
fusion_fixed,model2_fixed,固定 model2-A,experimental_auto_20260818_184822.jsonl,1787050122.6805718,1787050142.6805718,38,4.118591070175171,nan,11.663980948164255,11.663980948164255,0.017015309103822207,0.0
fusion_fixed,model2_fixed,固定 model2-A,experimental_auto_20260818_184822.jsonl,1787050122.6805718,1787050142.6805718,39,4.27154016494751,nan,12.184331752357414,12.184331752357414,0.015552645825261734,0.0
fusion_fixed,model2_fixed,固定 model2-A,experimental_auto_20260818_184822.jsonl,1787050122.6805718,1787050142.6805718,40,4.3192126750946045,nan,12.512697136866901,12.512697136866901,0.010105522439274676,0.0
fusion_fixed,model2_fixed,固定 model2-A,experimental_auto_20260818_184822.jsonl,1787050122.6805718,1787050142.6805718,41,4.421597480773926,nan,12.695098799109704,12.695098799109704,0.002424056127329397,0.0
fusion_fixed,model2_fixed,固定 model2-A,experimental_auto_20260818_184822.jsonl,1787050122.6805718,1787050142.6805718,42,4.519137859344482,nan,12.773055408115175,12.773055408115175,-0.0056682640463391575,0.0
fusion_fixed,model2_fixed,固定 model2-A,experimental_auto_20260818_184822.jsonl,1787050122.6805718,1787050142.6805718,43,4.691704273223877,nan,12.229715039599142,12.229715039599142,-0.02550310173974808,0.0
fusion_fixed,model2_fixed,固定 model2-A,experimental_auto_20260818_184822.jsonl,1787050122.6805718,1787050142.6805718,44,4.716439962387085,nan,11.755845335959048,11.755845335959048,-0.03863627165792982,0.0
fusion_fixed,model2_fixed,固定 model2-A,experimental_auto_20260818_184822.jsonl,1787050122.6805718,1787050142.6805718,45,4.8197760581970215,nan,11.382358682663373,11.382358682663373,-0.044705683233113,0.0
fusion_fixed,model2_fixed,固定 model2-A,experimental_auto_20260818_184822.jsonl,1787050122.6805718,1787050142.6805718,46,4.922117233276367,nan,11.111366338266526,11.111366338266526,-0.04573262947700884,0.0
fusion_fixed,model2_fixed,固定 model2-A,experimental_auto_20260818_184822.jsonl,1787050122.6805718,1787050142.6805718,47,5.118462324142456,nan,10.06432195815301,10.06432195815301,-0.06318670672797896,0.0
fusion_fixed,model2_fixed,固定 model2-A,experimental_auto_20260818_184822.jsonl,1787050122.6805718,1787050142.6805718,48,5.221477270126343,nan,9.279365036367404,9.279365036367404,-0.06895594195235688,0.0
fusion_fixed,model2_fixed,固定 model2-A,experimental_auto_20260818_184822.jsonl,1787050122.6805718,1787050142.6805718,49,5.3208534717559814,nan,8.735589949534084,8.735589949534084,-0.06658597713536817,0.0
fusion_fixed,model2_fixed,固定 model2-A,experimental_auto_20260818_184822.jsonl,1787050122.6805718,1787050142.6805718,50,5.467482328414917,nan,7.585764061741607,7.585764061741607,-0.07733411242983534,0.0
fusion_fixed,model2_fixed,固定 model2-A,experimental_auto_20260818_184822.jsonl,1787050122.6805718,1787050142.6805718,51,5.5175206661224365,nan,6.768044277555719,6.768044277555719,-0.0782389027276271,0.0
fusion_fixed,model2_fixed,固定 model2-A,experimental_auto_20260818_184822.jsonl,1787050122.6805718,1787050142.6805718,52,5.618209600448608,nan,6.231920266258784,6.231920266258784,-0.07118294152979533,0.0
fusion_fixed,model2_fixed,固定 model2-A,experimental_auto_20260818_184822.jsonl,1787050122.6805718,1787050142.6805718,53,5.721617698669434,nan,5.92801746650744,5.92801746650744,-0.060084395747103836,0.0
fusion_fixed,model2_fixed,固定 model2-A,experimental_auto_20260818_184822.jsonl,1787050122.6805718,1787050142.6805718,54,5.916960954666138,nan,5.461730460563774,5.461730460563774,-0.05491483581176079,0.0
fusion_fixed,model2_fixed,固定 model2-A,experimental_auto_20260818_184822.jsonl,1787050122.6805718,1787050142.6805718,55,6.01900315284729,nan,5.208400097176913,5.208400097176913,-0.046891750478428,0.0
fusion_fixed,model2_fixed,固定 model2-A,experimental_auto_20260818_184822.jsonl,1787050122.6805718,1787050142.6805718,56,6.121548891067505,nan,5.099776023628655,5.099776023628655,-0.038136630940428906,0.0
fusion_fixed,model2_fixed,固定 model2-A,experimental_auto_20260818_184822.jsonl,1787050122.6805718,1787050142.6805718,57,6.316620588302612,nan,5.310025647209649,5.310025647209649,-0.02562067447276204,0.0
fusion_fixed,model2_fixed,固定 model2-A,experimental_auto_20260818_184822.jsonl,1787050122.6805718,1787050142.6805718,58,6.367510080337524,nan,5.497396197347538,5.497396197347538,-0.015560554976606493,0.0
fusion_fixed,model2_fixed,固定 model2-A,experimental_auto_20260818_184822.jsonl,1787050122.6805718,1787050142.6805718,59,6.468365907669067,nan,5.679353771619445,5.679353771619445,-0.009391894946724343,0.0
fusion_fixed,model2_fixed,固定 model2-A,experimental_auto_20260818_184822.jsonl,1787050122.6805718,1787050142.6805718,60,6.568660020828247,nan,5.823398448019024,5.823398448019024,-0.0062499558349156225,0.0
fusion_fixed,model2_fixed,固定 model2-A,experimental_auto_20260818_184822.jsonl,1787050122.6805718,1787050142.6805718,61,6.7190117835998535,nan,6.54783697302207,6.54783697302207,0.008613924573841305,0.0
fusion_fixed,model2_fixed,固定 model2-A,experimental_auto_20260818_184822.jsonl,1787050122.6805718,1787050142.6805718,62,6.766524076461792,nan,7.109294071339645,7.109294071339645,0.01612921224292358,0.0
fusion_fixed,model2_fixed,固定 model2-A,experimental_auto_20260818_184822.jsonl,1787050122.6805718,1787050142.6805718,63,6.86698579788208,nan,7.505004405847027,7.505004405847027,0.016430741937605162,0.0
fusion_fixed,model2_fixed,固定 model2-A,experimental_auto_20260818_184822.jsonl,1787050122.6805718,1787050142.6805718,64,6.969614505767822,nan,7.762581638970212,7.762581638970212,0.012654367671738193,0.0
fusion_fixed,model2_fixed,固定 model2-A,experimental_auto_20260818_184822.jsonl,1787050122.6805718,1787050142.6805718,65,7.12283182144165,nan,8.470804207243344,8.470804207243344,0.019601582438313205,0.0
fusion_fixed,model2_fixed,固定 model2-A,experimental_auto_20260818_184822.jsonl,1787050122.6805718,1787050142.6805718,66,7.16928768157959,nan,8.973715672978654,8.973715672978654,0.020197973840741283,0.0
fusion_fixed,model2_fixed,固定 model2-A,experimental_auto_20260818_184822.jsonl,1787050122.6805718,1787050142.6805718,67,7.268665790557861,nan,9.302187005241603,9.302187005241603,0.0158868150669396,0.0
fusion_fixed,model2_fixed,固定 model2-A,experimental_auto_20260818_184822.jsonl,1787050122.6805718,1787050142.6805718,68,7.368156433105469,nan,9.492787603292951,9.492787603292951,0.009125589334423109,0.0
fusion_fixed,model2_fixed,固定 model2-A,experimental_auto_20260818_184822.jsonl,1787050122.6805718,1787050142.6805718,69,7.519845485687256,nan,9.097276933335586,9.097276933335586,-0.009294010806153453,0.0
fusion_fixed,model2_fixed,固定 model2-A,experimental_auto_20260818_184822.jsonl,1787050122.6805718,1787050142.6805718,70,7.56802773475647,nan,8.733864125287916,8.733864125287916,-0.022267993844728988,0.0
fusion_fixed,model2_fixed,固定 model2-A,experimental_auto_20260818_184822.jsonl,1787050122.6805718,1787050142.6805718,71,7.67215633392334,nan,8.430047558218545,8.430047558218545,-0.029355185158455588,0.0
fusion_fixed,model2_fixed,固定 model2-A,experimental_auto_20260818_184822.jsonl,1787050122.6805718,1787050142.6805718,72,7.768421411514282,nan,8.196498736384472,8.196498736384472,-0.03198688354441657,0.0
fusion_fixed,model2_fixed,固定 model2-A,experimental_auto_20260818_184822.jsonl,1787050122.6805718,1787050142.6805718,73,7.917026519775391,nan,7.9187605142437505,7.9187605142437505,-0.034078553263780696,0.0
fusion_fixed,model2_fixed,固定 model2-A,experimental_auto_20260818_184822.jsonl,1787050122.6805718,1787050142.6805718,74,7.9703779220581055,nan,7.721277560766959,7.721277560766959,-0.03405225701270125,0.0
fusion_fixed,model2_fixed,固定 model2-A,experimental_auto_20260818_184822.jsonl,1787050122.6805718,1787050142.6805718,75,8.068798542022705,nan,7.587250699689207,7.587250699689207,-0.03184940898468491,0.0
fusion_fixed,model2_fixed,固定 model2-A,experimental_auto_20260818_184822.jsonl,1787050122.6805718,1787050142.6805718,76,8.168927669525146,nan,7.492726641083847,7.492726641083847,-0.028916763570653252,0.0
fusion_fixed,model2_fixed,固定 model2-A,experimental_auto_20260818_184822.jsonl,1787050122.6805718,1787050142.6805718,77,8.320056676864624,nan,7.398663761523483,7.398663761523483,-0.0262707380030898,0.0
fusion_fixed,model2_fixed,固定 model2-A,experimental_auto_20260818_184822.jsonl,1787050122.6805718,1787050142.6805718,78,8.369823455810547,nan,7.348349131796617,7.348349131796617,-0.02369956017769694,0.0
fusion_fixed,model2_fixed,固定 model2-A,experimental_auto_20260818_184822.jsonl,1787050122.6805718,1787050142.6805718,79,8.469146728515625,nan,7.311662689002607,7.311662689002607,-0.02120741674130559,0.0
fusion_fixed,model2_fixed,固定 model2-A,experimental_auto_20260818_184822.jsonl,1787050122.6805718,1787050142.6805718,80,8.56838345527649,nan,7.285637900698127,7.285637900698127,-0.01915905523439731,0.0
fusion_fixed,model2_fixed,固定 model2-A,experimental_auto_20260818_184822.jsonl,1787050122.6805718,1787050142.6805718,81,8.716602325439453,nan,7.428058068901954,7.428058068901954,-0.013659912000910397,0.0
fusion_fixed,model2_fixed,固定 model2-A,experimental_auto_20260818_184822.jsonl,1787050122.6805718,1787050142.6805718,82,8.76806902885437,nan,7.559590145975581,7.559590145975581,-0.010429326592496324,0.0
fusion_fixed,model2_fixed,固定 model2-A,experimental_auto_20260818_184822.jsonl,1787050122.6805718,1787050142.6805718,83,8.868050336837769,nan,7.664888630728283,7.664888630728283,-0.008912572886640924,0.0
fusion_fixed,model2_fixed,固定 model2-A,experimental_auto_20260818_184822.jsonl,1787050122.6805718,1787050142.6805718,84,8.972645044326782,nan,7.742580389473086,7.742580389473086,-0.008846528824259247,0.0
fusion_fixed,model2_fixed,固定 model2-A,experimental_auto_20260818_184822.jsonl,1787050122.6805718,1787050142.6805718,85,9.167321920394897,nan,8.015600196750306,8.015600196750306,-0.005230359796544914,0.0
fusion_fixed,model2_fixed,固定 model2-A,experimental_auto_20260818_184822.jsonl,1787050122.6805718,1787050142.6805718,86,9.267545700073242,nan,8.219902441845207,8.219902441845207,-0.004500480315555841,0.0
fusion_fixed,model2_fixed,固定 model2-A,experimental_auto_20260818_184822.jsonl,1787050122.6805718,1787050142.6805718,87,9.373909711837769,nan,8.363065539072156,8.363065539072156,-0.005726619579737053,0.0
fusion_fixed,model2_fixed,固定 model2-A,experimental_auto_20260818_184822.jsonl,1787050122.6805718,1787050142.6805718,88,9.518637418746948,nan,8.653867479946499,8.653867479946499,-0.003799263192491107,0.0
fusion_fixed,model2_fixed,固定 model2-A,experimental_auto_20260818_184822.jsonl,1787050122.6805718,1787050142.6805718,89,9.56919002532959,nan,8.85393595867784,8.85393595867784,-0.0039044772556817977,0.0
fusion_fixed,model2_fixed,固定 model2-A,experimental_auto_20260818_184822.jsonl,1787050122.6805718,1787050142.6805718,90,9.672046899795532,nan,8.998975303566192,8.998975303566192,-0.005748427197697322,0.0
fusion_fixed,model2_fixed,固定 model2-A,experimental_auto_20260818_184822.jsonl,1787050122.6805718,1787050142.6805718,91,9.81942367553711,nan,9.092877989746107,9.092877989746107,-0.008474585534954964,0.0
fusion_fixed,model2_fixed,固定 model2-A,experimental_auto_20260818_184822.jsonl,1787050122.6805718,1787050142.6805718,92,9.916816234588623,nan,9.369362926594638,9.369362926594638,-0.006124624840853278,0.0
fusion_fixed,model2_fixed,固定 model2-A,experimental_auto_20260818_184822.jsonl,1787050122.6805718,1787050142.6805718,93,10.020105600357056,nan,9.567299588848144,9.567299588848144,-0.006268649289900452,0.0
fusion_fixed,model2_fixed,固定 model2-A,experimental_auto_20260818_184822.jsonl,1787050122.6805718,1787050142.6805718,94,10.12230634689331,nan,9.698025167554869,9.698025167554869,-0.007974623213508687,0.0
fusion_fixed,model2_fixed,固定 model2-A,experimental_auto_20260818_184822.jsonl,1787050122.6805718,1787050142.6805718,95,10.216807126998901,nan,9.772509147360353,9.772509147360353,-0.010484162374637968,0.0
fusion_fixed,model2_fixed,固定 model2-A,experimental_auto_20260818_184822.jsonl,1787050122.6805718,1787050142.6805718,96,10.370408296585083,nan,9.444164989644676,9.444164989644676,-0.021349052700629305,0.0
fusion_fixed,model2_fixed,固定 model2-A,experimental_auto_20260818_184822.jsonl,1787050122.6805718,1787050142.6805718,97,10.417696475982666,nan,9.165452423632248,9.165452423632248,-0.028337707830552478,0.0
fusion_fixed,model2_fixed,固定 model2-A,experimental_auto_20260818_184822.jsonl,1787050122.6805718,1787050142.6805718,98,10.519973278045654,nan,8.944410893267785,8.944410893267785,-0.0313604283187317,0.0
fusion_fixed,model2_fixed,固定 model2-A,experimental_auto_20260818_184822.jsonl,1787050122.6805718,1787050142.6805718,99,10.616764307022095,nan,8.788017686318138,8.788017686318138,-0.031503478368024855,0.0
fusion_fixed,model2_fixed,固定 model2-A,experimental_auto_20260818_184822.jsonl,1787050122.6805718,1787050142.6805718,100,10.770270109176636,nan,8.851221557035338,8.851221557035338,-0.02614842345919987,0.0
fusion_fixed,model2_fixed,固定 model2-A,experimental_auto_20260818_184822.jsonl,1787050122.6805718,1787050142.6805718,101,10.817431211471558,nan,8.928895050446084,8.928895050446084,-0.022019148259561763,0.0
fusion_fixed,model2_fixed,固定 model2-A,experimental_auto_20260818_184822.jsonl,1787050122.6805718,1787050142.6805718,102,10.920839071273804,nan,8.993014560923562,8.993014560923562,-0.019315982112346274,0.0
fusion_fixed,model2_fixed,固定 model2-A,experimental_auto_20260818_184822.jsonl,1787050122.6805718,1787050142.6805718,103,11.01668095588684,nan,9.037584736703053,9.037584736703053,-0.017894365758284035,0.0
fusion_fixed,model2_fixed,固定 model2-A,experimental_auto_20260818_184822.jsonl,1787050122.6805718,1787050142.6805718,104,11.169885873794556,nan,8.661456762075638,8.661456762075638,-0.026452458114196813,0.0
fusion_fixed,model2_fixed,固定 model2-A,experimental_auto_20260818_184822.jsonl,1787050122.6805718,1787050142.6805718,105,11.216550588607788,nan,8.356663451719616,8.356663451719616,-0.031377744179086474,0.0
fusion_fixed,model2_fixed,固定 model2-A,experimental_auto_20260818_184822.jsonl,1787050122.6805718,1787050142.6805718,106,11.321796894073486,nan,8.11963721004253,8.11963721004253,-0.033005582987539486,0.0
fusion_fixed,model2_fixed,固定 model2-A,experimental_auto_20260818_184822.jsonl,1787050122.6805718,1787050142.6805718,107,11.416958332061768,nan,7.953642113024905,7.953642113024905,-0.03224350039498265,0.0
fusion_fixed,model2_fixed,固定 model2-A,experimental_auto_20260818_184822.jsonl,1787050122.6805718,1787050142.6805718,108,11.570840120315552,nan,7.794394784222803,7.794394784222803,-0.031126128510138597,0.0
fusion_fixed,model2_fixed,固定 model2-A,experimental_auto_20260818_184822.jsonl,1787050122.6805718,1787050142.6805718,109,11.618226766586304,nan,7.697257652019918,7.697257652019918,-0.02905817561143225,0.0
fusion_fixed,model2_fixed,固定 model2-A,experimental_auto_20260818_184822.jsonl,1787050122.6805718,1787050142.6805718,110,11.722757339477539,nan,7.647965354240727,7.647965354240727,-0.026277081219716086,0.0
fusion_fixed,model2_fixed,固定 model2-A,experimental_auto_20260818_184822.jsonl,1787050122.6805718,1787050142.6805718,111,11.81907033920288,nan,7.634497949445707,7.634497949445707,-0.023374655471376158,0.0
fusion_fixed,model2_fixed,固定 model2-A,experimental_auto_20260818_184822.jsonl,1787050122.6805718,1787050142.6805718,112,11.971528053283691,nan,7.891956179086401,7.891956179086401,-0.01565274733586314,0.0
fusion_fixed,model2_fixed,固定 model2-A,experimental_auto_20260818_184822.jsonl,1787050122.6805718,1787050142.6805718,113,12.019020557403564,nan,8.104567173059785,8.104567173059785,-0.010675027913782208,0.0
fusion_fixed,model2_fixed,固定 model2-A,experimental_auto_20260818_184822.jsonl,1787050122.6805718,1787050142.6805718,114,12.120073080062866,nan,8.28479434324768,8.28479434324768,-0.008571306283423943,0.0
fusion_fixed,model2_fixed,固定 model2-A,experimental_auto_20260818_184822.jsonl,1787050122.6805718,1787050142.6805718,115,12.217186450958252,nan,8.436929412070949,8.436929412070949,-0.008215269359431124,0.0
fusion_fixed,model2_fixed,固定 model2-A,experimental_auto_20260818_184822.jsonl,1787050122.6805718,1787050142.6805718,116,12.370922803878784,nan,8.936232688782763,8.936232688782763,-0.0005815738324504004,0.0
fusion_fixed,model2_fixed,固定 model2-A,experimental_auto_20260818_184822.jsonl,1787050122.6805718,1787050142.6805718,117,12.41594409942627,nan,9.312278102222503,9.312278102222503,0.0028122785264235025,0.0
fusion_fixed,model2_fixed,固定 model2-A,experimental_auto_20260818_184822.jsonl,1787050122.6805718,1787050142.6805718,118,12.516770839691162,nan,9.590734802272472,9.590734802272472,0.0023081890689277936,0.0
fusion_fixed,model2_fixed,固定 model2-A,experimental_auto_20260818_184822.jsonl,1787050122.6805718,1787050142.6805718,119,12.617059230804443,nan,9.775192217787687,9.775192217787687,-0.0005154178640852831,0.0
fusion_fixed,model2_fixed,固定 model2-A,experimental_auto_20260818_184822.jsonl,1787050122.6805718,1787050142.6805718,120,12.771407842636108,nan,10.178499326700974,10.178499326700974,0.0023012021468036565,0.0
fusion_fixed,model2_fixed,固定 model2-A,experimental_auto_20260818_184822.jsonl,1787050122.6805718,1787050142.6805718,121,12.821740865707397,nan,10.470186472719611,10.470186472719611,0.0018267031173762466,0.0
fusion_fixed,model2_fixed,固定 model2-A,experimental_auto_20260818_184822.jsonl,1787050122.6805718,1787050142.6805718,122,12.918773651123047,nan,10.666550201624414,10.666550201624414,-0.0008874653030462492,0.0
fusion_fixed,model2_fixed,固定 model2-A,experimental_auto_20260818_184822.jsonl,1787050122.6805718,1787050142.6805718,123,13.019391059875488,nan,10.773019952708008,10.773019952708008,-0.005059689731084102,0.0
fusion_fixed,model2_fixed,固定 model2-A,experimental_auto_20260818_184822.jsonl,1787050122.6805718,1787050142.6805718,124,13.172262191772461,nan,11.134112963401854,11.134112963401854,-0.002296190751846049,0.0
fusion_fixed,model2_fixed,固定 model2-A,experimental_auto_20260818_184822.jsonl,1787050122.6805718,1787050142.6805718,125,13.219311237335205,nan,11.387553130070815,11.387553130070815,-0.002961397813283924,0.0
fusion_fixed,model2_fixed,固定 model2-A,experimental_auto_20260818_184822.jsonl,1787050122.6805718,1787050142.6805718,126,13.320797443389893,nan,11.53801784991354,11.53801784991354,-0.00593087084504933,0.0
fusion_fixed,model2_fixed,固定 model2-A,experimental_auto_20260818_184822.jsonl,1787050122.6805718,1787050142.6805718,127,13.420077323913574,nan,11.609491381330518,11.609491381330518,-0.010087665256352674,0.0
fusion_fixed,model2_fixed,固定 model2-A,experimental_auto_20260818_184822.jsonl,1787050122.6805718,1787050142.6805718,128,13.571260929107666,nan,11.76975510862972,11.76975510862972,-0.011033356694431078,0.0
fusion_fixed,model2_fixed,固定 model2-A,experimental_auto_20260818_184822.jsonl,1787050122.6805718,1787050142.6805718,129,13.616946458816528,nan,11.859071168523194,11.859071168523194,-0.013528512510760288,0.0
fusion_fixed,model2_fixed,固定 model2-A,experimental_auto_20260818_184822.jsonl,1787050122.6805718,1787050142.6805718,130,13.718266010284424,nan,11.889406176704497,11.889406176704497,-0.0165879011971706,0.0
fusion_fixed,model2_fixed,固定 model2-A,experimental_auto_20260818_184822.jsonl,1787050122.6805718,1787050142.6805718,131,13.81728720664978,nan,11.88348321954088,11.88348321954088,-0.019617707633273602,0.0
fusion_fixed,model2_fixed,固定 model2-A,experimental_auto_20260818_184822.jsonl,1787050122.6805718,1787050142.6805718,132,14.018240213394165,nan,11.19511263724522,11.19511263724522,-0.03736564133980941,0.0
fusion_fixed,model2_fixed,固定 model2-A,experimental_auto_20260818_184822.jsonl,1787050122.6805718,1787050142.6805718,133,14.170799970626831,nan,10.637331000439609,10.637331000439609,-0.04682087550957696,0.0
fusion_fixed,model2_fixed,固定 model2-A,experimental_auto_20260818_184822.jsonl,1787050122.6805718,1787050142.6805718,134,14.272318840026855,nan,10.22748260243269,10.22748260243269,-0.049695742556828806,0.0
fusion_fixed,model2_fixed,固定 model2-A,experimental_auto_20260818_184822.jsonl,1787050122.6805718,1787050142.6805718,135,14.867850303649902,nan,12.458322321424253,12.458322321424253,0.0,0.0
fusion_fixed,model2_fixed,固定 model2-A,experimental_auto_20260818_184822.jsonl,1787050122.6805718,1787050142.6805718,136,14.96457839012146,nan,12.375013178648931,12.375013178648931,-0.005732602580656896,0.0
fusion_fixed,model2_fixed,固定 model2-A,experimental_auto_20260818_184822.jsonl,1787050122.6805718,1787050142.6805718,137,15.064730167388916,nan,12.257141135284478,12.257141135284478,-0.010494293407524205,0.0
fusion_fixed,model2_fixed,固定 model2-A,experimental_auto_20260818_184822.jsonl,1787050122.6805718,1787050142.6805718,138,15.219446420669556,nan,6.603105458808978,6.603105458808978,-0.2522122453841806,0.0
fusion_fixed,model2_fixed,固定 model2-A,experimental_auto_20260818_184822.jsonl,1787050122.6805718,1787050142.6805718,139,15.26665449142456,nan,3.5002983610097793,3.5002983610097793,-0.2717967503977677,0.0
fusion_fixed,model2_fixed,固定 model2-A,experimental_auto_20260818_184822.jsonl,1787050122.6805718,1787050142.6805718,140,15.37286114692688,nan,1.89153175446648,1.89153175446648,-0.23480471477524237,0.0
fusion_fixed,model2_fixed,固定 model2-A,experimental_auto_20260818_184822.jsonl,1787050122.6805718,1787050142.6805718,141,15.469533920288086,nan,1.0710168932937636,1.0710168932937636,-0.1885823512359892,0.0
fusion_fixed,model2_fixed,固定 model2-A,experimental_auto_20260818_184822.jsonl,1787050122.6805718,1787050142.6805718,142,15.618179321289062,nan,-1.0034576452511934,1.0034576452511934,-0.18397718514657369,0.0
fusion_fixed,model2_fixed,固定 model2-A,experimental_auto_20260818_184822.jsonl,1787050122.6805718,1787050142.6805718,143,15.666866064071655,nan,-2.2207457416017484,2.2207457416017484,-0.16039574376998778,0.0
fusion_fixed,model2_fixed,固定 model2-A,experimental_auto_20260818_184822.jsonl,1787050122.6805718,1787050142.6805718,144,15.771703720092773,nan,-2.8320521917535757,2.8320521917535757,-0.1263453362989536,0.0
fusion_fixed,model2_fixed,固定 model2-A,experimental_auto_20260818_184822.jsonl,1787050122.6805718,1787050142.6805718,145,15.86742115020752,nan,-3.0395859679766546,3.0395859679766546,-0.09047143771236896,0.0
fusion_fixed,model2_fixed,固定 model2-A,experimental_auto_20260818_184822.jsonl,1787050122.6805718,1787050142.6805718,146,16.021972179412842,nan,-3.9004251160277947,3.9004251160277947,-0.0784068215586861,0.0
fusion_fixed,model2_fixed,固定 model2-A,experimental_auto_20260818_184822.jsonl,1787050122.6805718,1787050142.6805718,147,16.069974422454834,nan,-4.399676360607474,4.399676360607474,-0.06105941977347928,0.0
fusion_fixed,model2_fixed,固定 model2-A,experimental_auto_20260818_184822.jsonl,1787050122.6805718,1787050142.6805718,148,16.16703701019287,nan,-4.62035855495031,4.62035855495031,-0.04253988148010304,0.0
fusion_fixed,model2_fixed,固定 model2-A,experimental_auto_20260818_184822.jsonl,1787050122.6805718,1787050142.6805718,149,16.26784086227417,nan,-4.652254499375963,4.652254499375963,-0.025295396360790975,0.0
fusion_fixed,model2_fixed,固定 model2-A,experimental_auto_20260818_184822.jsonl,1787050122.6805718,1787050142.6805718,150,16.418282747268677,nan,-5.930347126259516,5.930347126259516,-0.04171535399550443,0.0
fusion_fixed,model2_fixed,固定 model2-A,experimental_auto_20260818_184822.jsonl,1787050122.6805718,1787050142.6805718,151,16.466562271118164,nan,-6.867783095613733,6.867783095613733,-0.04610065165933718,0.0
fusion_fixed,model2_fixed,固定 model2-A,experimental_auto_20260818_184822.jsonl,1787050122.6805718,1787050142.6805718,152,16.56825304031372,nan,-7.493082841567933,7.493082841567933,-0.04163843564513678,0.0
fusion_fixed,model2_fixed,固定 model2-A,experimental_auto_20260818_184822.jsonl,1787050122.6805718,1787050142.6805718,153,16.665700674057007,nan,-7.869222135110931,7.869222135110931,-0.03225949014120624,0.0
fusion_fixed,model2_fixed,固定 model2-A,experimental_auto_20260818_184822.jsonl,1787050122.6805718,1787050142.6805718,154,16.82248282432556,nan,-7.70840765766585,7.70840765766585,-0.012961068336182279,0.0
fusion_fixed,model2_fixed,固定 model2-A,experimental_auto_20260818_184822.jsonl,1787050122.6805718,1787050142.6805718,155,16.870283126831055,nan,-7.4818259740877195,7.4818259740877195,0.0030889218998723703,0.0
fusion_fixed,model2_fixed,固定 model2-A,experimental_auto_20260818_184822.jsonl,1787050122.6805718,1787050142.6805718,156,16.96867561340332,nan,-7.243723972420602,7.243723972420602,0.014067037404899039,0.0
fusion_fixed,model2_fixed,固定 model2-A,experimental_auto_20260818_184822.jsonl,1787050122.6805718,1787050142.6805718,157,17.070650815963745,nan,-7.034270486461591,7.034270486461591,0.020547205239542142,0.0
fusion_fixed,model2_fixed,固定 model2-A,experimental_auto_20260818_184822.jsonl,1787050122.6805718,1787050142.6805718,158,17.223490953445435,nan,-6.541724636688806,6.541724636688806,0.031015544303876555,0.0
fusion_fixed,model2_fixed,固定 model2-A,experimental_auto_20260818_184822.jsonl,1787050122.6805718,1787050142.6805718,159,17.270126342773438,nan,-6.17362024629583,6.17362024629583,0.035995656213345675,0.0
fusion_fixed,model2_fixed,固定 model2-A,experimental_auto_20260818_184822.jsonl,1787050122.6805718,1787050142.6805718,160,17.366870641708374,nan,-5.933629169576681,5.933629169576681,0.03565405806343859,0.0
fusion_fixed,model2_fixed,固定 model2-A,experimental_auto_20260818_184822.jsonl,1787050122.6805718,1787050142.6805718,161,17.468618631362915,nan,-5.804296962791677,5.804296962791677,0.03214155162302197,0.0
fusion_fixed,model2_fixed,固定 model2-A,experimental_auto_20260818_184822.jsonl,1787050122.6805718,1787050142.6805718,162,17.66768455505371,nan,-4.639131630215399,4.639131630215399,0.052569719468881115,0.0
fusion_fixed,model2_fixed,固定 model2-A,experimental_auto_20260818_184822.jsonl,1787050122.6805718,1787050142.6805718,163,17.766282558441162,nan,-3.785461739161955,3.785461739161955,0.0594564696649868,0.0
fusion_fixed,model2_fixed,固定 model2-A,experimental_auto_20260818_184822.jsonl,1787050122.6805718,1787050142.6805718,164,17.867682695388794,nan,-3.2228769562240522,3.2228769562240522,0.05721241743144973,0.0
fusion_fixed,model2_fixed,固定 model2-A,experimental_auto_20260818_184822.jsonl,1787050122.6805718,1787050142.6805718,165,18.072093963623047,nan,-1.8414622444380746,1.8414622444380746,0.07475190927389724,0.0
fusion_fixed,model2_fixed,固定 model2-A,experimental_auto_20260818_184822.jsonl,1787050122.6805718,1787050142.6805718,166,18.17131018638611,nan,-0.8304454001426098,0.8304454001426098,0.07754539131566895,0.0
fusion_fixed,model2_fixed,固定 model2-A,experimental_auto_20260818_184822.jsonl,1787050122.6805718,1787050142.6805718,167,18.32204532623291,nan,-0.15886806379131757,0.15886806379131757,0.07047261347147153,0.0
fusion_fixed,model2_fixed,固定 model2-A,experimental_auto_20260818_184822.jsonl,1787050122.6805718,1787050142.6805718,168,18.476112842559814,nan,0.7561055994708687,0.7561055994708687,0.06968855215777799,0.0
fusion_fixed,model2_fixed,固定 model2-A,experimental_auto_20260818_184822.jsonl,1787050122.6805718,1787050142.6805718,169,18.51781940460205,nan,1.3710085207452871,1.3710085207452871,0.061832046893563516,0.0
fusion_fixed,model2_fixed,固定 model2-A,experimental_auto_20260818_184822.jsonl,1787050122.6805718,1787050142.6805718,170,18.619593858718872,nan,1.7448553857523752,1.7448553857523752,0.04940500818502393,0.0
fusion_fixed,model2_fixed,固定 model2-A,experimental_auto_20260818_184822.jsonl,1787050122.6805718,1787050142.6805718,171,18.721576929092407,nan,1.926292009815267,1.926292009815267,0.03600263446392092,0.0
fusion_fixed,model2_fixed,固定 model2-A,experimental_auto_20260818_184822.jsonl,1787050122.6805718,1787050142.6805718,172,18.923531532287598,nan,13.695448326676573,13.695448326676573,0.0,0.0
fusion_fixed,model2_fixed,固定 model2-A,experimental_auto_20260818_184822.jsonl,1787050122.6805718,1787050142.6805718,173,19.02067804336548,nan,14.164541988952195,14.164541988952195,0.005400491578437524,0.0
fusion_fixed,model2_fixed,固定 model2-A,experimental_auto_20260818_184822.jsonl,1787050122.6805718,1787050142.6805718,174,19.11725902557373,nan,14.612417424030632,14.612417424030632,0.022496768026401333,0.0
fusion_fixed,model2_fixed,固定 model2-A,experimental_auto_20260818_184822.jsonl,1787050122.6805718,1787050142.6805718,175,19.27035164833069,nan,4.681162280895612,4.681162280895612,-0.42029658343871695,0.0
fusion_fixed,model2_fixed,固定 model2-A,experimental_auto_20260818_184822.jsonl,1787050122.6805718,1787050142.6805718,176,19.3169047832489,nan,-0.5818140782837045,0.5818140782837045,-0.4554798744888147,0.0
fusion_fixed,model2_fixed,固定 model2-A,experimental_auto_20260818_184822.jsonl,1787050122.6805718,1787050142.6805718,177,19.42325496673584,nan,-3.13666675851203,3.13666675851203,-0.39044701330828185,0.0
fusion_fixed,model2_fixed,固定 model2-A,experimental_auto_20260818_184822.jsonl,1787050122.6805718,1787050142.6805718,178,19.518463134765625,nan,-4.294472081599576,4.294472081599576,-0.31114975068970563,0.0
fusion_fixed,model2_fixed,固定 model2-A,experimental_auto_20260818_184822.jsonl,1787050122.6805718,1787050142.6805718,179,19.67089295387268,nan,-6.303616516529575,6.303616516529575,-0.27507991847585694,0.0
fusion_fixed,model2_fixed,固定 model2-A,experimental_auto_20260818_184822.jsonl,1787050122.6805718,1787050142.6805718,180,19.719195127487183,nan,-7.358458108489774,7.358458108489774,-0.22715775341384958,0.0
fusion_fixed,model2_fixed,固定 model2-A,experimental_auto_20260818_184822.jsonl,1787050122.6805718,1787050142.6805718,181,19.821948528289795,nan,-7.771384436122264,7.771384436122264,-0.17385566933632418,0.0
fusion_fixed,model2_fixed,固定 model2-A,experimental_auto_20260818_184822.jsonl,1787050122.6805718,1787050142.6805718,182,19.915653705596924,nan,-7.717458422882395,7.717458422882395,-0.12075941814948346,0.0
fusion_fixed,model2_fixed,固定 model2-B,experimental_auto_20260818_185011.jsonl,1787050228.146228,1787050248.146228,0,0.04569435119628906,nan,3.497675512617082,3.497675512617082,0.047645509666669285,0.0
fusion_fixed,model2_fixed,固定 model2-B,experimental_auto_20260818_185011.jsonl,1787050228.146228,1787050248.146228,1,0.19138383865356445,nan,4.656085257922449,4.656085257922449,0.05616671800941293,0.0
fusion_fixed,model2_fixed,固定 model2-B,experimental_auto_20260818_185011.jsonl,1787050228.146228,1787050248.146228,2,0.2412881851196289,nan,5.490537352709435,5.490537352709435,0.0556984199934336,0.0
fusion_fixed,model2_fixed,固定 model2-B,experimental_auto_20260818_185011.jsonl,1787050228.146228,1787050248.146228,3,0.34296369552612305,nan,6.054339630914541,6.054339630914541,0.04797301734591854,0.0
fusion_fixed,model2_fixed,固定 model2-B,experimental_auto_20260818_185011.jsonl,1787050228.146228,1787050248.146228,4,0.4464244842529297,nan,6.393867442210677,6.393867442210677,0.03660100907606044,0.0
fusion_fixed,model2_fixed,固定 model2-B,experimental_auto_20260818_185011.jsonl,1787050228.146228,1787050248.146228,5,0.6456491947174072,nan,7.250949868690004,7.250949868690004,0.04012537184239997,0.0
fusion_fixed,model2_fixed,固定 model2-B,experimental_auto_20260818_185011.jsonl,1787050228.146228,1787050248.146228,6,0.6906692981719971,nan,7.815820809624718,7.815820809624718,0.03589813468757897,0.0
fusion_fixed,model2_fixed,固定 model2-B,experimental_auto_20260818_185011.jsonl,1787050228.146228,1787050248.146228,7,0.7926101684570312,nan,8.129353022584828,8.129353022584828,0.026781055437792405,0.0
fusion_fixed,model2_fixed,固定 model2-B,experimental_auto_20260818_185011.jsonl,1787050228.146228,1787050248.146228,8,0.8480048179626465,nan,8.253613298156704,8.253613298156704,0.015574179783570428,0.0
fusion_fixed,model2_fixed,固定 model2-B,experimental_auto_20260818_185011.jsonl,1787050228.146228,1787050248.146228,9,1.4935858249664307,nan,24.31157067258154,24.31157067258154,0.0,0.0
fusion_fixed,model2_fixed,固定 model2-B,experimental_auto_20260818_185011.jsonl,1787050228.146228,1787050248.146228,10,1.5929651260375977,nan,24.036494253429574,24.036494253429574,-0.010252068438013445,0.0
fusion_fixed,model2_fixed,固定 model2-B,experimental_auto_20260818_185011.jsonl,1787050228.146228,1787050248.146228,11,1.6934871673583984,nan,23.740570792478934,23.740570792478934,-0.024197747184672887,0.0
fusion_fixed,model2_fixed,固定 model2-B,experimental_auto_20260818_185011.jsonl,1787050228.146228,1787050248.146228,12,1.8405818939208984,nan,18.450515781833722,18.450515781833722,-0.2469803512545748,0.0
fusion_fixed,model2_fixed,固定 model2-B,experimental_auto_20260818_185011.jsonl,1787050228.146228,1787050248.146228,13,1.890770673751831,nan,14.896786816278462,14.896786816278462,-0.2878670261891728,0.0
fusion_fixed,model2_fixed,固定 model2-B,experimental_auto_20260818_185011.jsonl,1787050228.146228,1787050248.146228,14,1.9928462505340576,nan,12.45372103788479,12.45372103788479,-0.27410295830189957,0.0
fusion_fixed,model2_fixed,固定 model2-B,experimental_auto_20260818_185011.jsonl,1787050228.146228,1787050248.146228,15,2.093203544616699,nan,10.686980562405923,10.686980562405923,-0.2450412407692324,0.0
fusion_fixed,model2_fixed,固定 model2-B,experimental_auto_20260818_185011.jsonl,1787050228.146228,1787050248.146228,16,2.2426960468292236,nan,8.979851340806743,8.979851340806743,-0.22164064872918027,0.0
fusion_fixed,model2_fixed,固定 model2-B,experimental_auto_20260818_185011.jsonl,1787050228.146228,1787050248.146228,17,2.2899982929229736,nan,7.8534042288254335,7.8534042288254335,-0.1908881736161645,0.0
fusion_fixed,model2_fixed,固定 model2-B,experimental_auto_20260818_185011.jsonl,1787050228.146228,1787050248.146228,18,2.394109010696411,nan,7.220177287652474,7.220177287652474,-0.15535653599581986,0.0
fusion_fixed,model2_fixed,固定 model2-B,experimental_auto_20260818_185011.jsonl,1787050228.146228,1787050248.146228,19,2.4992175102233887,nan,6.910686913219299,6.910686913219299,-0.12147281082842776,0.0
fusion_fixed,model2_fixed,固定 model2-B,experimental_auto_20260818_185011.jsonl,1787050228.146228,1787050248.146228,20,2.64553165435791,nan,7.519300339929114,7.519300339929114,-0.07488380509184361,0.0
fusion_fixed,model2_fixed,固定 model2-B,experimental_auto_20260818_185011.jsonl,1787050228.146228,1787050248.146228,21,2.6889421939849854,nan,7.781824284484773,7.781824284484773,-0.04595477394744037,0.0
fusion_fixed,model2_fixed,固定 model2-B,experimental_auto_20260818_185011.jsonl,1787050228.146228,1787050248.146228,22,2.7908904552459717,nan,7.752402217372056,7.752402217372056,-0.032977251804665014,0.0
fusion_fixed,model2_fixed,固定 model2-B,experimental_auto_20260818_185011.jsonl,1787050228.146228,1787050248.146228,23,2.88918399810791,nan,7.44833171700331,7.44833171700331,-0.031366314324437546,0.0
fusion_fixed,model2_fixed,固定 model2-B,experimental_auto_20260818_185011.jsonl,1787050228.146228,1787050248.146228,24,3.0450382232666016,nan,8.984284325712055,8.984284325712055,0.01171644702158895,0.0
fusion_fixed,model2_fixed,固定 model2-B,experimental_auto_20260818_185011.jsonl,1787050228.146228,1787050248.146228,25,3.088850736618042,nan,10.004263079801234,10.004263079801234,0.030926992014068448,0.0
fusion_fixed,model2_fixed,固定 model2-B,experimental_auto_20260818_185011.jsonl,1787050228.146228,1787050248.146228,26,3.189750909805298,nan,10.493555724259195,10.493555724259195,0.030128786853276614,0.0
fusion_fixed,model2_fixed,固定 model2-B,experimental_auto_20260818_185011.jsonl,1787050228.146228,1787050248.146228,27,3.2943458557128906,nan,10.563816170911188,10.563816170911188,0.01774167991302032,0.0
fusion_fixed,model2_fixed,固定 model2-B,experimental_auto_20260818_185011.jsonl,1787050228.146228,1787050248.146228,28,3.44761323928833,nan,12.239019214251268,12.239019214251268,0.04414165269471758,0.0
fusion_fixed,model2_fixed,固定 model2-B,experimental_auto_20260818_185011.jsonl,1787050228.146228,1787050248.146228,29,3.489565134048462,nan,13.452838400832167,13.452838400832167,0.05289102052450829,0.0
fusion_fixed,model2_fixed,固定 model2-B,experimental_auto_20260818_185011.jsonl,1787050228.146228,1787050248.146228,30,3.5916502475738525,nan,14.228859298786334,14.228859298786334,0.04713887321065925,0.0
fusion_fixed,model2_fixed,固定 model2-B,experimental_auto_20260818_185011.jsonl,1787050228.146228,1787050248.146228,31,3.693511724472046,nan,14.655217518415963,14.655217518415963,0.033342426148753906,0.0
fusion_fixed,model2_fixed,固定 model2-B,experimental_auto_20260818_185011.jsonl,1787050228.146228,1787050248.146228,32,3.847458600997925,nan,15.050952789546312,15.050952789546312,0.02169562664200786,0.0
fusion_fixed,model2_fixed,固定 model2-B,experimental_auto_20260818_185011.jsonl,1787050228.146228,1787050248.146228,33,3.888948440551758,nan,15.16773053599918,15.16773053599918,0.006824859858798283,0.0
fusion_fixed,model2_fixed,固定 model2-B,experimental_auto_20260818_185011.jsonl,1787050228.146228,1787050248.146228,34,3.9909706115722656,nan,15.09629131654866,15.09629131654866,-0.008040657156230242,0.0
fusion_fixed,model2_fixed,固定 model2-B,experimental_auto_20260818_185011.jsonl,1787050228.146228,1787050248.146228,35,4.0950608253479,nan,14.909745815742138,14.909745815742138,-0.020936388158562493,0.0
fusion_fixed,model2_fixed,固定 model2-B,experimental_auto_20260818_185011.jsonl,1787050228.146228,1787050248.146228,36,4.242428302764893,nan,13.644562741829514,13.644562741829514,-0.053641157382911094,0.0
fusion_fixed,model2_fixed,固定 model2-B,experimental_auto_20260818_185011.jsonl,1787050228.146228,1787050248.146228,37,4.290419340133667,nan,12.629190983952732,12.629190983952732,-0.0726520156802357,0.0
fusion_fixed,model2_fixed,固定 model2-B,experimental_auto_20260818_185011.jsonl,1787050228.146228,1787050248.146228,38,4.394437551498413,nan,11.867799490689524,11.867799490689524,-0.07815095585715853,0.0
fusion_fixed,model2_fixed,固定 model2-B,experimental_auto_20260818_185011.jsonl,1787050228.146228,1787050248.146228,39,4.496079444885254,nan,11.35515300517037,11.35515300517037,-0.07477822284373215,0.0
fusion_fixed,model2_fixed,固定 model2-B,experimental_auto_20260818_185011.jsonl,1787050228.146228,1787050248.146228,40,4.691574573516846,nan,8.979011238803935,8.979011238803935,-0.11315110334104281,0.0
fusion_fixed,model2_fixed,固定 model2-B,experimental_auto_20260818_185011.jsonl,1787050228.146228,1787050248.146228,41,4.8435423374176025,nan,7.2071089751639565,7.2071089751639565,-0.12547660086862678,0.0
fusion_fixed,model2_fixed,固定 model2-B,experimental_auto_20260818_185011.jsonl,1787050228.146228,1787050248.146228,42,4.945215940475464,nan,5.957801404642216,5.957801404642216,-0.11933352454603102,0.0
fusion_fixed,model2_fixed,固定 model2-B,experimental_auto_20260818_185011.jsonl,1787050228.146228,1787050248.146228,43,5.091765403747559,nan,3.870772284470947,3.870772284470947,-0.13638977142192002,0.0
fusion_fixed,model2_fixed,固定 model2-B,experimental_auto_20260818_185011.jsonl,1787050228.146228,1787050248.146228,44,5.140465021133423,nan,2.375760998230292,2.375760998230292,-0.133361045143498,0.0
fusion_fixed,model2_fixed,固定 model2-B,experimental_auto_20260818_185011.jsonl,1787050228.146228,1787050248.146228,45,5.241912841796875,nan,1.462484049515389,1.462484049515389,-0.11585499399239513,0.0
fusion_fixed,model2_fixed,固定 model2-B,experimental_auto_20260818_185011.jsonl,1787050228.146228,1787050248.146228,46,5.347909927368164,nan,0.9957334185586642,0.9957334185586642,-0.09145444933341278,0.0
fusion_fixed,model2_fixed,固定 model2-B,experimental_auto_20260818_185011.jsonl,1787050228.146228,1787050248.146228,47,5.490179538726807,nan,1.1380851113051094,1.1380851113051094,-0.059476800630745695,0.0
fusion_fixed,model2_fixed,固定 model2-B,experimental_auto_20260818_185011.jsonl,1787050228.146228,1787050248.146228,48,5.540284633636475,nan,1.3900205556605316,1.3900205556605316,-0.03304311681164876,0.0
fusion_fixed,model2_fixed,固定 model2-B,experimental_auto_20260818_185011.jsonl,1787050228.146228,1787050248.146228,49,5.6442766189575195,nan,1.6706738402366361,1.6706738402366361,-0.014626748791664295,0.0
fusion_fixed,model2_fixed,固定 model2-B,experimental_auto_20260818_185011.jsonl,1787050228.146228,1787050248.146228,50,5.746061086654663,nan,1.9121698579224633,1.9121698579224633,-0.003566089004013123,0.0
fusion_fixed,model2_fixed,固定 model2-B,experimental_auto_20260818_185011.jsonl,1787050228.146228,1787050248.146228,51,5.891221284866333,nan,3.020680100277373,3.020680100277373,0.024022831455389332,0.0
fusion_fixed,model2_fixed,固定 model2-B,experimental_auto_20260818_185011.jsonl,1787050228.146228,1787050248.146228,52,5.943211317062378,nan,3.9141772343037284,3.9141772343037284,0.03903749542993396,0.0
fusion_fixed,model2_fixed,固定 model2-B,experimental_auto_20260818_185011.jsonl,1787050228.146228,1787050248.146228,53,6.04494571685791,nan,4.551826744232135,4.551826744232135,0.04173980791574551,0.0
fusion_fixed,model2_fixed,固定 model2-B,experimental_auto_20260818_185011.jsonl,1787050228.146228,1787050248.146228,54,6.146085739135742,nan,4.949261695802543,4.949261695802543,0.03638759059516095,0.0
fusion_fixed,model2_fixed,固定 model2-B,experimental_auto_20260818_185011.jsonl,1787050228.146228,1787050248.146228,55,6.291504859924316,nan,6.585387063777571,6.585387063777571,0.05955724304361948,0.0
fusion_fixed,model2_fixed,固定 model2-B,experimental_auto_20260818_185011.jsonl,1787050228.146228,1787050248.146228,56,6.341332674026489,nan,7.796318082066856,7.796318082066856,0.06703770343359922,0.0
fusion_fixed,model2_fixed,固定 model2-B,experimental_auto_20260818_185011.jsonl,1787050228.146228,1787050248.146228,57,6.445836544036865,nan,8.619985684677667,8.619985684677667,0.061548064412111816,0.0
fusion_fixed,model2_fixed,固定 model2-B,experimental_auto_20260818_185011.jsonl,1787050228.146228,1787050248.146228,58,6.542634725570679,nan,9.12110579445644,9.12110579445644,0.04867732419440936,0.0
fusion_fixed,model2_fixed,固定 model2-B,experimental_auto_20260818_185011.jsonl,1787050228.146228,1787050248.146228,59,6.693164348602295,nan,10.484877902864763,10.484877902864763,0.05795114278242286,0.0
fusion_fixed,model2_fixed,固定 model2-B,experimental_auto_20260818_185011.jsonl,1787050228.146228,1787050248.146228,60,6.7423481941223145,nan,11.422489080786802,11.422489080786802,0.05523071983734904,0.0
fusion_fixed,model2_fixed,固定 model2-B,experimental_auto_20260818_185011.jsonl,1787050228.146228,1787050248.146228,61,6.847378253936768,nan,12.00605363621554,12.00605363621554,0.04393242569604203,0.0
fusion_fixed,model2_fixed,固定 model2-B,experimental_auto_20260818_185011.jsonl,1787050228.146228,1787050248.146228,62,6.941782236099243,nan,12.311853482396995,12.311853482396995,0.02865956064915257,0.0
fusion_fixed,model2_fixed,固定 model2-B,experimental_auto_20260818_185011.jsonl,1787050228.146228,1787050248.146228,63,7.094351053237915,nan,12.831022583684726,12.831022583684726,0.022104312926827255,0.0
fusion_fixed,model2_fixed,固定 model2-B,experimental_auto_20260818_185011.jsonl,1787050228.146228,1787050248.146228,64,7.145867586135864,nan,13.126391418308014,13.126391418308014,0.012346998612339632,0.0
fusion_fixed,model2_fixed,固定 model2-B,experimental_auto_20260818_185011.jsonl,1787050228.146228,1787050248.146228,65,7.246243238449097,nan,13.259895651481335,13.259895651481335,0.0017688162851647613,0.0
fusion_fixed,model2_fixed,固定 model2-B,experimental_auto_20260818_185011.jsonl,1787050228.146228,1787050248.146228,66,7.341302156448364,nan,13.28195234414692,13.28195234414692,-0.008084332647373415,0.0
fusion_fixed,model2_fixed,固定 model2-B,experimental_auto_20260818_185011.jsonl,1787050228.146228,1787050248.146228,67,7.493203639984131,nan,12.448385275028862,12.448385275028862,-0.03411179322012836,0.0
fusion_fixed,model2_fixed,固定 model2-B,experimental_auto_20260818_185011.jsonl,1787050228.146228,1787050248.146228,68,7.543762922286987,nan,11.75007686148798,11.75007686148798,-0.05052370426020763,0.0
fusion_fixed,model2_fixed,固定 model2-B,experimental_auto_20260818_185011.jsonl,1787050228.146228,1787050248.146228,69,7.6459691524505615,nan,11.20657340145308,11.20657340145308,-0.05709836521891318,0.0
fusion_fixed,model2_fixed,固定 model2-B,experimental_auto_20260818_185011.jsonl,1787050228.146228,1787050248.146228,70,7.757678270339966,nan,10.819184770552337,10.819184770552337,-0.056858748090908566,0.0
fusion_fixed,model2_fixed,固定 model2-B,experimental_auto_20260818_185011.jsonl,1787050228.146228,1787050248.146228,71,7.893192529678345,nan,9.27199174155735,9.27199174155735,-0.08165299242613913,0.0
fusion_fixed,model2_fixed,固定 model2-B,experimental_auto_20260818_185011.jsonl,1787050228.146228,1787050248.146228,72,7.941409587860107,nan,8.114621048903937,8.114621048903937,-0.09155319443009745,0.0
fusion_fixed,model2_fixed,固定 model2-B,experimental_auto_20260818_185011.jsonl,1787050228.146228,1787050248.146228,73,8.045459508895874,nan,7.307651230065016,7.307651230065016,-0.08833578248258078,0.0
fusion_fixed,model2_fixed,固定 model2-B,experimental_auto_20260818_185011.jsonl,1787050228.146228,1787050248.146228,74,8.140732049942017,nan,6.810190254041526,6.810190254041526,-0.07781817049789579,0.0
fusion_fixed,model2_fixed,固定 model2-B,experimental_auto_20260818_185011.jsonl,1787050228.146228,1787050248.146228,75,8.290927648544312,nan,6.102742487802693,6.102742487802693,-0.07446282019522257,0.0
fusion_fixed,model2_fixed,固定 model2-B,experimental_auto_20260818_185011.jsonl,1787050228.146228,1787050248.146228,76,8.393152713775635,nan,5.644315765871721,5.644315765871721,-0.06535549929099019,0.0
fusion_fixed,model2_fixed,固定 model2-B,experimental_auto_20260818_185011.jsonl,1787050228.146228,1787050248.146228,77,8.439714908599854,nan,5.4010050685712745,5.4010050685712745,-0.05382735974830832,0.0
fusion_fixed,model2_fixed,固定 model2-B,experimental_auto_20260818_185011.jsonl,1787050228.146228,1787050248.146228,78,8.538583755493164,nan,5.306295830674079,5.306295830674079,-0.042003788207171135,0.0
fusion_fixed,model2_fixed,固定 model2-B,experimental_auto_20260818_185011.jsonl,1787050228.146228,1787050248.146228,79,8.739258289337158,nan,5.015853715941965,5.015853715941965,-0.03755520075656724,0.0
fusion_fixed,model2_fixed,固定 model2-B,experimental_auto_20260818_185011.jsonl,1787050228.146228,1787050248.146228,80,8.892208576202393,nan,4.84361030980931,4.84361030980931,-0.0318964987658962,0.0
fusion_fixed,model2_fixed,固定 model2-B,experimental_auto_20260818_185011.jsonl,1787050228.146228,1787050248.146228,81,8.990445613861084,nan,4.758299974790381,4.758299974790381,-0.02620308635089246,0.0
fusion_fixed,model2_fixed,固定 model2-B,experimental_auto_20260818_185011.jsonl,1787050228.146228,1787050248.146228,82,9.13869023323059,nan,4.917685975704078,4.917685975704078,-0.015754385976716134,0.0
fusion_fixed,model2_fixed,固定 model2-B,experimental_auto_20260818_185011.jsonl,1787050228.146228,1787050248.146228,83,9.1936936378479,nan,5.120944679259631,5.120944679259631,-0.008554751842277289,0.0
fusion_fixed,model2_fixed,固定 model2-B,experimental_auto_20260818_185011.jsonl,1787050228.146228,1787050248.146228,84,9.29408073425293,nan,5.312596060959751,5.312596060959751,-0.0052635128035329135,0.0
fusion_fixed,model2_fixed,固定 model2-B,experimental_auto_20260818_185011.jsonl,1787050228.146228,1787050248.146228,85,9.391931056976318,nan,5.441838180801961,5.441838180801961,-0.004452287632225447,0.0
fusion_fixed,model2_fixed,固定 model2-B,experimental_auto_20260818_185011.jsonl,1787050228.146228,1787050248.146228,86,9.542762279510498,nan,6.043526098148422,6.043526098148422,0.006215870996755326,0.0
fusion_fixed,model2_fixed,固定 model2-B,experimental_auto_20260818_185011.jsonl,1787050228.146228,1787050248.146228,87,9.591363191604614,nan,6.508301864021937,6.508301864021937,0.011171598652508077,0.0
fusion_fixed,model2_fixed,固定 model2-B,experimental_auto_20260818_185011.jsonl,1787050228.146228,1787050248.146228,88,9.69581937789917,nan,6.82132435080427,6.82132435080427,0.01102959741871211,0.0
fusion_fixed,model2_fixed,固定 model2-B,experimental_auto_20260818_185011.jsonl,1787050228.146228,1787050248.146228,89,9.797410249710083,nan,7.01693882432849,7.01693882432849,0.008098703346582501,0.0
fusion_fixed,model2_fixed,固定 model2-B,experimental_auto_20260818_185011.jsonl,1787050228.146228,1787050248.146228,90,9.93946123123169,nan,7.617506884654035,7.617506884654035,0.01456187849667245,0.0
fusion_fixed,model2_fixed,固定 model2-B,experimental_auto_20260818_185011.jsonl,1787050228.146228,1787050248.146228,91,9.991204261779785,nan,8.041538201598541,8.041538201598541,0.01540981156748093,0.0
fusion_fixed,model2_fixed,固定 model2-B,experimental_auto_20260818_185011.jsonl,1787050228.146228,1787050248.146228,92,10.093244314193726,nan,8.310468895968782,8.310468895968782,0.011866561474164126,0.0
fusion_fixed,model2_fixed,固定 model2-B,experimental_auto_20260818_185011.jsonl,1787050228.146228,1787050248.146228,93,10.196791648864746,nan,8.457259619383528,8.457259619383528,0.006052553329046511,0.0
fusion_fixed,model2_fixed,固定 model2-B,experimental_auto_20260818_185011.jsonl,1787050228.146228,1787050248.146228,94,10.342721223831177,nan,9.017007213832661,9.017007213832661,0.01103076774858111,0.0
fusion_fixed,model2_fixed,固定 model2-B,experimental_auto_20260818_185011.jsonl,1787050228.146228,1787050248.146228,95,10.391296625137329,nan,9.417942945751234,9.417942945751234,0.011088813593948147,0.0
fusion_fixed,model2_fixed,固定 model2-B,experimental_auto_20260818_185011.jsonl,1787050228.146228,1787050248.146228,96,10.494145393371582,nan,9.678205438481912,9.678205438481912,0.007556329909129479,0.0
fusion_fixed,model2_fixed,固定 model2-B,experimental_auto_20260818_185011.jsonl,1787050228.146228,1787050248.146228,97,10.596312999725342,nan,9.8275528965027,9.8275528965027,0.0021819331391041002,0.0
fusion_fixed,model2_fixed,固定 model2-B,experimental_auto_20260818_185011.jsonl,1787050228.146228,1787050248.146228,98,10.740924596786499,nan,9.735578910832544,9.735578910832544,-0.007361068598200907,0.0
fusion_fixed,model2_fixed,固定 model2-B,experimental_auto_20260818_185011.jsonl,1787050228.146228,1787050248.146228,99,10.790824890136719,nan,9.63525478845888,9.63525478845888,-0.014750459375079211,0.0
fusion_fixed,model2_fixed,固定 model2-B,experimental_auto_20260818_185011.jsonl,1787050228.146228,1787050248.146228,100,10.894076347351074,nan,9.551252318504,9.551252318504,-0.01946471298133406,0.0
fusion_fixed,model2_fixed,固定 model2-B,experimental_auto_20260818_185011.jsonl,1787050228.146228,1787050248.146228,101,10.99510407447815,nan,9.498736897893089,9.498736897893089,-0.021872458126538267,0.0
fusion_fixed,model2_fixed,固定 model2-B,experimental_auto_20260818_185011.jsonl,1787050228.146228,1787050248.146228,102,11.141590595245361,nan,9.019452213943957,9.019452213943957,-0.033096844769416704,0.0
fusion_fixed,model2_fixed,固定 model2-B,experimental_auto_20260818_185011.jsonl,1787050228.146228,1787050248.146228,103,11.191673755645752,nan,8.637405256822273,8.637405256822273,-0.0390062449506266,0.0
fusion_fixed,model2_fixed,固定 model2-B,experimental_auto_20260818_185011.jsonl,1787050228.146228,1787050248.146228,104,11.295379161834717,nan,8.37277790263391,8.37277790263391,-0.039858861301618274,0.0
fusion_fixed,model2_fixed,固定 model2-B,experimental_auto_20260818_185011.jsonl,1787050228.146228,1787050248.146228,105,11.394844055175781,nan,8.212200816861781,8.212200816861781,-0.03754793587918373,0.0
fusion_fixed,model2_fixed,固定 model2-B,experimental_auto_20260818_185011.jsonl,1787050228.146228,1787050248.146228,106,11.541877508163452,nan,8.275452320720788,8.275452320720788,-0.0306564511700785,0.0
fusion_fixed,model2_fixed,固定 model2-B,experimental_auto_20260818_185011.jsonl,1787050228.146228,1787050248.146228,107,11.591148853302002,nan,8.3571654403219,8.3571654403219,-0.02481194499327123,0.0
fusion_fixed,model2_fixed,固定 model2-B,experimental_auto_20260818_185011.jsonl,1787050228.146228,1787050248.146228,108,11.694257974624634,nan,8.457856058847312,8.457856058847312,-0.020490318205845497,0.0
fusion_fixed,model2_fixed,固定 model2-B,experimental_auto_20260818_185011.jsonl,1787050228.146228,1787050248.146228,109,11.795847415924072,nan,8.555374330349519,8.555374330349519,-0.017603726252978964,0.0
fusion_fixed,model2_fixed,固定 model2-B,experimental_auto_20260818_185011.jsonl,1787050228.146228,1787050248.146228,110,11.94209599494934,nan,8.431954968087707,8.431954968087707,-0.020510204696504965,0.0
fusion_fixed,model2_fixed,固定 model2-B,experimental_auto_20260818_185011.jsonl,1787050228.146228,1787050248.146228,111,11.991697072982788,nan,8.333528110825872,8.333528110825872,-0.021950695192784253,0.0
fusion_fixed,model2_fixed,固定 model2-B,experimental_auto_20260818_185011.jsonl,1787050228.146228,1787050248.146228,112,12.095442295074463,nan,8.255720302164615,8.255720302164615,-0.022317668135172074,0.0
fusion_fixed,model2_fixed,固定 model2-B,experimental_auto_20260818_185011.jsonl,1787050228.146228,1787050248.146228,113,12.196184635162354,nan,8.197197953401346,8.197197953401346,-0.021981121370493902,0.0
fusion_fixed,model2_fixed,固定 model2-B,experimental_auto_20260818_185011.jsonl,1787050228.146228,1787050248.146228,114,12.39345669746399,nan,8.253528662535214,8.253528662535214,-0.01871803216516894,0.0
fusion_fixed,model2_fixed,固定 model2-B,experimental_auto_20260818_185011.jsonl,1787050228.146228,1787050248.146228,115,12.495306491851807,nan,8.315308981075109,8.315308981075109,-0.016608716581401825,0.0
fusion_fixed,model2_fixed,固定 model2-B,experimental_auto_20260818_185011.jsonl,1787050228.146228,1787050248.146228,116,12.596023797988892,nan,8.363074637558764,8.363074637558764,-0.015543346653300014,0.0
fusion_fixed,model2_fixed,固定 model2-B,experimental_auto_20260818_185011.jsonl,1787050228.146228,1787050248.146228,117,12.741461038589478,nan,9.239600729382191,9.239600729382191,0.0037889417793624675,0.0
fusion_fixed,model2_fixed,固定 model2-B,experimental_auto_20260818_185011.jsonl,1787050228.146228,1787050248.146228,118,12.79081106185913,nan,9.9256974044453,9.9256974044453,0.013774827217372863,0.0
fusion_fixed,model2_fixed,固定 model2-B,experimental_auto_20260818_185011.jsonl,1787050228.146228,1787050248.146228,119,12.94415020942688,nan,10.414832644373195,10.414832644373195,0.015436336211946986,0.0
fusion_fixed,model2_fixed,固定 model2-B,experimental_auto_20260818_185011.jsonl,1787050228.146228,1787050248.146228,120,12.993449687957764,nan,10.740291557509373,10.740291557509373,0.012932527336404383,0.0
fusion_fixed,model2_fixed,固定 model2-B,experimental_auto_20260818_185011.jsonl,1787050228.146228,1787050248.146228,121,13.191675186157227,nan,11.099368510001161,11.099368510001161,0.01118294890943584,0.0
fusion_fixed,model2_fixed,固定 model2-B,experimental_auto_20260818_185011.jsonl,1787050228.146228,1787050248.146228,122,13.240529298782349,nan,11.344302137284423,11.344302137284423,0.006965283165545852,0.0
fusion_fixed,model2_fixed,固定 model2-B,experimental_auto_20260818_185011.jsonl,1787050228.146228,1787050248.146228,123,13.343575716018677,nan,11.482880409973317,11.482880409973317,0.0009135307299393811,0.0
fusion_fixed,model2_fixed,固定 model2-B,experimental_auto_20260818_185011.jsonl,1787050228.146228,1787050248.146228,124,13.441133737564087,nan,11.55365670147238,11.55365670147238,-0.005438891862529941,0.0
fusion_fixed,model2_fixed,固定 model2-B,experimental_auto_20260818_185011.jsonl,1787050228.146228,1787050248.146228,125,13.59251070022583,nan,11.224618871092385,11.224618871092385,-0.01910707423280058,0.0
fusion_fixed,model2_fixed,固定 model2-B,experimental_auto_20260818_185011.jsonl,1787050228.146228,1787050248.146228,126,13.640377759933472,nan,10.94301759187819,10.94301759187819,-0.028297416543221415,0.0
fusion_fixed,model2_fixed,固定 model2-B,experimental_auto_20260818_185011.jsonl,1787050228.146228,1787050248.146228,127,13.743820190429688,nan,10.728293612502949,10.728293612502949,-0.03270504224472937,0.0
fusion_fixed,model2_fixed,固定 model2-B,experimental_auto_20260818_185011.jsonl,1787050228.146228,1787050248.146228,128,13.845484733581543,nan,10.587387373200386,10.587387373200386,-0.03361805763138311,0.0
fusion_fixed,model2_fixed,固定 model2-B,experimental_auto_20260818_185011.jsonl,1787050228.146228,1787050248.146228,129,13.99226999282837,nan,10.451874381775372,10.451874381775372,-0.03351787031097174,0.0
fusion_fixed,model2_fixed,固定 model2-B,experimental_auto_20260818_185011.jsonl,1787050228.146228,1787050248.146228,130,14.039570808410645,nan,10.378644455656627,10.378644455656627,-0.03206885323434191,0.0
fusion_fixed,model2_fixed,固定 model2-B,experimental_auto_20260818_185011.jsonl,1787050228.146228,1787050248.146228,131,14.142481803894043,nan,10.337672106865249,10.337672106865249,-0.02980279092364496,0.0
fusion_fixed,model2_fixed,固定 model2-B,experimental_auto_20260818_185011.jsonl,1787050228.146228,1787050248.146228,132,14.24523115158081,nan,10.326377238823515,10.326377238823515,-0.02744655631527524,0.0
fusion_fixed,model2_fixed,固定 model2-B,experimental_auto_20260818_185011.jsonl,1787050228.146228,1787050248.146228,133,14.393163919448853,nan,10.909528408258861,10.909528408258861,-0.0122733660702522,0.0
fusion_fixed,model2_fixed,固定 model2-B,experimental_auto_20260818_185011.jsonl,1787050228.146228,1787050248.146228,134,14.439915418624878,nan,11.406557158572806,11.406557158572806,-0.0030965536526038322,0.0
fusion_fixed,model2_fixed,固定 model2-B,experimental_auto_20260818_185011.jsonl,1787050228.146228,1787050248.146228,135,14.542418003082275,nan,11.790158782001491,11.790158782001491,0.0001860484164891412,0.0
fusion_fixed,model2_fixed,固定 model2-B,experimental_auto_20260818_185011.jsonl,1787050228.146228,1787050248.146228,136,14.644017457962036,nan,12.076608992912686,12.076608992912686,-0.0005084225479869454,0.0
fusion_fixed,model2_fixed,固定 model2-B,experimental_auto_20260818_185011.jsonl,1787050228.146228,1787050248.146228,137,14.791428327560425,nan,9.198390441698134,9.198390441698134,-0.07327903115963977,0.0
fusion_fixed,model2_fixed,固定 model2-B,experimental_auto_20260818_185011.jsonl,1787050228.146228,1787050248.146228,138,14.839991807937622,nan,6.892186676111867,6.892186676111867,-0.11451472727922649,0.0
fusion_fixed,model2_fixed,固定 model2-B,experimental_auto_20260818_185011.jsonl,1787050228.146228,1787050248.146228,139,14.9423246383667,nan,5.188023885019167,5.188023885019167,-0.1281481709925322,0.0
fusion_fixed,model2_fixed,固定 model2-B,experimental_auto_20260818_185011.jsonl,1787050228.146228,1787050248.146228,140,15.044275522232056,nan,4.042886158248105,4.042886158248105,-0.12191252506242446,0.0
fusion_fixed,model2_fixed,固定 model2-B,experimental_auto_20260818_185011.jsonl,1787050228.146228,1787050248.146228,141,15.196598529815674,nan,1.384150486225011,1.384150486225011,-0.14867727608231102,0.0
fusion_fixed,model2_fixed,固定 model2-B,experimental_auto_20260818_185011.jsonl,1787050228.146228,1787050248.146228,142,15.239157676696777,nan,-0.4781609565677747,0.4781609565677747,-0.1509084474004781,0.0
fusion_fixed,model2_fixed,固定 model2-B,experimental_auto_20260818_185011.jsonl,1787050228.146228,1787050248.146228,143,15.342163801193237,nan,-1.6399904310571478,1.6399904310571478,-0.133662008215319,0.0
fusion_fixed,model2_fixed,固定 model2-B,experimental_auto_20260818_185011.jsonl,1787050228.146228,1787050248.146228,144,15.444124937057495,nan,-2.258422624570433,2.258422624570433,-0.1063492331614092,0.0
fusion_fixed,model2_fixed,固定 model2-B,experimental_auto_20260818_185011.jsonl,1787050228.146228,1787050248.146228,145,15.592790842056274,nan,-3.791380623084739,3.791380623084739,-0.10603371492367611,0.0
fusion_fixed,model2_fixed,固定 model2-B,experimental_auto_20260818_185011.jsonl,1787050228.146228,1787050248.146228,146,15.639820098876953,nan,-4.781477038791227,4.781477038791227,-0.09308514390474579,0.0
fusion_fixed,model2_fixed,固定 model2-B,experimental_auto_20260818_185011.jsonl,1787050228.146228,1787050248.146228,147,15.742175579071045,nan,-5.331827683920642,5.331827683920642,-0.07274727328663176,0.0
fusion_fixed,model2_fixed,固定 model2-B,experimental_auto_20260818_185011.jsonl,1787050228.146228,1787050248.146228,148,15.844446897506714,nan,-5.565893608419947,5.565893608419947,-0.0502847215620006,0.0
fusion_fixed,model2_fixed,固定 model2-B,experimental_auto_20260818_185011.jsonl,1787050228.146228,1787050248.146228,149,16.046245336532593,nan,-6.348257112356848,6.348257112356848,-0.046104127937879186,0.0
fusion_fixed,model2_fixed,固定 model2-B,experimental_auto_20260818_185011.jsonl,1787050228.146228,1787050248.146228,150,16.14259433746338,nan,-6.823714330459074,6.823714330459074,-0.03665463060728054,0.0
fusion_fixed,model2_fixed,固定 model2-B,experimental_auto_20260818_185011.jsonl,1787050228.146228,1787050248.146228,151,16.245142459869385,nan,-7.0795942027356284,7.0795942027356284,-0.025015497841809686,0.0
fusion_fixed,model2_fixed,固定 model2-B,experimental_auto_20260818_185011.jsonl,1787050228.146228,1787050248.146228,152,16.392447233200073,nan,-6.852076771772097,6.852076771772097,-0.005746954352817586,0.0
fusion_fixed,model2_fixed,固定 model2-B,experimental_auto_20260818_185011.jsonl,1787050228.146228,1787050248.146228,153,16.44051718711853,nan,-6.5847200335826805,6.5847200335826805,0.009251078889563056,0.0
fusion_fixed,model2_fixed,固定 model2-B,experimental_auto_20260818_185011.jsonl,1787050228.146228,1787050248.146228,154,16.543681859970093,nan,-6.340561721605176,6.340561721605176,0.018593284443129892,0.0
fusion_fixed,model2_fixed,固定 model2-B,experimental_auto_20260818_185011.jsonl,1787050228.146228,1787050248.146228,155,16.69541072845459,nan,-6.144836551396948,6.144836551396948,0.023387724679617496,0.0
fusion_fixed,model2_fixed,固定 model2-B,experimental_auto_20260818_185011.jsonl,1787050228.146228,1787050248.146228,156,16.840517044067383,nan,-4.95231357712772,4.95231357712772,0.048631065473938674,0.0
fusion_fixed,model2_fixed,固定 model2-B,experimental_auto_20260818_185011.jsonl,1787050228.146228,1787050248.146228,157,16.994338989257812,nan,-4.055888597521062,4.055888597521062,0.05926610003390043,0.0
fusion_fixed,model2_fixed,固定 model2-B,experimental_auto_20260818_185011.jsonl,1787050228.146228,1787050248.146228,158,17.09643030166626,nan,-3.4299601205659114,3.4299601205659114,0.05943333475039024,0.0
fusion_fixed,model2_fixed,固定 model2-B,experimental_auto_20260818_185011.jsonl,1787050228.146228,1787050248.146228,159,17.242279291152954,nan,-2.197945329395967,2.197945329395967,0.07151088845501946,0.0
fusion_fixed,model2_fixed,固定 model2-B,experimental_auto_20260818_185011.jsonl,1787050228.146228,1787050248.146228,160,17.290833950042725,nan,-1.3328616998237508,1.3328616998237508,0.07264038130487993,0.0
fusion_fixed,model2_fixed,固定 model2-B,experimental_auto_20260818_185011.jsonl,1787050228.146228,1787050248.146228,161,17.39460039138794,nan,-0.8159445069091276,0.8159445069091276,0.06556937461068212,0.0
fusion_fixed,model2_fixed,固定 model2-B,experimental_auto_20260818_185011.jsonl,1787050228.146228,1787050248.146228,162,17.44159197807312,nan,-0.49074681517367047,0.49074681517367047,0.054094600493507526,0.0
fusion_fixed,model2_fixed,固定 model2-B,experimental_auto_20260818_185011.jsonl,1787050228.146228,1787050248.146228,163,17.643231868743896,nan,-0.05049392285968457,0.05049392285968457,0.04638901746420944,0.0
fusion_fixed,model2_fixed,固定 model2-B,experimental_auto_20260818_185011.jsonl,1787050228.146228,1787050248.146228,164,17.69077229499817,nan,0.17666467594151802,0.17666467594151802,0.03685313605145277,0.0
fusion_fixed,model2_fixed,固定 model2-B,experimental_auto_20260818_185011.jsonl,1787050228.146228,1787050248.146228,165,17.795263051986694,nan,0.2824957274005446,0.2824957274005446,0.026786022000201713,0.0
fusion_fixed,model2_fixed,固定 model2-B,experimental_auto_20260818_185011.jsonl,1787050228.146228,1787050248.146228,166,17.89242148399353,nan,0.30750835419156575,0.30750835419156575,0.017678833061356786,0.0
fusion_fixed,model2_fixed,固定 model2-B,experimental_auto_20260818_185011.jsonl,1787050228.146228,1787050248.146228,167,18.042612552642822,nan,0.17843637412344737,0.17843637412344737,0.007705383844291841,0.0
fusion_fixed,model2_fixed,固定 model2-B,experimental_auto_20260818_185011.jsonl,1787050228.146228,1787050248.146228,168,18.09129238128662,nan,0.04388078440589194,0.04388078440589194,0.0005957662424169417,0.0
fusion_fixed,model2_fixed,固定 model2-B,experimental_auto_20260818_185011.jsonl,1787050228.146228,1787050248.146228,169,18.194419145584106,nan,-0.05551183147981531,0.05551183147981531,-0.0034350485166649786,0.0
fusion_fixed,model2_fixed,固定 model2-B,experimental_auto_20260818_185011.jsonl,1787050228.146228,1787050248.146228,170,18.296303510665894,nan,-0.12947148256637897,0.12947148256637897,-0.0049390093924711635,0.0
fusion_fixed,model2_fixed,固定 model2-B,experimental_auto_20260818_185011.jsonl,1787050228.146228,1787050248.146228,171,18.439696311950684,nan,-0.7972577218203769,0.7972577218203769,-0.01959058555854725,0.0
fusion_fixed,model2_fixed,固定 model2-B,experimental_auto_20260818_185011.jsonl,1787050228.146228,1787050248.146228,172,18.490881204605103,nan,-1.323153841861402,1.323153841861402,-0.026517286547457546,0.0
fusion_fixed,model2_fixed,固定 model2-B,experimental_auto_20260818_185011.jsonl,1787050228.146228,1787050248.146228,173,18.595332145690918,nan,-1.69476430435207,1.69476430435207,-0.026809646473784025,0.0
fusion_fixed,model2_fixed,固定 model2-B,experimental_auto_20260818_185011.jsonl,1787050228.146228,1787050248.146228,174,18.69617795944214,nan,-1.9270189470197652,1.9270189470197652,-0.023243027668148952,0.0
fusion_fixed,model2_fixed,固定 model2-B,experimental_auto_20260818_185011.jsonl,1787050228.146228,1787050248.146228,175,18.84193181991577,nan,-2.276697309053488,2.276697309053488,-0.023256617954123614,0.0
fusion_fixed,model2_fixed,固定 model2-B,experimental_auto_20260818_185011.jsonl,1787050228.146228,1787050248.146228,176,18.890788555145264,nan,-2.5046836608342837,2.5046836608342837,-0.019804404848141763,0.0
fusion_fixed,model2_fixed,固定 model2-B,experimental_auto_20260818_185011.jsonl,1787050228.146228,1787050248.146228,177,18.99522590637207,nan,-2.630354115658129,2.630354115658129,-0.014448090146074925,0.0
fusion_fixed,model2_fixed,固定 model2-B,experimental_auto_20260818_185011.jsonl,1787050228.146228,1787050248.146228,178,19.095770120620728,nan,-2.676047326830333,2.676047326830333,-0.009058911378299494,0.0
fusion_fixed,model2_fixed,固定 model2-B,experimental_auto_20260818_185011.jsonl,1787050228.146228,1787050248.146228,179,19.242138862609863,nan,-2.9277471203142613,2.9277471203142613,-0.010173469008283666,0.0
fusion_fixed,model2_fixed,固定 model2-B,experimental_auto_20260818_185011.jsonl,1787050228.146228,1787050248.146228,180,19.290457487106323,nan,-3.100398860558373,3.100398860558373,-0.00903384281333075,0.0
fusion_fixed,model2_fixed,固定 model2-B,experimental_auto_20260818_185011.jsonl,1787050228.146228,1787050248.146228,181,19.394569635391235,nan,-3.206487791335,3.206487791335,-0.006633389539880781,0.0
fusion_fixed,model2_fixed,固定 model2-B,experimental_auto_20260818_185011.jsonl,1787050228.146228,1787050248.146228,182,19.496421575546265,nan,-3.2706818705334095,3.2706818705334095,-0.003339476519143072,0.0
fusion_fixed,model2_fixed,固定 model2-B,experimental_auto_20260818_185011.jsonl,1787050228.146228,1787050248.146228,183,19.6416757106781,nan,-2.4264668340761575,2.4264668340761575,0.0190756297180745,0.0
fusion_fixed,model2_fixed,固定 model2-B,experimental_auto_20260818_185011.jsonl,1787050228.146228,1787050248.146228,184,19.69112801551819,nan,-1.745350903703391,1.745350903703391,0.03217863495258431,0.0
fusion_fixed,model2_fixed,固定 model2-B,experimental_auto_20260818_185011.jsonl,1787050228.146228,1787050248.146228,185,19.792867422103882,nan,-1.2341182653423655,1.2341182653423655,0.0367372980062835,0.0
fusion_fixed,model2_fixed,固定 model2-B,experimental_auto_20260818_185011.jsonl,1787050228.146228,1787050248.146228,186,19.894882440567017,nan,-0.8862974579180061,0.8862974579180061,0.03518958462395556,0.0
